# Made in Blockbench 5.0.4
mtllib brick_wall 3x4.mtl

o cube
v -11.25 0.75 -0.09375
v -12 0.75 -0.09375
v -12 1.3125 -0.09375
v -11.25 1.3125 -0.09375
v -11.25 0.75 0.09375
v -11.25 1.3125 0.09375
v -12 0.75 0.09375
v -12 1.3125 0.09375
vt 0.5381774902343751 0.7992782592773438
vt 0.5850524902343751 0.7992782592773438
vt 0.5850524902343751 0.8344345092773438
vt 0.5381774902343751 0.8344345092773438
vt 0.146484375 0.2802734375
vt 0.158203125 0.2802734375
vt 0.158203125 0.3154296875
vt 0.146484375 0.3154296875
vt 0.263671875 0.8544921875
vt 0.310546875 0.8544921875
vt 0.310546875 0.8896484375
vt 0.263671875 0.8896484375
vt 0.158203125 0.2802734375
vt 0.169921875 0.2802734375
vt 0.169921875 0.3154296875
vt 0.158203125 0.3154296875
vt 0.357421875 0.6904296875
vt 0.310546875 0.6904296875
vt 0.310546875 0.6787109375
vt 0.357421875 0.6787109375
vt 0.357421875 0.6669921875
vt 0.310546875 0.6669921875
vt 0.310546875 0.6787109375
vt 0.357421875 0.6787109375
vn 0 0 -1
vn 1 0 0
vn 0 0 1
vn -1 0 0
vn 0 1 0
vn 0 -1 0
usemtl m_7c4fd87a-d0f1-9ad7-7479-aa72dea38889
f 1/1/1 2/2/1 3/3/1 4/4/1
f 5/5/2 1/6/2 4/7/2 6/8/2
f 7/9/3 5/10/3 6/11/3 8/12/3
f 2/13/4 7/14/4 8/15/4 3/16/4
f 8/17/5 6/18/5 4/19/5 3/20/5
f 2/21/6 1/22/6 5/23/6 7/24/6
o cube
v -7.5 0 -0.09375
v -8.8125 0 -0.09375
v -8.8125 0.5625 -0.09375
v -7.5 0.5625 -0.09375
v -7.5 0 0.09375
v -7.5 0.5625 0.09375
v -8.8125 0 0.09375
v -8.8125 0.5625 0.09375
vt 0.401592254638672 0.9403152465820312
vt 0.483623504638672 0.9403152465820312
vt 0.483623504638672 0.9754714965820312
vt 0.401592254638672 0.9754714965820312
vt 0.205078125 0.2919921875
vt 0.216796875 0.2919921875
vt 0.216796875 0.3271484375
vt 0.205078125 0.3271484375
vt 0.017578125 0.9248046875
vt 0.099609375 0.9248046875
vt 0.099609375 0.9599609375
vt 0.017578125 0.9599609375
vt 0.216796875 0.2919921875
vt 0.228515625 0.2919921875
vt 0.228515625 0.3271484375
vt 0.216796875 0.3271484375
vt 0.099609375 0.3623046875
vt 0.017578125 0.3623046875
vt 0.017578125 0.3505859375
vt 0.099609375 0.3505859375
vt 0.181640625 0.3505859375
vt 0.099609375 0.3505859375
vt 0.099609375 0.3623046875
vt 0.181640625 0.3623046875
vn 0 0 -1
vn 1 0 0
vn 0 0 1
vn -1 0 0
vn 0 1 0
vn 0 -1 0
usemtl m_7c4fd87a-d0f1-9ad7-7479-aa72dea38889
f 9/25/7 10/26/7 11/27/7 12/28/7
f 13/29/8 9/30/8 12/31/8 14/32/8
f 15/33/9 13/34/9 14/35/9 16/36/9
f 10/37/10 15/38/10 16/39/10 11/40/10
f 16/41/11 14/42/11 12/43/11 11/44/11
f 10/45/12 9/46/12 13/47/12 15/48/12
o cube
v -6 0 -0.09375
v -7.3125 0 -0.09375
v -7.3125 0.5625 -0.09375
v -6 0.5625 -0.09375
v -6 0 0.09375
v -6 0.5625 0.09375
v -7.3125 0 0.09375
v -7.3125 0.5625 0.09375
vt 0.401592254638672 0.7992782592773438
vt 0.483623504638672 0.7992782592773438
vt 0.483623504638672 0.8344345092773438
vt 0.401592254638672 0.8344345092773438
vt 0.228515625 0.2919921875
vt 0.240234375 0.2919921875
vt 0.240234375 0.3271484375
vt 0.228515625 0.3271484375
vt 0.017578125 0.8544921875
vt 0.099609375 0.8544921875
vt 0.099609375 0.8896484375
vt 0.017578125 0.8896484375
vt 0.240234375 0.2919921875
vt 0.251953125 0.2919921875
vt 0.251953125 0.3271484375
vt 0.240234375 0.3271484375
vt 0.263671875 0.3623046875
vt 0.181640625 0.3623046875
vt 0.181640625 0.3505859375
vt 0.263671875 0.3505859375
vt 0.345703125 0.3505859375
vt 0.263671875 0.3505859375
vt 0.263671875 0.3623046875
vt 0.345703125 0.3623046875
vn 0 0 -1
vn 1 0 0
vn 0 0 1
vn -1 0 0
vn 0 1 0
vn 0 -1 0
usemtl m_7c4fd87a-d0f1-9ad7-7479-aa72dea38889
f 17/49/13 18/50/13 19/51/13 20/52/13
f 21/53/14 17/54/14 20/55/14 22/56/14
f 23/57/15 21/58/15 22/59/15 24/60/15
f 18/61/16 23/62/16 24/63/16 19/64/16
f 24/65/17 22/66/17 20/67/17 19/68/17
f 18/69/18 17/70/18 21/71/18 23/72/18
o cube
v -9 0 -0.09375
v -10.3125 0 -0.09375
v -10.3125 0.5625 -0.09375
v -9 0.5625 -0.09375
v -9 0 0.09375
v -9 0.5625 0.09375
v -10.3125 0 0.09375
v -10.3125 0.5625 0.09375
vt 0.401592254638672 0.6582412719726562
vt 0.483623504638672 0.6582412719726562
vt 0.483623504638672 0.6933975219726562
vt 0.401592254638672 0.6933975219726562
vt 0.251953125 0.2919921875
vt 0.263671875 0.2919921875
vt 0.263671875 0.3271484375
vt 0.251953125 0.3271484375
vt 0.017578125 0.7841796875
vt 0.099609375 0.7841796875
vt 0.099609375 0.8193359375
vt 0.017578125 0.8193359375
vt 0.263671875 0.2919921875
vt 0.275390625 0.2919921875
vt 0.275390625 0.3271484375
vt 0.263671875 0.3271484375
vt 0.099609375 0.3505859375
vt 0.017578125 0.3505859375
vt 0.017578125 0.3388671875
vt 0.099609375 0.3388671875
vt 0.181640625 0.3388671875
vt 0.099609375 0.3388671875
vt 0.099609375 0.3505859375
vt 0.181640625 0.3505859375
vn 0 0 -1
vn 1 0 0
vn 0 0 1
vn -1 0 0
vn 0 1 0
vn 0 -1 0
usemtl m_7c4fd87a-d0f1-9ad7-7479-aa72dea38889
f 25/73/19 26/74/19 27/75/19 28/76/19
f 29/77/20 25/78/20 28/79/20 30/80/20
f 31/81/21 29/82/21 30/83/21 32/84/21
f 26/85/22 31/86/22 32/87/22 27/88/22
f 32/89/23 30/90/23 28/91/23 27/92/23
f 26/93/24 25/94/24 29/95/24 31/96/24
o cube
v -9.75 0.75 -0.09375
v -11.0625 0.75 -0.09375
v -11.0625 1.3125 -0.09375
v -9.75 1.3125 -0.09375
v -9.75 0.75 0.09375
v -9.75 1.3125 0.09375
v -11.0625 0.75 0.09375
v -11.0625 1.3125 0.09375
vt 0.401592254638672 0.5172042846679688
vt 0.483623504638672 0.5172042846679688
vt 0.483623504638672 0.5523605346679688
vt 0.401592254638672 0.5523605346679688
vt 0.275390625 0.2919921875
vt 0.287109375 0.2919921875
vt 0.287109375 0.3271484375
vt 0.275390625 0.3271484375
vt 0.017578125 0.7138671875
vt 0.099609375 0.7138671875
vt 0.099609375 0.7490234375
vt 0.017578125 0.7490234375
vt 0.287109375 0.2919921875
vt 0.298828125 0.2919921875
vt 0.298828125 0.3271484375
vt 0.287109375 0.3271484375
vt 0.263671875 0.3505859375
vt 0.181640625 0.3505859375
vt 0.181640625 0.3388671875
vt 0.263671875 0.3388671875
vt 0.345703125 0.3388671875
vt 0.263671875 0.3388671875
vt 0.263671875 0.3505859375
vt 0.345703125 0.3505859375
vn 0 0 -1
vn 1 0 0
vn 0 0 1
vn -1 0 0
vn 0 1 0
vn 0 -1 0
usemtl m_7c4fd87a-d0f1-9ad7-7479-aa72dea38889
f 33/97/25 34/98/25 35/99/25 36/100/25
f 37/101/26 33/102/26 36/103/26 38/104/26
f 39/105/27 37/106/27 38/107/27 40/108/27
f 34/109/28 39/110/28 40/111/28 35/112/28
f 40/113/29 38/114/29 36/115/29 35/116/29
f 34/117/30 33/118/30 37/119/30 39/120/30
o cube
v -10.5 0 -0.09375
v -11.8125 0 -0.09375
v -11.8125 0.5625 -0.09375
v -10.5 0.5625 -0.09375
v -10.5 0 0.09375
v -10.5 0.5625 0.09375
v -11.8125 0 0.09375
v -11.8125 0.5625 0.09375
vt 0.401592254638672 0.37616729736328125
vt 0.483623504638672 0.37616729736328125
vt 0.483623504638672 0.41132354736328125
vt 0.401592254638672 0.41132354736328125
vt 0.298828125 0.2919921875
vt 0.310546875 0.2919921875
vt 0.310546875 0.3271484375
vt 0.298828125 0.3271484375
vt 0.017578125 0.6435546875
vt 0.099609375 0.6435546875
vt 0.099609375 0.6787109375
vt 0.017578125 0.6787109375
vt 0.310546875 0.2919921875
vt 0.322265625 0.2919921875
vt 0.322265625 0.3271484375
vt 0.310546875 0.3271484375
vt 0.380859375 0.6435546875
vt 0.298828125 0.6435546875
vt 0.298828125 0.6318359375
vt 0.380859375 0.6318359375
vt 0.380859375 0.6201171875
vt 0.298828125 0.6201171875
vt 0.298828125 0.6318359375
vt 0.380859375 0.6318359375
vn 0 0 -1
vn 1 0 0
vn 0 0 1
vn -1 0 0
vn 0 1 0
vn 0 -1 0
usemtl m_7c4fd87a-d0f1-9ad7-7479-aa72dea38889
f 41/121/31 42/122/31 43/123/31 44/124/31
f 45/125/32 41/126/32 44/127/32 46/128/32
f 47/129/33 45/130/33 46/131/33 48/132/33
f 42/133/34 47/134/34 48/135/34 43/136/34
f 48/137/35 46/138/35 44/139/35 43/140/35
f 42/141/36 41/142/36 45/143/36 47/144/36
o cube
v -8.25 0.75 -0.09375
v -9.5625 0.75 -0.09375
v -9.5625 1.3125 -0.09375
v -8.25 1.3125 -0.09375
v -8.25 0.75 0.09375
v -8.25 1.3125 0.09375
v -9.5625 0.75 0.09375
v -9.5625 1.3125 0.09375
vt 0.401592254638672 0.23513031005859375
vt 0.483623504638672 0.23513031005859375
vt 0.483623504638672 0.27028656005859375
vt 0.401592254638672 0.27028656005859375
vt 0.322265625 0.2919921875
vt 0.333984375 0.2919921875
vt 0.333984375 0.3271484375
vt 0.322265625 0.3271484375
vt 0.017578125 0.5732421875
vt 0.099609375 0.5732421875
vt 0.099609375 0.6083984375
vt 0.017578125 0.6083984375
vt 0.017578125 0.2802734375
vt 0.029296875 0.2802734375
vt 0.029296875 0.3154296875
vt 0.017578125 0.3154296875
vt 0.380859375 0.6201171875
vt 0.298828125 0.6201171875
vt 0.298828125 0.6083984375
vt 0.380859375 0.6083984375
vt 0.380859375 0.5966796875
vt 0.298828125 0.5966796875
vt 0.298828125 0.6083984375
vt 0.380859375 0.6083984375
vn 0 0 -1
vn 1 0 0
vn 0 0 1
vn -1 0 0
vn 0 1 0
vn 0 -1 0
usemtl m_7c4fd87a-d0f1-9ad7-7479-aa72dea38889
f 49/145/37 50/146/37 51/147/37 52/148/37
f 53/149/38 49/150/38 52/151/38 54/152/38
f 55/153/39 53/154/39 54/155/39 56/156/39
f 50/157/40 55/158/40 56/159/40 51/160/40
f 56/161/41 54/162/41 52/163/41 51/164/41
f 50/165/42 49/166/42 53/167/42 55/168/42
o cube
v -6.75 0.75 -0.09375
v -8.0625 0.75 -0.09375
v -8.0625 1.3125 -0.09375
v -6.75 1.3125 -0.09375
v -6.75 0.75 0.09375
v -6.75 1.3125 0.09375
v -8.0625 0.75 0.09375
v -8.0625 1.3125 0.09375
vt 0.401592254638672 0.09409332275390625
vt 0.483623504638672 0.09409332275390625
vt 0.483623504638672 0.12924957275390625
vt 0.401592254638672 0.12924957275390625
vt 0.029296875 0.2802734375
vt 0.041015625 0.2802734375
vt 0.041015625 0.3154296875
vt 0.029296875 0.3154296875
vt 0.099609375 0.9599609375
vt 0.181640625 0.9599609375
vt 0.181640625 0.9951171875
vt 0.099609375 0.9951171875
vt 0.041015625 0.2802734375
vt 0.052734375 0.2802734375
vt 0.052734375 0.3154296875
vt 0.041015625 0.3154296875
vt 0.380859375 0.5966796875
vt 0.298828125 0.5966796875
vt 0.298828125 0.5849609375
vt 0.380859375 0.5849609375
vt 0.380859375 0.5732421875
vt 0.298828125 0.5732421875
vt 0.298828125 0.5849609375
vt 0.380859375 0.5849609375
vn 0 0 -1
vn 1 0 0
vn 0 0 1
vn -1 0 0
vn 0 1 0
vn 0 -1 0
usemtl m_7c4fd87a-d0f1-9ad7-7479-aa72dea38889
f 57/169/43 58/170/43 59/171/43 60/172/43
f 61/173/44 57/174/44 60/175/44 62/176/44
f 63/177/45 61/178/45 62/179/45 64/180/45
f 58/181/46 63/182/46 64/183/46 59/184/46
f 64/185/47 62/186/47 60/187/47 59/188/47
f 58/189/48 57/190/48 61/191/48 63/192/48
o cube
v -6 0.75 -0.09375
v -6.5625 0.75 -0.09375
v -6.5625 1.3125 -0.09375
v -6 1.3125 -0.09375
v -6 0.75 0.09375
v -6 1.3125 0.09375
v -6.5625 0.75 0.09375
v -6.5625 1.3125 0.09375
vt 0.5615921020507814 0.23513031005859375
vt 0.5967483520507814 0.23513031005859375
vt 0.5967483520507814 0.27028656005859375
vt 0.5615921020507814 0.27028656005859375
vt 0.052734375 0.2802734375
vt 0.064453125 0.2802734375
vt 0.064453125 0.3154296875
vt 0.052734375 0.3154296875
vt 0.263671875 0.5732421875
vt 0.298828125 0.5732421875
vt 0.298828125 0.6083984375
vt 0.263671875 0.6083984375
vt 0.064453125 0.2802734375
vt 0.076171875 0.2802734375
vt 0.076171875 0.3154296875
vt 0.064453125 0.3154296875
vt 0.111328125 0.3154296875
vt 0.076171875 0.3154296875
vt 0.076171875 0.3037109375
vt 0.111328125 0.3037109375
vt 0.146484375 0.3037109375
vt 0.111328125 0.3037109375
vt 0.111328125 0.3154296875
vt 0.146484375 0.3154296875
vn 0 0 -1
vn 1 0 0
vn 0 0 1
vn -1 0 0
vn 0 1 0
vn 0 -1 0
usemtl m_7c4fd87a-d0f1-9ad7-7479-aa72dea38889
f 65/193/49 66/194/49 67/195/49 68/196/49
f 69/197/50 65/198/50 68/199/50 70/200/50
f 71/201/51 69/202/51 70/203/51 72/204/51
f 66/205/52 71/206/52 72/207/52 67/208/52
f 72/209/53 70/210/53 68/211/53 67/212/53
f 66/213/54 65/214/54 69/215/54 71/216/54
o cube
v -6 1.5 -0.09375
v -7.3125 1.5 -0.09375
v -7.3125 2.0625 -0.09375
v -6 2.0625 -0.09375
v -6 1.5 0.09375
v -6 2.0625 0.09375
v -7.3125 1.5 0.09375
v -7.3125 2.0625 0.09375
vt 0.46793365478515636 0.8697967529296875
vt 0.5499649047851564 0.8697967529296875
vt 0.5499649047851564 0.9049530029296875
vt 0.46793365478515636 0.9049530029296875
vt 0.169921875 0.2802734375
vt 0.181640625 0.2802734375
vt 0.181640625 0.3154296875
vt 0.169921875 0.3154296875
vt 0.099609375 0.8896484375
vt 0.181640625 0.8896484375
vt 0.181640625 0.9248046875
vt 0.099609375 0.9248046875
vt 0.181640625 0.2802734375
vt 0.193359375 0.2802734375
vt 0.193359375 0.3154296875
vt 0.181640625 0.3154296875
vt 0.380859375 0.5732421875
vt 0.298828125 0.5732421875
vt 0.298828125 0.5615234375
vt 0.380859375 0.5615234375
vt 0.380859375 0.5498046875
vt 0.298828125 0.5498046875
vt 0.298828125 0.5615234375
vt 0.380859375 0.5615234375
vn 0 0 -1
vn 1 0 0
vn 0 0 1
vn -1 0 0
vn 0 1 0
vn 0 -1 0
usemtl m_7c4fd87a-d0f1-9ad7-7479-aa72dea38889
f 73/217/55 74/218/55 75/219/55 76/220/55
f 77/221/56 73/222/56 76/223/56 78/224/56
f 79/225/57 77/226/57 78/227/57 80/228/57
f 74/229/58 79/230/58 80/231/58 75/232/58
f 80/233/59 78/234/59 76/235/59 75/236/59
f 74/237/60 73/238/60 77/239/60 79/240/60
o cube
v -7.5 1.5 -0.09375
v -8.8125 1.5 -0.09375
v -8.8125 2.0625 -0.09375
v -7.5 2.0625 -0.09375
v -7.5 1.5 0.09375
v -7.5 2.0625 0.09375
v -8.8125 1.5 0.09375
v -8.8125 2.0625 0.09375
vt 0.46793365478515636 0.728759765625
vt 0.5499649047851564 0.728759765625
vt 0.5499649047851564 0.763916015625
vt 0.46793365478515636 0.763916015625
vt 0.193359375 0.2802734375
vt 0.205078125 0.2802734375
vt 0.205078125 0.3154296875
vt 0.193359375 0.3154296875
vt 0.099609375 0.8193359375
vt 0.181640625 0.8193359375
vt 0.181640625 0.8544921875
vt 0.099609375 0.8544921875
vt 0.333984375 0.2919921875
vt 0.345703125 0.2919921875
vt 0.345703125 0.3271484375
vt 0.333984375 0.3271484375
vt 0.380859375 0.5498046875
vt 0.298828125 0.5498046875
vt 0.298828125 0.5380859375
vt 0.380859375 0.5380859375
vt 0.380859375 0.5263671875
vt 0.298828125 0.5263671875
vt 0.298828125 0.5380859375
vt 0.380859375 0.5380859375
vn 0 0 -1
vn 1 0 0
vn 0 0 1
vn -1 0 0
vn 0 1 0
vn 0 -1 0
usemtl m_7c4fd87a-d0f1-9ad7-7479-aa72dea38889
f 81/241/61 82/242/61 83/243/61 84/244/61
f 85/245/62 81/246/62 84/247/62 86/248/62
f 87/249/63 85/250/63 86/251/63 88/252/63
f 82/253/64 87/254/64 88/255/64 83/256/64
f 88/257/65 86/258/65 84/259/65 83/260/65
f 82/261/66 81/262/66 85/263/66 87/264/66
o cube
v -9 1.5 -0.09375
v -10.3125 1.5 -0.09375
v -10.3125 2.0625 -0.09375
v -9 2.0625 -0.09375
v -9 1.5 0.09375
v -9 2.0625 0.09375
v -10.3125 1.5 0.09375
v -10.3125 2.0625 0.09375
vt 0.46793365478515636 0.5877227783203125
vt 0.5499649047851564 0.5877227783203125
vt 0.5499649047851564 0.6228790283203125
vt 0.46793365478515636 0.6228790283203125
vt 0.076171875 0.2685546875
vt 0.087890625 0.2685546875
vt 0.087890625 0.3037109375
vt 0.076171875 0.3037109375
vt 0.099609375 0.7490234375
vt 0.181640625 0.7490234375
vt 0.181640625 0.7841796875
vt 0.099609375 0.7841796875
vt 0.087890625 0.2685546875
vt 0.099609375 0.2685546875
vt 0.099609375 0.3037109375
vt 0.087890625 0.3037109375
vt 0.380859375 0.5263671875
vt 0.298828125 0.5263671875
vt 0.298828125 0.5146484375
vt 0.380859375 0.5146484375
vt 0.380859375 0.5029296875
vt 0.298828125 0.5029296875
vt 0.298828125 0.5146484375
vt 0.380859375 0.5146484375
vn 0 0 -1
vn 1 0 0
vn 0 0 1
vn -1 0 0
vn 0 1 0
vn 0 -1 0
usemtl m_7c4fd87a-d0f1-9ad7-7479-aa72dea38889
f 89/265/67 90/266/67 91/267/67 92/268/67
f 93/269/68 89/270/68 92/271/68 94/272/68
f 95/273/69 93/274/69 94/275/69 96/276/69
f 90/277/70 95/278/70 96/279/70 91/280/70
f 96/281/71 94/282/71 92/283/71 91/284/71
f 90/285/72 89/286/72 93/287/72 95/288/72
o cube
v -10.5 1.5 -0.09375
v -11.8125 1.5 -0.09375
v -11.8125 2.0625 -0.09375
v -10.5 2.0625 -0.09375
v -10.5 1.5 0.09375
v -10.5 2.0625 0.09375
v -11.8125 1.5 0.09375
v -11.8125 2.0625 0.09375
vt 0.46793365478515636 0.446685791015625
vt 0.5499649047851564 0.446685791015625
vt 0.5499649047851564 0.481842041015625
vt 0.46793365478515636 0.481842041015625
vt 0.099609375 0.2685546875
vt 0.111328125 0.2685546875
vt 0.111328125 0.3037109375
vt 0.099609375 0.3037109375
vt 0.099609375 0.6787109375
vt 0.181640625 0.6787109375
vt 0.181640625 0.7138671875
vt 0.099609375 0.7138671875
vt 0.111328125 0.2685546875
vt 0.123046875 0.2685546875
vt 0.123046875 0.3037109375
vt 0.111328125 0.3037109375
vt 0.380859375 0.5029296875
vt 0.298828125 0.5029296875
vt 0.298828125 0.4912109375
vt 0.380859375 0.4912109375
vt 0.380859375 0.4794921875
vt 0.298828125 0.4794921875
vt 0.298828125 0.4912109375
vt 0.380859375 0.4912109375
vn 0 0 -1
vn 1 0 0
vn 0 0 1
vn -1 0 0
vn 0 1 0
vn 0 -1 0
usemtl m_7c4fd87a-d0f1-9ad7-7479-aa72dea38889
f 97/289/73 98/290/73 99/291/73 100/292/73
f 101/293/74 97/294/74 100/295/74 102/296/74
f 103/297/75 101/298/75 102/299/75 104/300/75
f 98/301/76 103/302/76 104/303/76 99/304/76
f 104/305/77 102/306/77 100/307/77 99/308/77
f 98/309/78 97/310/78 101/311/78 103/312/78
o cube
v -11.25 2.25 -0.09375
v -12 2.25 -0.09375
v -12 2.8125 -0.09375
v -11.25 2.8125 -0.09375
v -11.25 2.25 0.09375
v -11.25 2.8125 0.09375
v -12 2.25 0.09375
v -12 2.8125 0.09375
vt 0.5381774902343751 0.6582412719726562
vt 0.5850524902343751 0.6582412719726562
vt 0.5850524902343751 0.6933975219726562
vt 0.5381774902343751 0.6933975219726562
vt 0.123046875 0.2685546875
vt 0.134765625 0.2685546875
vt 0.134765625 0.3037109375
vt 0.123046875 0.3037109375
vt 0.263671875 0.7841796875
vt 0.310546875 0.7841796875
vt 0.310546875 0.8193359375
vt 0.263671875 0.8193359375
vt 0.134765625 0.2685546875
vt 0.146484375 0.2685546875
vt 0.146484375 0.3037109375
vt 0.134765625 0.3037109375
vt 0.357421875 0.6669921875
vt 0.310546875 0.6669921875
vt 0.310546875 0.6552734375
vt 0.357421875 0.6552734375
vt 0.357421875 0.6435546875
vt 0.310546875 0.6435546875
vt 0.310546875 0.6552734375
vt 0.357421875 0.6552734375
vn 0 0 -1
vn 1 0 0
vn 0 0 1
vn -1 0 0
vn 0 1 0
vn 0 -1 0
usemtl m_7c4fd87a-d0f1-9ad7-7479-aa72dea38889
f 105/313/79 106/314/79 107/315/79 108/316/79
f 109/317/80 105/318/80 108/319/80 110/320/80
f 111/321/81 109/322/81 110/323/81 112/324/81
f 106/325/82 111/326/82 112/327/82 107/328/82
f 112/329/83 110/330/83 108/331/83 107/332/83
f 106/333/84 105/334/84 109/335/84 111/336/84
o cube
v -9.75 2.25 -0.09375
v -11.0625 2.25 -0.09375
v -11.0625 2.8125 -0.09375
v -9.75 2.8125 -0.09375
v -9.75 2.25 0.09375
v -9.75 2.8125 0.09375
v -11.0625 2.25 0.09375
v -11.0625 2.8125 0.09375
vt 0.46793365478515636 0.3056488037109375
vt 0.5499649047851564 0.3056488037109375
vt 0.5499649047851564 0.3408050537109375
vt 0.46793365478515636 0.3408050537109375
vt 0.345703125 0.9599609375
vt 0.357421875 0.9599609375
vt 0.357421875 0.9951171875
vt 0.345703125 0.9951171875
vt 0.099609375 0.6083984375
vt 0.181640625 0.6083984375
vt 0.181640625 0.6435546875
vt 0.099609375 0.6435546875
vt 0.345703125 0.9248046875
vt 0.357421875 0.9248046875
vt 0.357421875 0.9599609375
vt 0.345703125 0.9599609375
vt 0.380859375 0.4794921875
vt 0.298828125 0.4794921875
vt 0.298828125 0.4677734375
vt 0.380859375 0.4677734375
vt 0.380859375 0.4560546875
vt 0.298828125 0.4560546875
vt 0.298828125 0.4677734375
vt 0.380859375 0.4677734375
vn 0 0 -1
vn 1 0 0
vn 0 0 1
vn -1 0 0
vn 0 1 0
vn 0 -1 0
usemtl m_7c4fd87a-d0f1-9ad7-7479-aa72dea38889
f 113/337/85 114/338/85 115/339/85 116/340/85
f 117/341/86 113/342/86 116/343/86 118/344/86
f 119/345/87 117/346/87 118/347/87 120/348/87
f 114/349/88 119/350/88 120/351/88 115/352/88
f 120/353/89 118/354/89 116/355/89 115/356/89
f 114/357/90 113/358/90 117/359/90 119/360/90
o cube
v -8.25 2.25 -0.09375
v -9.5625 2.25 -0.09375
v -9.5625 2.8125 -0.09375
v -8.25 2.8125 -0.09375
v -8.25 2.25 0.09375
v -8.25 2.8125 0.09375
v -9.5625 2.25 0.09375
v -9.5625 2.8125 0.09375
vt 0.46793365478515636 0.16461181640625
vt 0.5499649047851564 0.16461181640625
vt 0.5499649047851564 0.19976806640625
vt 0.46793365478515636 0.19976806640625
vt 0.345703125 0.3271484375
vt 0.357421875 0.3271484375
vt 0.357421875 0.3623046875
vt 0.345703125 0.3623046875
vt 0.099609375 0.5380859375
vt 0.181640625 0.5380859375
vt 0.181640625 0.5732421875
vt 0.099609375 0.5732421875
vt 0.345703125 0.2919921875
vt 0.357421875 0.2919921875
vt 0.357421875 0.3271484375
vt 0.345703125 0.3271484375
vt 0.380859375 0.4560546875
vt 0.298828125 0.4560546875
vt 0.298828125 0.4443359375
vt 0.380859375 0.4443359375
vt 0.380859375 0.4326171875
vt 0.298828125 0.4326171875
vt 0.298828125 0.4443359375
vt 0.380859375 0.4443359375
vn 0 0 -1
vn 1 0 0
vn 0 0 1
vn -1 0 0
vn 0 1 0
vn 0 -1 0
usemtl m_7c4fd87a-d0f1-9ad7-7479-aa72dea38889
f 121/361/91 122/362/91 123/363/91 124/364/91
f 125/365/92 121/366/92 124/367/92 126/368/92
f 127/369/93 125/370/93 126/371/93 128/372/93
f 122/373/94 127/374/94 128/375/94 123/376/94
f 128/377/95 126/378/95 124/379/95 123/380/95
f 122/381/96 121/382/96 125/383/96 127/384/96
o cube
v -6.75 2.25 -0.09375
v -8.0625 2.25 -0.09375
v -8.0625 2.8125 -0.09375
v -6.75 2.8125 -0.09375
v -6.75 2.25 0.09375
v -6.75 2.8125 0.09375
v -8.0625 2.25 0.09375
v -8.0625 2.8125 0.09375
vt 0.401592254638672 0.04708099365234375
vt 0.483623504638672 0.04708099365234375
vt 0.483623504638672 0.08223724365234375
vt 0.401592254638672 0.08223724365234375
vt 0.205078125 0.2568359375
vt 0.216796875 0.2568359375
vt 0.216796875 0.2919921875
vt 0.205078125 0.2919921875
vt 0.099609375 0.5029296875
vt 0.181640625 0.5029296875
vt 0.181640625 0.5380859375
vt 0.099609375 0.5380859375
vt 0.216796875 0.2568359375
vt 0.228515625 0.2568359375
vt 0.228515625 0.2919921875
vt 0.216796875 0.2919921875
vt 0.380859375 0.4326171875
vt 0.298828125 0.4326171875
vt 0.298828125 0.4208984375
vt 0.380859375 0.4208984375
vt 0.380859375 0.4091796875
vt 0.298828125 0.4091796875
vt 0.298828125 0.4208984375
vt 0.380859375 0.4208984375
vn 0 0 -1
vn 1 0 0
vn 0 0 1
vn -1 0 0
vn 0 1 0
vn 0 -1 0
usemtl m_7c4fd87a-d0f1-9ad7-7479-aa72dea38889
f 129/385/97 130/386/97 131/387/97 132/388/97
f 133/389/98 129/390/98 132/391/98 134/392/98
f 135/393/99 133/394/99 134/395/99 136/396/99
f 130/397/100 135/398/100 136/399/100 131/400/100
f 136/401/101 134/402/101 132/403/101 131/404/101
f 130/405/102 129/406/102 133/407/102 135/408/102
o cube
v -6 2.25 -0.09375
v -6.5625 2.25 -0.09375
v -6.5625 2.8125 -0.09375
v -6 2.8125 -0.09375
v -6 2.25 0.09375
v -6 2.8125 0.09375
v -6.5625 2.25 0.09375
v -6.5625 2.8125 0.09375
vt 0.5615921020507814 0.09409332275390625
vt 0.5967483520507814 0.09409332275390625
vt 0.5967483520507814 0.12924957275390625
vt 0.5615921020507814 0.12924957275390625
vt 0.228515625 0.2568359375
vt 0.240234375 0.2568359375
vt 0.240234375 0.2919921875
vt 0.228515625 0.2919921875
vt 0.263671875 0.5029296875
vt 0.298828125 0.5029296875
vt 0.298828125 0.5380859375
vt 0.263671875 0.5380859375
vt 0.240234375 0.2568359375
vt 0.251953125 0.2568359375
vt 0.251953125 0.2919921875
vt 0.240234375 0.2919921875
vt 0.287109375 0.2919921875
vt 0.251953125 0.2919921875
vt 0.251953125 0.2802734375
vt 0.287109375 0.2802734375
vt 0.322265625 0.2802734375
vt 0.287109375 0.2802734375
vt 0.287109375 0.2919921875
vt 0.322265625 0.2919921875
vn 0 0 -1
vn 1 0 0
vn 0 0 1
vn -1 0 0
vn 0 1 0
vn 0 -1 0
usemtl m_7c4fd87a-d0f1-9ad7-7479-aa72dea38889
f 137/409/103 138/410/103 139/411/103 140/412/103
f 141/413/104 137/414/104 140/415/104 142/416/104
f 143/417/105 141/418/105 142/419/105 144/420/105
f 138/421/106 143/422/106 144/423/106 139/424/106
f 144/425/107 142/426/107 140/427/107 139/428/107
f 138/429/108 137/430/108 141/431/108 143/432/108
o cube
v -10.5 3 -0.09375
v -11.8125 3 -0.09375
v -11.8125 3.5625 -0.09375
v -10.5 3.5625 -0.09375
v -10.5 3 0.09375
v -10.5 3.5625 0.09375
v -11.8125 3 0.09375
v -11.8125 3.5625 0.09375
vt 0.401592254638672 0.04708099365234375
vt 0.483623504638672 0.04708099365234375
vt 0.483623504638672 0.08223724365234375
vt 0.401592254638672 0.08223724365234375
vt 0.322265625 0.2568359375
vt 0.333984375 0.2568359375
vt 0.333984375 0.2919921875
vt 0.322265625 0.2919921875
vt 0.099609375 0.4677734375
vt 0.181640625 0.4677734375
vt 0.181640625 0.5029296875
vt 0.099609375 0.5029296875
vt 0.333984375 0.2568359375
vt 0.345703125 0.2568359375
vt 0.345703125 0.2919921875
vt 0.333984375 0.2919921875
vt 0.380859375 0.4091796875
vt 0.298828125 0.4091796875
vt 0.298828125 0.3974609375
vt 0.380859375 0.3974609375
vt 0.380859375 0.3857421875
vt 0.298828125 0.3857421875
vt 0.298828125 0.3974609375
vt 0.380859375 0.3974609375
vn 0 0 -1
vn 1 0 0
vn 0 0 1
vn -1 0 0
vn 0 1 0
vn 0 -1 0
usemtl m_7c4fd87a-d0f1-9ad7-7479-aa72dea38889
f 145/433/109 146/434/109 147/435/109 148/436/109
f 149/437/110 145/438/110 148/439/110 150/440/110
f 151/441/111 149/442/111 150/443/111 152/444/111
f 146/445/112 151/446/112 152/447/112 147/448/112
f 152/449/113 150/450/113 148/451/113 147/452/113
f 146/453/114 145/454/114 149/455/114 151/456/114
o cube
v -9 3 -0.09375
v -10.3125 3 -0.09375
v -10.3125 3.5625 -0.09375
v -9 3.5625 -0.09375
v -9 3 0.09375
v -9 3.5625 0.09375
v -10.3125 3 0.09375
v -10.3125 3.5625 0.09375
vt 0.401592254638672 0.04708099365234375
vt 0.483623504638672 0.04708099365234375
vt 0.483623504638672 0.08223724365234375
vt 0.401592254638672 0.08223724365234375
vt 0.345703125 0.2568359375
vt 0.357421875 0.2568359375
vt 0.357421875 0.2919921875
vt 0.345703125 0.2919921875
vt 0.099609375 0.4326171875
vt 0.181640625 0.4326171875
vt 0.181640625 0.4677734375
vt 0.099609375 0.4677734375
vt 0.357421875 0.9599609375
vt 0.369140625 0.9599609375
vt 0.369140625 0.9951171875
vt 0.357421875 0.9951171875
vt 0.380859375 0.3857421875
vt 0.298828125 0.3857421875
vt 0.298828125 0.3740234375
vt 0.380859375 0.3740234375
vt 0.380859375 0.3623046875
vt 0.298828125 0.3623046875
vt 0.298828125 0.3740234375
vt 0.380859375 0.3740234375
vn 0 0 -1
vn 1 0 0
vn 0 0 1
vn -1 0 0
vn 0 1 0
vn 0 -1 0
usemtl m_7c4fd87a-d0f1-9ad7-7479-aa72dea38889
f 153/457/115 154/458/115 155/459/115 156/460/115
f 157/461/116 153/462/116 156/463/116 158/464/116
f 159/465/117 157/466/117 158/467/117 160/468/117
f 154/469/118 159/470/118 160/471/118 155/472/118
f 160/473/119 158/474/119 156/475/119 155/476/119
f 154/477/120 153/478/120 157/479/120 159/480/120
o cube
v -7.5 3 -0.09375
v -8.8125 3 -0.09375
v -8.8125 3.5625 -0.09375
v -7.5 3.5625 -0.09375
v -7.5 3 0.09375
v -7.5 3.5625 0.09375
v -8.8125 3 0.09375
v -8.8125 3.5625 0.09375
vt 0.46793365478515636 0.9403152465820312
vt 0.5499649047851564 0.9403152465820312
vt 0.5499649047851564 0.9754714965820312
vt 0.46793365478515636 0.9754714965820312
vt 0.357421875 0.9248046875
vt 0.369140625 0.9248046875
vt 0.369140625 0.9599609375
vt 0.357421875 0.9599609375
vt 0.181640625 0.9248046875
vt 0.263671875 0.9248046875
vt 0.263671875 0.9599609375
vt 0.181640625 0.9599609375
vt 0.357421875 0.6552734375
vt 0.369140625 0.6552734375
vt 0.369140625 0.6904296875
vt 0.357421875 0.6904296875
vt 0.099609375 0.3388671875
vt 0.017578125 0.3388671875
vt 0.017578125 0.3271484375
vt 0.099609375 0.3271484375
vt 0.181640625 0.3271484375
vt 0.099609375 0.3271484375
vt 0.099609375 0.3388671875
vt 0.181640625 0.3388671875
vn 0 0 -1
vn 1 0 0
vn 0 0 1
vn -1 0 0
vn 0 1 0
vn 0 -1 0
usemtl m_7c4fd87a-d0f1-9ad7-7479-aa72dea38889
f 161/481/121 162/482/121 163/483/121 164/484/121
f 165/485/122 161/486/122 164/487/122 166/488/122
f 167/489/123 165/490/123 166/491/123 168/492/123
f 162/493/124 167/494/124 168/495/124 163/496/124
f 168/497/125 166/498/125 164/499/125 163/500/125
f 162/501/126 161/502/126 165/503/126 167/504/126
o cube
v -6 3 -0.09375
v -7.3125 3 -0.09375
v -7.3125 3.5625 -0.09375
v -6 3.5625 -0.09375
v -6 3 0.09375
v -6 3.5625 0.09375
v -7.3125 3 0.09375
v -7.3125 3.5625 0.09375
vt 0.46793365478515636 0.7992782592773438
vt 0.5499649047851564 0.7992782592773438
vt 0.5499649047851564 0.8344345092773438
vt 0.46793365478515636 0.8344345092773438
vt 0.357421875 0.3271484375
vt 0.369140625 0.3271484375
vt 0.369140625 0.3623046875
vt 0.357421875 0.3623046875
vt 0.181640625 0.8544921875
vt 0.263671875 0.8544921875
vt 0.263671875 0.8896484375
vt 0.181640625 0.8896484375
vt 0.357421875 0.2919921875
vt 0.369140625 0.2919921875
vt 0.369140625 0.3271484375
vt 0.357421875 0.3271484375
vt 0.263671875 0.3388671875
vt 0.181640625 0.3388671875
vt 0.181640625 0.3271484375
vt 0.263671875 0.3271484375
vt 0.345703125 0.3271484375
vt 0.263671875 0.3271484375
vt 0.263671875 0.3388671875
vt 0.345703125 0.3388671875
vn 0 0 -1
vn 1 0 0
vn 0 0 1
vn -1 0 0
vn 0 1 0
vn 0 -1 0
usemtl m_7c4fd87a-d0f1-9ad7-7479-aa72dea38889
f 169/505/127 170/506/127 171/507/127 172/508/127
f 173/509/128 169/510/128 172/511/128 174/512/128
f 175/513/129 173/514/129 174/515/129 176/516/129
f 170/517/130 175/518/130 176/519/130 171/520/130
f 176/521/131 174/522/131 172/523/131 171/524/131
f 170/525/132 169/526/132 173/527/132 175/528/132
o cube
v -11.25 3.75 -0.09375
v -12 3.75 -0.09375
v -12 4.3125 -0.09375
v -11.25 4.3125 -0.09375
v -11.25 3.75 0.09375
v -11.25 4.3125 0.09375
v -12 3.75 0.09375
v -12 4.3125 0.09375
vt 0.5381774902343751 0.5172042846679688
vt 0.5850524902343751 0.5172042846679688
vt 0.5850524902343751 0.5523605346679688
vt 0.5381774902343751 0.5523605346679688
vt 0.357421875 0.2568359375
vt 0.369140625 0.2568359375
vt 0.369140625 0.2919921875
vt 0.357421875 0.2919921875
vt 0.263671875 0.7138671875
vt 0.310546875 0.7138671875
vt 0.310546875 0.7490234375
vt 0.263671875 0.7490234375
vt 0.017578125 0.2451171875
vt 0.029296875 0.2451171875
vt 0.029296875 0.2802734375
vt 0.017578125 0.2802734375
vt 0.064453125 0.3271484375
vt 0.017578125 0.3271484375
vt 0.017578125 0.3154296875
vt 0.064453125 0.3154296875
vt 0.111328125 0.3154296875
vt 0.064453125 0.3154296875
vt 0.064453125 0.3271484375
vt 0.111328125 0.3271484375
vn 0 0 -1
vn 1 0 0
vn 0 0 1
vn -1 0 0
vn 0 1 0
vn 0 -1 0
usemtl m_7c4fd87a-d0f1-9ad7-7479-aa72dea38889
f 177/529/133 178/530/133 179/531/133 180/532/133
f 181/533/134 177/534/134 180/535/134 182/536/134
f 183/537/135 181/538/135 182/539/135 184/540/135
f 178/541/136 183/542/136 184/543/136 179/544/136
f 184/545/137 182/546/137 180/547/137 179/548/137
f 178/549/138 177/550/138 181/551/138 183/552/138
o cube
v -9.75 3.75 -0.09375
v -11.0625 3.75 -0.09375
v -11.0625 4.3125 -0.09375
v -9.75 4.3125 -0.09375
v -9.75 3.75 0.09375
v -9.75 4.3125 0.09375
v -11.0625 3.75 0.09375
v -11.0625 4.3125 0.09375
vt 0.12125396728515636 0.8057022094726562
vt 0.20328521728515636 0.8057022094726562
vt 0.20328521728515636 0.8408584594726562
vt 0.12125396728515636 0.8408584594726562
vt 0.029296875 0.2451171875
vt 0.041015625 0.2451171875
vt 0.041015625 0.2802734375
vt 0.029296875 0.2802734375
vt 0.181640625 0.7841796875
vt 0.263671875 0.7841796875
vt 0.263671875 0.8193359375
vt 0.181640625 0.8193359375
vt 0.041015625 0.2451171875
vt 0.052734375 0.2451171875
vt 0.052734375 0.2802734375
vt 0.041015625 0.2802734375
vt 0.392578125 0.9248046875
vt 0.310546875 0.9248046875
vt 0.310546875 0.9130859375
vt 0.392578125 0.9130859375
vt 0.392578125 0.9013671875
vt 0.310546875 0.9013671875
vt 0.310546875 0.9130859375
vt 0.392578125 0.9130859375
vn 0 0 -1
vn 1 0 0
vn 0 0 1
vn -1 0 0
vn 0 1 0
vn 0 -1 0
usemtl m_7c4fd87a-d0f1-9ad7-7479-aa72dea38889
f 185/553/139 186/554/139 187/555/139 188/556/139
f 189/557/140 185/558/140 188/559/140 190/560/140
f 191/561/141 189/562/141 190/563/141 192/564/141
f 186/565/142 191/566/142 192/567/142 187/568/142
f 192/569/143 190/570/143 188/571/143 187/572/143
f 186/573/144 185/574/144 189/575/144 191/576/144
o cube
v -8.25 3.75 -0.09375
v -9.5625 3.75 -0.09375
v -9.5625 4.3125 -0.09375
v -8.25 4.3125 -0.09375
v -8.25 3.75 0.09375
v -8.25 4.3125 0.09375
v -9.5625 3.75 0.09375
v -9.5625 4.3125 0.09375
vt 0.35172271728515636 0.21739959716796875
vt 0.43375396728515636 0.21739959716796875
vt 0.43375396728515636 0.25255584716796875
vt 0.35172271728515636 0.25255584716796875
vt 0.052734375 0.2451171875
vt 0.064453125 0.2451171875
vt 0.064453125 0.2802734375
vt 0.052734375 0.2802734375
vt 0.181640625 0.7138671875
vt 0.263671875 0.7138671875
vt 0.263671875 0.7490234375
vt 0.181640625 0.7490234375
vt 0.064453125 0.2451171875
vt 0.076171875 0.2451171875
vt 0.076171875 0.2802734375
vt 0.064453125 0.2802734375
vt 0.392578125 0.9013671875
vt 0.310546875 0.9013671875
vt 0.310546875 0.8896484375
vt 0.392578125 0.8896484375
vt 0.392578125 0.8779296875
vt 0.310546875 0.8779296875
vt 0.310546875 0.8896484375
vt 0.392578125 0.8896484375
vn 0 0 -1
vn 1 0 0
vn 0 0 1
vn -1 0 0
vn 0 1 0
vn 0 -1 0
usemtl m_7c4fd87a-d0f1-9ad7-7479-aa72dea38889
f 193/577/145 194/578/145 195/579/145 196/580/145
f 197/581/146 193/582/146 196/583/146 198/584/146
f 199/585/147 197/586/147 198/587/147 200/588/147
f 194/589/148 199/590/148 200/591/148 195/592/148
f 200/593/149 198/594/149 196/595/149 195/596/149
f 194/597/150 193/598/150 197/599/150 199/600/150
o cube
v -6.75 3.75 -0.09375
v -8.0625 3.75 -0.09375
v -8.0625 4.3125 -0.09375
v -6.75 4.3125 -0.09375
v -6.75 3.75 0.09375
v -6.75 4.3125 0.09375
v -8.0625 3.75 0.09375
v -8.0625 4.3125 0.09375
vt 0.5372695922851564 0.7287063598632812
vt 0.6193008422851564 0.7287063598632812
vt 0.6193008422851564 0.7638626098632812
vt 0.5372695922851564 0.7638626098632812
vt 0.146484375 0.2451171875
vt 0.158203125 0.2451171875
vt 0.158203125 0.2802734375
vt 0.146484375 0.2802734375
vt 0.181640625 0.6435546875
vt 0.263671875 0.6435546875
vt 0.263671875 0.6787109375
vt 0.181640625 0.6787109375
vt 0.158203125 0.2451171875
vt 0.169921875 0.2451171875
vt 0.169921875 0.2802734375
vt 0.158203125 0.2802734375
vt 0.392578125 0.8779296875
vt 0.310546875 0.8779296875
vt 0.310546875 0.8662109375
vt 0.392578125 0.8662109375
vt 0.392578125 0.8544921875
vt 0.310546875 0.8544921875
vt 0.310546875 0.8662109375
vt 0.392578125 0.8662109375
vn 0 0 -1
vn 1 0 0
vn 0 0 1
vn -1 0 0
vn 0 1 0
vn 0 -1 0
usemtl m_7c4fd87a-d0f1-9ad7-7479-aa72dea38889
f 201/601/151 202/602/151 203/603/151 204/604/151
f 205/605/152 201/606/152 204/607/152 206/608/152
f 207/609/153 205/610/153 206/611/153 208/612/153
f 202/613/154 207/614/154 208/615/154 203/616/154
f 208/617/155 206/618/155 204/619/155 203/620/155
f 202/621/156 201/622/156 205/623/156 207/624/156
o cube
v -6 3.75 -0.09375
v -6.5625 3.75 -0.09375
v -6.5625 4.3125 -0.09375
v -6 4.3125 -0.09375
v -6 3.75 0.09375
v -6 4.3125 0.09375
v -6.5625 3.75 0.09375
v -6.5625 4.3125 0.09375
vt 0.5615921020507814 0.04708099365234375
vt 0.5967483520507814 0.04708099365234375
vt 0.5967483520507814 0.08223724365234375
vt 0.5615921020507814 0.08223724365234375
vt 0.169921875 0.2451171875
vt 0.181640625 0.2451171875
vt 0.181640625 0.2802734375
vt 0.169921875 0.2802734375
vt 0.263671875 0.4326171875
vt 0.298828125 0.4326171875
vt 0.298828125 0.4677734375
vt 0.263671875 0.4677734375
vt 0.181640625 0.2451171875
vt 0.193359375 0.2451171875
vt 0.193359375 0.2802734375
vt 0.181640625 0.2802734375
vt 0.392578125 0.6552734375
vt 0.357421875 0.6552734375
vt 0.357421875 0.6435546875
vt 0.392578125 0.6435546875
vt 0.287109375 0.2685546875
vt 0.251953125 0.2685546875
vt 0.251953125 0.2802734375
vt 0.287109375 0.2802734375
vn 0 0 -1
vn 1 0 0
vn 0 0 1
vn -1 0 0
vn 0 1 0
vn 0 -1 0
usemtl m_7c4fd87a-d0f1-9ad7-7479-aa72dea38889
f 209/625/157 210/626/157 211/627/157 212/628/157
f 213/629/158 209/630/158 212/631/158 214/632/158
f 215/633/159 213/634/159 214/635/159 216/636/159
f 210/637/160 215/638/160 216/639/160 211/640/160
f 216/641/161 214/642/161 212/643/161 211/644/161
f 210/645/162 209/646/162 213/647/162 215/648/162
o cube
v -10.5 4.5 -0.09375
v -11.8125 4.5 -0.09375
v -11.8125 5.0625 -0.09375
v -10.5 5.0625 -0.09375
v -10.5 4.5 0.09375
v -10.5 5.0625 0.09375
v -11.8125 4.5 0.09375
v -11.8125 5.0625 0.09375
vt 0.46793365478515636 0.23513031005859375
vt 0.5499649047851564 0.23513031005859375
vt 0.5499649047851564 0.27028656005859375
vt 0.46793365478515636 0.27028656005859375
vt 0.193359375 0.2451171875
vt 0.205078125 0.2451171875
vt 0.205078125 0.2802734375
vt 0.193359375 0.2802734375
vt 0.181640625 0.5732421875
vt 0.263671875 0.5732421875
vt 0.263671875 0.6083984375
vt 0.181640625 0.6083984375
vt 0.287109375 0.2451171875
vt 0.298828125 0.2451171875
vt 0.298828125 0.2802734375
vt 0.287109375 0.2802734375
vt 0.392578125 0.8544921875
vt 0.310546875 0.8544921875
vt 0.310546875 0.8427734375
vt 0.392578125 0.8427734375
vt 0.392578125 0.8310546875
vt 0.310546875 0.8310546875
vt 0.310546875 0.8427734375
vt 0.392578125 0.8427734375
vn 0 0 -1
vn 1 0 0
vn 0 0 1
vn -1 0 0
vn 0 1 0
vn 0 -1 0
usemtl m_7c4fd87a-d0f1-9ad7-7479-aa72dea38889
f 217/649/163 218/650/163 219/651/163 220/652/163
f 221/653/164 217/654/164 220/655/164 222/656/164
f 223/657/165 221/658/165 222/659/165 224/660/165
f 218/661/166 223/662/166 224/663/166 219/664/166
f 224/665/167 222/666/167 220/667/167 219/668/167
f 218/669/168 217/670/168 221/671/168 223/672/168
o cube
v -9 4.5 -0.09375
v -10.3125 4.5 -0.09375
v -10.3125 5.0625 -0.09375
v -9 5.0625 -0.09375
v -9 4.5 0.09375
v -9 5.0625 0.09375
v -10.3125 4.5 0.09375
v -10.3125 5.0625 0.09375
vt 0.46793365478515636 0.09409332275390625
vt 0.5499649047851564 0.09409332275390625
vt 0.5499649047851564 0.12924957275390625
vt 0.46793365478515636 0.12924957275390625
vt 0.298828125 0.2451171875
vt 0.310546875 0.2451171875
vt 0.310546875 0.2802734375
vt 0.298828125 0.2802734375
vt 0.181640625 0.5029296875
vt 0.263671875 0.5029296875
vt 0.263671875 0.5380859375
vt 0.181640625 0.5380859375
vt 0.310546875 0.2451171875
vt 0.322265625 0.2451171875
vt 0.322265625 0.2802734375
vt 0.310546875 0.2802734375
vt 0.392578125 0.8310546875
vt 0.310546875 0.8310546875
vt 0.310546875 0.8193359375
vt 0.392578125 0.8193359375
vt 0.392578125 0.8076171875
vt 0.310546875 0.8076171875
vt 0.310546875 0.8193359375
vt 0.392578125 0.8193359375
vn 0 0 -1
vn 1 0 0
vn 0 0 1
vn -1 0 0
vn 0 1 0
vn 0 -1 0
usemtl m_7c4fd87a-d0f1-9ad7-7479-aa72dea38889
f 225/673/169 226/674/169 227/675/169 228/676/169
f 229/677/170 225/678/170 228/679/170 230/680/170
f 231/681/171 229/682/171 230/683/171 232/684/171
f 226/685/172 231/686/172 232/687/172 227/688/172
f 232/689/173 230/690/173 228/691/173 227/692/173
f 226/693/174 225/694/174 229/695/174 231/696/174
o cube
v -7.5 4.5 -0.09375
v -8.8125 4.5 -0.09375
v -8.8125 5.0625 -0.09375
v -7.5 5.0625 -0.09375
v -7.5 4.5 0.09375
v -7.5 5.0625 0.09375
v -8.8125 4.5 0.09375
v -8.8125 5.0625 0.09375
vt 0.46793365478515636 0.04708099365234375
vt 0.5499649047851564 0.04708099365234375
vt 0.5499649047851564 0.08223724365234375
vt 0.46793365478515636 0.08223724365234375
vt 0.369140625 0.9599609375
vt 0.380859375 0.9599609375
vt 0.380859375 0.9951171875
vt 0.369140625 0.9951171875
vt 0.181640625 0.4326171875
vt 0.263671875 0.4326171875
vt 0.263671875 0.4677734375
vt 0.181640625 0.4677734375
vt 0.369140625 0.9248046875
vt 0.380859375 0.9248046875
vt 0.380859375 0.9599609375
vt 0.369140625 0.9599609375
vt 0.392578125 0.8076171875
vt 0.310546875 0.8076171875
vt 0.310546875 0.7958984375
vt 0.392578125 0.7958984375
vt 0.392578125 0.7841796875
vt 0.310546875 0.7841796875
vt 0.310546875 0.7958984375
vt 0.392578125 0.7958984375
vn 0 0 -1
vn 1 0 0
vn 0 0 1
vn -1 0 0
vn 0 1 0
vn 0 -1 0
usemtl m_7c4fd87a-d0f1-9ad7-7479-aa72dea38889
f 233/697/175 234/698/175 235/699/175 236/700/175
f 237/701/176 233/702/176 236/703/176 238/704/176
f 239/705/177 237/706/177 238/707/177 240/708/177
f 234/709/178 239/710/178 240/711/178 235/712/178
f 240/713/179 238/714/179 236/715/179 235/716/179
f 234/717/180 233/718/180 237/719/180 239/720/180
o cube
v -6 4.5 -0.09375
v -7.3125 4.5 -0.09375
v -7.3125 5.0625 -0.09375
v -6 5.0625 -0.09375
v -6 4.5 0.09375
v -6 5.0625 0.09375
v -7.3125 4.5 0.09375
v -7.3125 5.0625 0.09375
vt 0.401592254638672 0.04708099365234375
vt 0.483623504638672 0.04708099365234375
vt 0.483623504638672 0.08223724365234375
vt 0.401592254638672 0.08223724365234375
vt 0.369140625 0.6552734375
vt 0.380859375 0.6552734375
vt 0.380859375 0.6904296875
vt 0.369140625 0.6904296875
vt 0.099609375 0.3974609375
vt 0.181640625 0.3974609375
vt 0.181640625 0.4326171875
vt 0.099609375 0.4326171875
vt 0.369140625 0.3271484375
vt 0.380859375 0.3271484375
vt 0.380859375 0.3623046875
vt 0.369140625 0.3623046875
vt 0.392578125 0.7841796875
vt 0.310546875 0.7841796875
vt 0.310546875 0.7724609375
vt 0.392578125 0.7724609375
vt 0.392578125 0.7607421875
vt 0.310546875 0.7607421875
vt 0.310546875 0.7724609375
vt 0.392578125 0.7724609375
vn 0 0 -1
vn 1 0 0
vn 0 0 1
vn -1 0 0
vn 0 1 0
vn 0 -1 0
usemtl m_7c4fd87a-d0f1-9ad7-7479-aa72dea38889
f 241/721/181 242/722/181 243/723/181 244/724/181
f 245/725/182 241/726/182 244/727/182 246/728/182
f 247/729/183 245/730/183 246/731/183 248/732/183
f 242/733/184 247/734/184 248/735/184 243/736/184
f 248/737/185 246/738/185 244/739/185 243/740/185
f 242/741/186 241/742/186 245/743/186 247/744/186
o cube
v -11.25 5.25 -0.09375
v -12 5.25 -0.09375
v -12 5.8125 -0.09375
v -11.25 5.8125 -0.09375
v -11.25 5.25 0.09375
v -11.25 5.8125 0.09375
v -12 5.25 0.09375
v -12 5.8125 0.09375
vt 0.5381774902343751 0.37616729736328125
vt 0.5850524902343751 0.37616729736328125
vt 0.5850524902343751 0.41132354736328125
vt 0.5381774902343751 0.41132354736328125
vt 0.369140625 0.2919921875
vt 0.380859375 0.2919921875
vt 0.380859375 0.3271484375
vt 0.369140625 0.3271484375
vt 0.263671875 0.6435546875
vt 0.310546875 0.6435546875
vt 0.310546875 0.6787109375
vt 0.263671875 0.6787109375
vt 0.369140625 0.2568359375
vt 0.380859375 0.2568359375
vt 0.380859375 0.2919921875
vt 0.369140625 0.2919921875
vt 0.158203125 0.3271484375
vt 0.111328125 0.3271484375
vt 0.111328125 0.3154296875
vt 0.158203125 0.3154296875
vt 0.205078125 0.3154296875
vt 0.158203125 0.3154296875
vt 0.158203125 0.3271484375
vt 0.205078125 0.3271484375
vn 0 0 -1
vn 1 0 0
vn 0 0 1
vn -1 0 0
vn 0 1 0
vn 0 -1 0
usemtl m_7c4fd87a-d0f1-9ad7-7479-aa72dea38889
f 249/745/187 250/746/187 251/747/187 252/748/187
f 253/749/188 249/750/188 252/751/188 254/752/188
f 255/753/189 253/754/189 254/755/189 256/756/189
f 250/757/190 255/758/190 256/759/190 251/760/190
f 256/761/191 254/762/191 252/763/191 251/764/191
f 250/765/192 249/766/192 253/767/192 255/768/192
o cube
v -9.75 5.25 -0.09375
v -11.0625 5.25 -0.09375
v -11.0625 5.8125 -0.09375
v -9.75 5.8125 -0.09375
v -9.75 5.25 0.09375
v -9.75 5.8125 0.09375
v -11.0625 5.25 0.09375
v -11.0625 5.8125 0.09375
vt 0.46793365478515636 0.04708099365234375
vt 0.5499649047851564 0.04708099365234375
vt 0.5499649047851564 0.08223724365234375
vt 0.46793365478515636 0.08223724365234375
vt 0.076171875 0.2333984375
vt 0.087890625 0.2333984375
vt 0.087890625 0.2685546875
vt 0.076171875 0.2685546875
vt 0.017578125 0.3623046875
vt 0.099609375 0.3623046875
vt 0.099609375 0.3974609375
vt 0.017578125 0.3974609375
vt 0.087890625 0.2333984375
vt 0.099609375 0.2333984375
vt 0.099609375 0.2685546875
vt 0.087890625 0.2685546875
vt 0.392578125 0.7607421875
vt 0.310546875 0.7607421875
vt 0.310546875 0.7490234375
vt 0.392578125 0.7490234375
vt 0.392578125 0.7373046875
vt 0.310546875 0.7373046875
vt 0.310546875 0.7490234375
vt 0.392578125 0.7490234375
vn 0 0 -1
vn 1 0 0
vn 0 0 1
vn -1 0 0
vn 0 1 0
vn 0 -1 0
usemtl m_7c4fd87a-d0f1-9ad7-7479-aa72dea38889
f 257/769/193 258/770/193 259/771/193 260/772/193
f 261/773/194 257/774/194 260/775/194 262/776/194
f 263/777/195 261/778/195 262/779/195 264/780/195
f 258/781/196 263/782/196 264/783/196 259/784/196
f 264/785/197 262/786/197 260/787/197 259/788/197
f 258/789/198 257/790/198 261/791/198 263/792/198
o cube
v -8.25 5.25 -0.09375
v -9.5625 5.25 -0.09375
v -9.5625 5.8125 -0.09375
v -8.25 5.8125 -0.09375
v -8.25 5.25 0.09375
v -8.25 5.8125 0.09375
v -9.5625 5.25 0.09375
v -9.5625 5.8125 0.09375
vt 0.46793365478515636 0.04708099365234375
vt 0.5499649047851564 0.04708099365234375
vt 0.5499649047851564 0.08223724365234375
vt 0.46793365478515636 0.08223724365234375
vt 0.099609375 0.2333984375
vt 0.111328125 0.2333984375
vt 0.111328125 0.2685546875
vt 0.099609375 0.2685546875
vt 0.181640625 0.3623046875
vt 0.263671875 0.3623046875
vt 0.263671875 0.3974609375
vt 0.181640625 0.3974609375
vt 0.111328125 0.2333984375
vt 0.123046875 0.2333984375
vt 0.123046875 0.2685546875
vt 0.111328125 0.2685546875
vt 0.392578125 0.7373046875
vt 0.310546875 0.7373046875
vt 0.310546875 0.7255859375
vt 0.392578125 0.7255859375
vt 0.392578125 0.7138671875
vt 0.310546875 0.7138671875
vt 0.310546875 0.7255859375
vt 0.392578125 0.7255859375
vn 0 0 -1
vn 1 0 0
vn 0 0 1
vn -1 0 0
vn 0 1 0
vn 0 -1 0
usemtl m_7c4fd87a-d0f1-9ad7-7479-aa72dea38889
f 265/793/199 266/794/199 267/795/199 268/796/199
f 269/797/200 265/798/200 268/799/200 270/800/200
f 271/801/201 269/802/201 270/803/201 272/804/201
f 266/805/202 271/806/202 272/807/202 267/808/202
f 272/809/203 270/810/203 268/811/203 267/812/203
f 266/813/204 265/814/204 269/815/204 271/816/204
o cube
v -6.75 5.25 -0.09375
v -8.0625 5.25 -0.09375
v -8.0625 5.8125 -0.09375
v -6.75 5.8125 -0.09375
v -6.75 5.25 0.09375
v -6.75 5.8125 0.09375
v -8.0625 5.25 0.09375
v -8.0625 5.8125 0.09375
vt 0.46793365478515636 0.9403152465820312
vt 0.5499649047851564 0.9403152465820312
vt 0.5499649047851564 0.9754714965820312
vt 0.46793365478515636 0.9754714965820312
vt 0.123046875 0.2333984375
vt 0.134765625 0.2333984375
vt 0.134765625 0.2685546875
vt 0.123046875 0.2685546875
vt 0.263671875 0.9248046875
vt 0.345703125 0.9248046875
vt 0.345703125 0.9599609375
vt 0.263671875 0.9599609375
vt 0.134765625 0.2333984375
vt 0.146484375 0.2333984375
vt 0.146484375 0.2685546875
vt 0.134765625 0.2685546875
vt 0.392578125 0.7138671875
vt 0.310546875 0.7138671875
vt 0.310546875 0.7021484375
vt 0.392578125 0.7021484375
vt 0.392578125 0.6904296875
vt 0.310546875 0.6904296875
vt 0.310546875 0.7021484375
vt 0.392578125 0.7021484375
vn 0 0 -1
vn 1 0 0
vn 0 0 1
vn -1 0 0
vn 0 1 0
vn 0 -1 0
usemtl m_7c4fd87a-d0f1-9ad7-7479-aa72dea38889
f 273/817/205 274/818/205 275/819/205 276/820/205
f 277/821/206 273/822/206 276/823/206 278/824/206
f 279/825/207 277/826/207 278/827/207 280/828/207
f 274/829/208 279/830/208 280/831/208 275/832/208
f 280/833/209 278/834/209 276/835/209 275/836/209
f 274/837/210 273/838/210 277/839/210 279/840/210
o cube
v -6 5.25 -0.09375
v -6.5625 5.25 -0.09375
v -6.5625 5.8125 -0.09375
v -6 5.8125 -0.09375
v -6 5.25 0.09375
v -6 5.8125 0.09375
v -6.5625 5.25 0.09375
v -6.5625 5.8125 0.09375
vt 0.5615921020507814 0.04708099365234375
vt 0.5967483520507814 0.04708099365234375
vt 0.5967483520507814 0.08223724365234375
vt 0.5615921020507814 0.08223724365234375
vt 0.251953125 0.2333984375
vt 0.263671875 0.2333984375
vt 0.263671875 0.2685546875
vt 0.251953125 0.2685546875
vt 0.263671875 0.3623046875
vt 0.298828125 0.3623046875
vt 0.298828125 0.3974609375
vt 0.263671875 0.3974609375
vt 0.263671875 0.2333984375
vt 0.275390625 0.2333984375
vt 0.275390625 0.2685546875
vt 0.263671875 0.2685546875
vt 0.416015625 0.9951171875
vt 0.380859375 0.9951171875
vt 0.380859375 0.9833984375
vt 0.416015625 0.9833984375
vt 0.416015625 0.9716796875
vt 0.380859375 0.9716796875
vt 0.380859375 0.9833984375
vt 0.416015625 0.9833984375
vn 0 0 -1
vn 1 0 0
vn 0 0 1
vn -1 0 0
vn 0 1 0
vn 0 -1 0
usemtl m_7c4fd87a-d0f1-9ad7-7479-aa72dea38889
f 281/841/211 282/842/211 283/843/211 284/844/211
f 285/845/212 281/846/212 284/847/212 286/848/212
f 287/849/213 285/850/213 286/851/213 288/852/213
f 282/853/214 287/854/214 288/855/214 283/856/214
f 288/857/215 286/858/215 284/859/215 283/860/215
f 282/861/216 281/862/216 285/863/216 287/864/216
o cube
v -6 0 0
v -12 0 0
v -12 6 0
v -6 6 0
v -6 0 0.15625
v -6 6 0.15625
v -12 0 0.15625
v -12 6 0.15625
vt 0 0.625
vt 0.375 0.625
vt 0.375 1
vt 0 1
vt 0.375 0.625
vt 0.384765625 0.625
vt 0.384765625 1
vt 0.375 1
vt 0 0.625
vt 0.375 0.625
vt 0.375 1
vt 0 1
vt 0.375 0.25
vt 0.384765625 0.25
vt 0.384765625 0.625
vt 0.375 0.625
vt 0.759765625 1
vt 0.384765625 1
vt 0.384765625 0.990234375
vt 0.759765625 0.990234375
vt 0.759765625 0.98046875
vt 0.384765625 0.98046875
vt 0.384765625 0.990234375
vt 0.759765625 0.990234375
vn 0 0 -1
vn 1 0 0
vn 0 0 1
vn -1 0 0
vn 0 1 0
vn 0 -1 0
usemtl m_7c4fd87a-d0f1-9ad7-7479-aa72dea38889
f 289/865/217 290/866/217 291/867/217 292/868/217
f 293/869/218 289/870/218 292/871/218 294/872/218
f 295/873/219 293/874/219 294/875/219 296/876/219
f 290/877/220 295/878/220 296/879/220 291/880/220
f 296/881/221 294/882/221 292/883/221 291/884/221
f 290/885/222 289/886/222 293/887/222 295/888/222
o cube
v 0.75 0.75 -0.09375
v 0 0.75 -0.09375
v 0 1.3125 -0.09375
v 0.75 1.3125 -0.09375
v 0.75 0.75 0.09375
v 0.75 1.3125 0.09375
v 0 0.75 0.09375
v 0 1.3125 0.09375
vt 0.5381774902343751 0.7992782592773438
vt 0.5850524902343751 0.7992782592773438
vt 0.5850524902343751 0.8344345092773438
vt 0.5381774902343751 0.8344345092773438
vt 0.146484375 0.2802734375
vt 0.158203125 0.2802734375
vt 0.158203125 0.3154296875
vt 0.146484375 0.3154296875
vt 0.263671875 0.8544921875
vt 0.310546875 0.8544921875
vt 0.310546875 0.8896484375
vt 0.263671875 0.8896484375
vt 0.158203125 0.2802734375
vt 0.169921875 0.2802734375
vt 0.169921875 0.3154296875
vt 0.158203125 0.3154296875
vt 0.357421875 0.6904296875
vt 0.310546875 0.6904296875
vt 0.310546875 0.6787109375
vt 0.357421875 0.6787109375
vt 0.357421875 0.6669921875
vt 0.310546875 0.6669921875
vt 0.310546875 0.6787109375
vt 0.357421875 0.6787109375
vn 0 0 -1
vn 1 0 0
vn 0 0 1
vn -1 0 0
vn 0 1 0
vn 0 -1 0
usemtl m_7c4fd87a-d0f1-9ad7-7479-aa72dea38889
f 297/889/223 298/890/223 299/891/223 300/892/223
f 301/893/224 297/894/224 300/895/224 302/896/224
f 303/897/225 301/898/225 302/899/225 304/900/225
f 298/901/226 303/902/226 304/903/226 299/904/226
f 304/905/227 302/906/227 300/907/227 299/908/227
f 298/909/228 297/910/228 301/911/228 303/912/228
o cube
v 4.5 0 -0.09375
v 3.1875 0 -0.09375
v 3.1875 0.5625 -0.09375
v 4.5 0.5625 -0.09375
v 4.5 0 0.09375
v 4.5 0.5625 0.09375
v 3.1875 0 0.09375
v 3.1875 0.5625 0.09375
vt 0.401592254638672 0.9403152465820312
vt 0.483623504638672 0.9403152465820312
vt 0.483623504638672 0.9754714965820312
vt 0.401592254638672 0.9754714965820312
vt 0.205078125 0.2919921875
vt 0.216796875 0.2919921875
vt 0.216796875 0.3271484375
vt 0.205078125 0.3271484375
vt 0.017578125 0.9248046875
vt 0.099609375 0.9248046875
vt 0.099609375 0.9599609375
vt 0.017578125 0.9599609375
vt 0.216796875 0.2919921875
vt 0.228515625 0.2919921875
vt 0.228515625 0.3271484375
vt 0.216796875 0.3271484375
vt 0.099609375 0.3623046875
vt 0.017578125 0.3623046875
vt 0.017578125 0.3505859375
vt 0.099609375 0.3505859375
vt 0.181640625 0.3505859375
vt 0.099609375 0.3505859375
vt 0.099609375 0.3623046875
vt 0.181640625 0.3623046875
vn 0 0 -1
vn 1 0 0
vn 0 0 1
vn -1 0 0
vn 0 1 0
vn 0 -1 0
usemtl m_7c4fd87a-d0f1-9ad7-7479-aa72dea38889
f 305/913/229 306/914/229 307/915/229 308/916/229
f 309/917/230 305/918/230 308/919/230 310/920/230
f 311/921/231 309/922/231 310/923/231 312/924/231
f 306/925/232 311/926/232 312/927/232 307/928/232
f 312/929/233 310/930/233 308/931/233 307/932/233
f 306/933/234 305/934/234 309/935/234 311/936/234
o cube
v 6 0 -0.09375
v 4.6875 0 -0.09375
v 4.6875 0.5625 -0.09375
v 6 0.5625 -0.09375
v 6 0 0.09375
v 6 0.5625 0.09375
v 4.6875 0 0.09375
v 4.6875 0.5625 0.09375
vt 0.401592254638672 0.7992782592773438
vt 0.483623504638672 0.7992782592773438
vt 0.483623504638672 0.8344345092773438
vt 0.401592254638672 0.8344345092773438
vt 0.228515625 0.2919921875
vt 0.240234375 0.2919921875
vt 0.240234375 0.3271484375
vt 0.228515625 0.3271484375
vt 0.017578125 0.8544921875
vt 0.099609375 0.8544921875
vt 0.099609375 0.8896484375
vt 0.017578125 0.8896484375
vt 0.240234375 0.2919921875
vt 0.251953125 0.2919921875
vt 0.251953125 0.3271484375
vt 0.240234375 0.3271484375
vt 0.263671875 0.3623046875
vt 0.181640625 0.3623046875
vt 0.181640625 0.3505859375
vt 0.263671875 0.3505859375
vt 0.345703125 0.3505859375
vt 0.263671875 0.3505859375
vt 0.263671875 0.3623046875
vt 0.345703125 0.3623046875
vn 0 0 -1
vn 1 0 0
vn 0 0 1
vn -1 0 0
vn 0 1 0
vn 0 -1 0
usemtl m_7c4fd87a-d0f1-9ad7-7479-aa72dea38889
f 313/937/235 314/938/235 315/939/235 316/940/235
f 317/941/236 313/942/236 316/943/236 318/944/236
f 319/945/237 317/946/237 318/947/237 320/948/237
f 314/949/238 319/950/238 320/951/238 315/952/238
f 320/953/239 318/954/239 316/955/239 315/956/239
f 314/957/240 313/958/240 317/959/240 319/960/240
o cube
v 3 0 -0.09375
v 1.6875 0 -0.09375
v 1.6875 0.5625 -0.09375
v 3 0.5625 -0.09375
v 3 0 0.09375
v 3 0.5625 0.09375
v 1.6875 0 0.09375
v 1.6875 0.5625 0.09375
vt 0.401592254638672 0.6582412719726562
vt 0.483623504638672 0.6582412719726562
vt 0.483623504638672 0.6933975219726562
vt 0.401592254638672 0.6933975219726562
vt 0.251953125 0.2919921875
vt 0.263671875 0.2919921875
vt 0.263671875 0.3271484375
vt 0.251953125 0.3271484375
vt 0.017578125 0.7841796875
vt 0.099609375 0.7841796875
vt 0.099609375 0.8193359375
vt 0.017578125 0.8193359375
vt 0.263671875 0.2919921875
vt 0.275390625 0.2919921875
vt 0.275390625 0.3271484375
vt 0.263671875 0.3271484375
vt 0.099609375 0.3505859375
vt 0.017578125 0.3505859375
vt 0.017578125 0.3388671875
vt 0.099609375 0.3388671875
vt 0.181640625 0.3388671875
vt 0.099609375 0.3388671875
vt 0.099609375 0.3505859375
vt 0.181640625 0.3505859375
vn 0 0 -1
vn 1 0 0
vn 0 0 1
vn -1 0 0
vn 0 1 0
vn 0 -1 0
usemtl m_7c4fd87a-d0f1-9ad7-7479-aa72dea38889
f 321/961/241 322/962/241 323/963/241 324/964/241
f 325/965/242 321/966/242 324/967/242 326/968/242
f 327/969/243 325/970/243 326/971/243 328/972/243
f 322/973/244 327/974/244 328/975/244 323/976/244
f 328/977/245 326/978/245 324/979/245 323/980/245
f 322/981/246 321/982/246 325/983/246 327/984/246
o cube
v 2.25 0.75 -0.09375
v 0.9375 0.75 -0.09375
v 0.9375 1.3125 -0.09375
v 2.25 1.3125 -0.09375
v 2.25 0.75 0.09375
v 2.25 1.3125 0.09375
v 0.9375 0.75 0.09375
v 0.9375 1.3125 0.09375
vt 0.401592254638672 0.5172042846679688
vt 0.483623504638672 0.5172042846679688
vt 0.483623504638672 0.5523605346679688
vt 0.401592254638672 0.5523605346679688
vt 0.275390625 0.2919921875
vt 0.287109375 0.2919921875
vt 0.287109375 0.3271484375
vt 0.275390625 0.3271484375
vt 0.017578125 0.7138671875
vt 0.099609375 0.7138671875
vt 0.099609375 0.7490234375
vt 0.017578125 0.7490234375
vt 0.287109375 0.2919921875
vt 0.298828125 0.2919921875
vt 0.298828125 0.3271484375
vt 0.287109375 0.3271484375
vt 0.263671875 0.3505859375
vt 0.181640625 0.3505859375
vt 0.181640625 0.3388671875
vt 0.263671875 0.3388671875
vt 0.345703125 0.3388671875
vt 0.263671875 0.3388671875
vt 0.263671875 0.3505859375
vt 0.345703125 0.3505859375
vn 0 0 -1
vn 1 0 0
vn 0 0 1
vn -1 0 0
vn 0 1 0
vn 0 -1 0
usemtl m_7c4fd87a-d0f1-9ad7-7479-aa72dea38889
f 329/985/247 330/986/247 331/987/247 332/988/247
f 333/989/248 329/990/248 332/991/248 334/992/248
f 335/993/249 333/994/249 334/995/249 336/996/249
f 330/997/250 335/998/250 336/999/250 331/1000/250
f 336/1001/251 334/1002/251 332/1003/251 331/1004/251
f 330/1005/252 329/1006/252 333/1007/252 335/1008/252
o cube
v 1.5 0 -0.09375
v 0.1875 0 -0.09375
v 0.1875 0.5625 -0.09375
v 1.5 0.5625 -0.09375
v 1.5 0 0.09375
v 1.5 0.5625 0.09375
v 0.1875 0 0.09375
v 0.1875 0.5625 0.09375
vt 0.401592254638672 0.37616729736328125
vt 0.483623504638672 0.37616729736328125
vt 0.483623504638672 0.41132354736328125
vt 0.401592254638672 0.41132354736328125
vt 0.298828125 0.2919921875
vt 0.310546875 0.2919921875
vt 0.310546875 0.3271484375
vt 0.298828125 0.3271484375
vt 0.017578125 0.6435546875
vt 0.099609375 0.6435546875
vt 0.099609375 0.6787109375
vt 0.017578125 0.6787109375
vt 0.310546875 0.2919921875
vt 0.322265625 0.2919921875
vt 0.322265625 0.3271484375
vt 0.310546875 0.3271484375
vt 0.380859375 0.6435546875
vt 0.298828125 0.6435546875
vt 0.298828125 0.6318359375
vt 0.380859375 0.6318359375
vt 0.380859375 0.6201171875
vt 0.298828125 0.6201171875
vt 0.298828125 0.6318359375
vt 0.380859375 0.6318359375
vn 0 0 -1
vn 1 0 0
vn 0 0 1
vn -1 0 0
vn 0 1 0
vn 0 -1 0
usemtl m_7c4fd87a-d0f1-9ad7-7479-aa72dea38889
f 337/1009/253 338/1010/253 339/1011/253 340/1012/253
f 341/1013/254 337/1014/254 340/1015/254 342/1016/254
f 343/1017/255 341/1018/255 342/1019/255 344/1020/255
f 338/1021/256 343/1022/256 344/1023/256 339/1024/256
f 344/1025/257 342/1026/257 340/1027/257 339/1028/257
f 338/1029/258 337/1030/258 341/1031/258 343/1032/258
o cube
v 3.75 0.75 -0.09375
v 2.4375 0.75 -0.09375
v 2.4375 1.3125 -0.09375
v 3.75 1.3125 -0.09375
v 3.75 0.75 0.09375
v 3.75 1.3125 0.09375
v 2.4375 0.75 0.09375
v 2.4375 1.3125 0.09375
vt 0.401592254638672 0.23513031005859375
vt 0.483623504638672 0.23513031005859375
vt 0.483623504638672 0.27028656005859375
vt 0.401592254638672 0.27028656005859375
vt 0.322265625 0.2919921875
vt 0.333984375 0.2919921875
vt 0.333984375 0.3271484375
vt 0.322265625 0.3271484375
vt 0.017578125 0.5732421875
vt 0.099609375 0.5732421875
vt 0.099609375 0.6083984375
vt 0.017578125 0.6083984375
vt 0.017578125 0.2802734375
vt 0.029296875 0.2802734375
vt 0.029296875 0.3154296875
vt 0.017578125 0.3154296875
vt 0.380859375 0.6201171875
vt 0.298828125 0.6201171875
vt 0.298828125 0.6083984375
vt 0.380859375 0.6083984375
vt 0.380859375 0.5966796875
vt 0.298828125 0.5966796875
vt 0.298828125 0.6083984375
vt 0.380859375 0.6083984375
vn 0 0 -1
vn 1 0 0
vn 0 0 1
vn -1 0 0
vn 0 1 0
vn 0 -1 0
usemtl m_7c4fd87a-d0f1-9ad7-7479-aa72dea38889
f 345/1033/259 346/1034/259 347/1035/259 348/1036/259
f 349/1037/260 345/1038/260 348/1039/260 350/1040/260
f 351/1041/261 349/1042/261 350/1043/261 352/1044/261
f 346/1045/262 351/1046/262 352/1047/262 347/1048/262
f 352/1049/263 350/1050/263 348/1051/263 347/1052/263
f 346/1053/264 345/1054/264 349/1055/264 351/1056/264
o cube
v 5.25 0.75 -0.09375
v 3.9375 0.75 -0.09375
v 3.9375 1.3125 -0.09375
v 5.25 1.3125 -0.09375
v 5.25 0.75 0.09375
v 5.25 1.3125 0.09375
v 3.9375 0.75 0.09375
v 3.9375 1.3125 0.09375
vt 0.401592254638672 0.09409332275390625
vt 0.483623504638672 0.09409332275390625
vt 0.483623504638672 0.12924957275390625
vt 0.401592254638672 0.12924957275390625
vt 0.029296875 0.2802734375
vt 0.041015625 0.2802734375
vt 0.041015625 0.3154296875
vt 0.029296875 0.3154296875
vt 0.099609375 0.9599609375
vt 0.181640625 0.9599609375
vt 0.181640625 0.9951171875
vt 0.099609375 0.9951171875
vt 0.041015625 0.2802734375
vt 0.052734375 0.2802734375
vt 0.052734375 0.3154296875
vt 0.041015625 0.3154296875
vt 0.380859375 0.5966796875
vt 0.298828125 0.5966796875
vt 0.298828125 0.5849609375
vt 0.380859375 0.5849609375
vt 0.380859375 0.5732421875
vt 0.298828125 0.5732421875
vt 0.298828125 0.5849609375
vt 0.380859375 0.5849609375
vn 0 0 -1
vn 1 0 0
vn 0 0 1
vn -1 0 0
vn 0 1 0
vn 0 -1 0
usemtl m_7c4fd87a-d0f1-9ad7-7479-aa72dea38889
f 353/1057/265 354/1058/265 355/1059/265 356/1060/265
f 357/1061/266 353/1062/266 356/1063/266 358/1064/266
f 359/1065/267 357/1066/267 358/1067/267 360/1068/267
f 354/1069/268 359/1070/268 360/1071/268 355/1072/268
f 360/1073/269 358/1074/269 356/1075/269 355/1076/269
f 354/1077/270 353/1078/270 357/1079/270 359/1080/270
o cube
v 6 0.75 -0.09375
v 5.4375 0.75 -0.09375
v 5.4375 1.3125 -0.09375
v 6 1.3125 -0.09375
v 6 0.75 0.09375
v 6 1.3125 0.09375
v 5.4375 0.75 0.09375
v 5.4375 1.3125 0.09375
vt 0.5615921020507814 0.23513031005859375
vt 0.5967483520507814 0.23513031005859375
vt 0.5967483520507814 0.27028656005859375
vt 0.5615921020507814 0.27028656005859375
vt 0.052734375 0.2802734375
vt 0.064453125 0.2802734375
vt 0.064453125 0.3154296875
vt 0.052734375 0.3154296875
vt 0.263671875 0.5732421875
vt 0.298828125 0.5732421875
vt 0.298828125 0.6083984375
vt 0.263671875 0.6083984375
vt 0.064453125 0.2802734375
vt 0.076171875 0.2802734375
vt 0.076171875 0.3154296875
vt 0.064453125 0.3154296875
vt 0.111328125 0.3154296875
vt 0.076171875 0.3154296875
vt 0.076171875 0.3037109375
vt 0.111328125 0.3037109375
vt 0.146484375 0.3037109375
vt 0.111328125 0.3037109375
vt 0.111328125 0.3154296875
vt 0.146484375 0.3154296875
vn 0 0 -1
vn 1 0 0
vn 0 0 1
vn -1 0 0
vn 0 1 0
vn 0 -1 0
usemtl m_7c4fd87a-d0f1-9ad7-7479-aa72dea38889
f 361/1081/271 362/1082/271 363/1083/271 364/1084/271
f 365/1085/272 361/1086/272 364/1087/272 366/1088/272
f 367/1089/273 365/1090/273 366/1091/273 368/1092/273
f 362/1093/274 367/1094/274 368/1095/274 363/1096/274
f 368/1097/275 366/1098/275 364/1099/275 363/1100/275
f 362/1101/276 361/1102/276 365/1103/276 367/1104/276
o cube
v 6 1.5 -0.09375
v 4.6875 1.5 -0.09375
v 4.6875 2.0625 -0.09375
v 6 2.0625 -0.09375
v 6 1.5 0.09375
v 6 2.0625 0.09375
v 4.6875 1.5 0.09375
v 4.6875 2.0625 0.09375
vt 0.46793365478515636 0.8697967529296875
vt 0.5499649047851564 0.8697967529296875
vt 0.5499649047851564 0.9049530029296875
vt 0.46793365478515636 0.9049530029296875
vt 0.169921875 0.2802734375
vt 0.181640625 0.2802734375
vt 0.181640625 0.3154296875
vt 0.169921875 0.3154296875
vt 0.099609375 0.8896484375
vt 0.181640625 0.8896484375
vt 0.181640625 0.9248046875
vt 0.099609375 0.9248046875
vt 0.181640625 0.2802734375
vt 0.193359375 0.2802734375
vt 0.193359375 0.3154296875
vt 0.181640625 0.3154296875
vt 0.380859375 0.5732421875
vt 0.298828125 0.5732421875
vt 0.298828125 0.5615234375
vt 0.380859375 0.5615234375
vt 0.380859375 0.5498046875
vt 0.298828125 0.5498046875
vt 0.298828125 0.5615234375
vt 0.380859375 0.5615234375
vn 0 0 -1
vn 1 0 0
vn 0 0 1
vn -1 0 0
vn 0 1 0
vn 0 -1 0
usemtl m_7c4fd87a-d0f1-9ad7-7479-aa72dea38889
f 369/1105/277 370/1106/277 371/1107/277 372/1108/277
f 373/1109/278 369/1110/278 372/1111/278 374/1112/278
f 375/1113/279 373/1114/279 374/1115/279 376/1116/279
f 370/1117/280 375/1118/280 376/1119/280 371/1120/280
f 376/1121/281 374/1122/281 372/1123/281 371/1124/281
f 370/1125/282 369/1126/282 373/1127/282 375/1128/282
o cube
v 4.5 1.5 -0.09375
v 3.1875 1.5 -0.09375
v 3.1875 2.0625 -0.09375
v 4.5 2.0625 -0.09375
v 4.5 1.5 0.09375
v 4.5 2.0625 0.09375
v 3.1875 1.5 0.09375
v 3.1875 2.0625 0.09375
vt 0.46793365478515636 0.728759765625
vt 0.5499649047851564 0.728759765625
vt 0.5499649047851564 0.763916015625
vt 0.46793365478515636 0.763916015625
vt 0.193359375 0.2802734375
vt 0.205078125 0.2802734375
vt 0.205078125 0.3154296875
vt 0.193359375 0.3154296875
vt 0.099609375 0.8193359375
vt 0.181640625 0.8193359375
vt 0.181640625 0.8544921875
vt 0.099609375 0.8544921875
vt 0.333984375 0.2919921875
vt 0.345703125 0.2919921875
vt 0.345703125 0.3271484375
vt 0.333984375 0.3271484375
vt 0.380859375 0.5498046875
vt 0.298828125 0.5498046875
vt 0.298828125 0.5380859375
vt 0.380859375 0.5380859375
vt 0.380859375 0.5263671875
vt 0.298828125 0.5263671875
vt 0.298828125 0.5380859375
vt 0.380859375 0.5380859375
vn 0 0 -1
vn 1 0 0
vn 0 0 1
vn -1 0 0
vn 0 1 0
vn 0 -1 0
usemtl m_7c4fd87a-d0f1-9ad7-7479-aa72dea38889
f 377/1129/283 378/1130/283 379/1131/283 380/1132/283
f 381/1133/284 377/1134/284 380/1135/284 382/1136/284
f 383/1137/285 381/1138/285 382/1139/285 384/1140/285
f 378/1141/286 383/1142/286 384/1143/286 379/1144/286
f 384/1145/287 382/1146/287 380/1147/287 379/1148/287
f 378/1149/288 377/1150/288 381/1151/288 383/1152/288
o cube
v 3 1.5 -0.09375
v 1.6875 1.5 -0.09375
v 1.6875 2.0625 -0.09375
v 3 2.0625 -0.09375
v 3 1.5 0.09375
v 3 2.0625 0.09375
v 1.6875 1.5 0.09375
v 1.6875 2.0625 0.09375
vt 0.46793365478515636 0.5877227783203125
vt 0.5499649047851564 0.5877227783203125
vt 0.5499649047851564 0.6228790283203125
vt 0.46793365478515636 0.6228790283203125
vt 0.076171875 0.2685546875
vt 0.087890625 0.2685546875
vt 0.087890625 0.3037109375
vt 0.076171875 0.3037109375
vt 0.099609375 0.7490234375
vt 0.181640625 0.7490234375
vt 0.181640625 0.7841796875
vt 0.099609375 0.7841796875
vt 0.087890625 0.2685546875
vt 0.099609375 0.2685546875
vt 0.099609375 0.3037109375
vt 0.087890625 0.3037109375
vt 0.380859375 0.5263671875
vt 0.298828125 0.5263671875
vt 0.298828125 0.5146484375
vt 0.380859375 0.5146484375
vt 0.380859375 0.5029296875
vt 0.298828125 0.5029296875
vt 0.298828125 0.5146484375
vt 0.380859375 0.5146484375
vn 0 0 -1
vn 1 0 0
vn 0 0 1
vn -1 0 0
vn 0 1 0
vn 0 -1 0
usemtl m_7c4fd87a-d0f1-9ad7-7479-aa72dea38889
f 385/1153/289 386/1154/289 387/1155/289 388/1156/289
f 389/1157/290 385/1158/290 388/1159/290 390/1160/290
f 391/1161/291 389/1162/291 390/1163/291 392/1164/291
f 386/1165/292 391/1166/292 392/1167/292 387/1168/292
f 392/1169/293 390/1170/293 388/1171/293 387/1172/293
f 386/1173/294 385/1174/294 389/1175/294 391/1176/294
o cube
v 1.5 1.5 -0.09375
v 0.1875 1.5 -0.09375
v 0.1875 2.0625 -0.09375
v 1.5 2.0625 -0.09375
v 1.5 1.5 0.09375
v 1.5 2.0625 0.09375
v 0.1875 1.5 0.09375
v 0.1875 2.0625 0.09375
vt 0.46793365478515636 0.446685791015625
vt 0.5499649047851564 0.446685791015625
vt 0.5499649047851564 0.481842041015625
vt 0.46793365478515636 0.481842041015625
vt 0.099609375 0.2685546875
vt 0.111328125 0.2685546875
vt 0.111328125 0.3037109375
vt 0.099609375 0.3037109375
vt 0.099609375 0.6787109375
vt 0.181640625 0.6787109375
vt 0.181640625 0.7138671875
vt 0.099609375 0.7138671875
vt 0.111328125 0.2685546875
vt 0.123046875 0.2685546875
vt 0.123046875 0.3037109375
vt 0.111328125 0.3037109375
vt 0.380859375 0.5029296875
vt 0.298828125 0.5029296875
vt 0.298828125 0.4912109375
vt 0.380859375 0.4912109375
vt 0.380859375 0.4794921875
vt 0.298828125 0.4794921875
vt 0.298828125 0.4912109375
vt 0.380859375 0.4912109375
vn 0 0 -1
vn 1 0 0
vn 0 0 1
vn -1 0 0
vn 0 1 0
vn 0 -1 0
usemtl m_7c4fd87a-d0f1-9ad7-7479-aa72dea38889
f 393/1177/295 394/1178/295 395/1179/295 396/1180/295
f 397/1181/296 393/1182/296 396/1183/296 398/1184/296
f 399/1185/297 397/1186/297 398/1187/297 400/1188/297
f 394/1189/298 399/1190/298 400/1191/298 395/1192/298
f 400/1193/299 398/1194/299 396/1195/299 395/1196/299
f 394/1197/300 393/1198/300 397/1199/300 399/1200/300
o cube
v 0.75 2.25 -0.09375
v 0 2.25 -0.09375
v 0 2.8125 -0.09375
v 0.75 2.8125 -0.09375
v 0.75 2.25 0.09375
v 0.75 2.8125 0.09375
v 0 2.25 0.09375
v 0 2.8125 0.09375
vt 0.5381774902343751 0.6582412719726562
vt 0.5850524902343751 0.6582412719726562
vt 0.5850524902343751 0.6933975219726562
vt 0.5381774902343751 0.6933975219726562
vt 0.123046875 0.2685546875
vt 0.134765625 0.2685546875
vt 0.134765625 0.3037109375
vt 0.123046875 0.3037109375
vt 0.263671875 0.7841796875
vt 0.310546875 0.7841796875
vt 0.310546875 0.8193359375
vt 0.263671875 0.8193359375
vt 0.134765625 0.2685546875
vt 0.146484375 0.2685546875
vt 0.146484375 0.3037109375
vt 0.134765625 0.3037109375
vt 0.357421875 0.6669921875
vt 0.310546875 0.6669921875
vt 0.310546875 0.6552734375
vt 0.357421875 0.6552734375
vt 0.357421875 0.6435546875
vt 0.310546875 0.6435546875
vt 0.310546875 0.6552734375
vt 0.357421875 0.6552734375
vn 0 0 -1
vn 1 0 0
vn 0 0 1
vn -1 0 0
vn 0 1 0
vn 0 -1 0
usemtl m_7c4fd87a-d0f1-9ad7-7479-aa72dea38889
f 401/1201/301 402/1202/301 403/1203/301 404/1204/301
f 405/1205/302 401/1206/302 404/1207/302 406/1208/302
f 407/1209/303 405/1210/303 406/1211/303 408/1212/303
f 402/1213/304 407/1214/304 408/1215/304 403/1216/304
f 408/1217/305 406/1218/305 404/1219/305 403/1220/305
f 402/1221/306 401/1222/306 405/1223/306 407/1224/306
o cube
v 2.25 2.25 -0.09375
v 0.9375 2.25 -0.09375
v 0.9375 2.8125 -0.09375
v 2.25 2.8125 -0.09375
v 2.25 2.25 0.09375
v 2.25 2.8125 0.09375
v 0.9375 2.25 0.09375
v 0.9375 2.8125 0.09375
vt 0.46793365478515636 0.3056488037109375
vt 0.5499649047851564 0.3056488037109375
vt 0.5499649047851564 0.3408050537109375
vt 0.46793365478515636 0.3408050537109375
vt 0.345703125 0.9599609375
vt 0.357421875 0.9599609375
vt 0.357421875 0.9951171875
vt 0.345703125 0.9951171875
vt 0.099609375 0.6083984375
vt 0.181640625 0.6083984375
vt 0.181640625 0.6435546875
vt 0.099609375 0.6435546875
vt 0.345703125 0.9248046875
vt 0.357421875 0.9248046875
vt 0.357421875 0.9599609375
vt 0.345703125 0.9599609375
vt 0.380859375 0.4794921875
vt 0.298828125 0.4794921875
vt 0.298828125 0.4677734375
vt 0.380859375 0.4677734375
vt 0.380859375 0.4560546875
vt 0.298828125 0.4560546875
vt 0.298828125 0.4677734375
vt 0.380859375 0.4677734375
vn 0 0 -1
vn 1 0 0
vn 0 0 1
vn -1 0 0
vn 0 1 0
vn 0 -1 0
usemtl m_7c4fd87a-d0f1-9ad7-7479-aa72dea38889
f 409/1225/307 410/1226/307 411/1227/307 412/1228/307
f 413/1229/308 409/1230/308 412/1231/308 414/1232/308
f 415/1233/309 413/1234/309 414/1235/309 416/1236/309
f 410/1237/310 415/1238/310 416/1239/310 411/1240/310
f 416/1241/311 414/1242/311 412/1243/311 411/1244/311
f 410/1245/312 409/1246/312 413/1247/312 415/1248/312
o cube
v 3.75 2.25 -0.09375
v 2.4375 2.25 -0.09375
v 2.4375 2.8125 -0.09375
v 3.75 2.8125 -0.09375
v 3.75 2.25 0.09375
v 3.75 2.8125 0.09375
v 2.4375 2.25 0.09375
v 2.4375 2.8125 0.09375
vt 0.46793365478515636 0.16461181640625
vt 0.5499649047851564 0.16461181640625
vt 0.5499649047851564 0.19976806640625
vt 0.46793365478515636 0.19976806640625
vt 0.345703125 0.3271484375
vt 0.357421875 0.3271484375
vt 0.357421875 0.3623046875
vt 0.345703125 0.3623046875
vt 0.099609375 0.5380859375
vt 0.181640625 0.5380859375
vt 0.181640625 0.5732421875
vt 0.099609375 0.5732421875
vt 0.345703125 0.2919921875
vt 0.357421875 0.2919921875
vt 0.357421875 0.3271484375
vt 0.345703125 0.3271484375
vt 0.380859375 0.4560546875
vt 0.298828125 0.4560546875
vt 0.298828125 0.4443359375
vt 0.380859375 0.4443359375
vt 0.380859375 0.4326171875
vt 0.298828125 0.4326171875
vt 0.298828125 0.4443359375
vt 0.380859375 0.4443359375
vn 0 0 -1
vn 1 0 0
vn 0 0 1
vn -1 0 0
vn 0 1 0
vn 0 -1 0
usemtl m_7c4fd87a-d0f1-9ad7-7479-aa72dea38889
f 417/1249/313 418/1250/313 419/1251/313 420/1252/313
f 421/1253/314 417/1254/314 420/1255/314 422/1256/314
f 423/1257/315 421/1258/315 422/1259/315 424/1260/315
f 418/1261/316 423/1262/316 424/1263/316 419/1264/316
f 424/1265/317 422/1266/317 420/1267/317 419/1268/317
f 418/1269/318 417/1270/318 421/1271/318 423/1272/318
o cube
v 5.25 2.25 -0.09375
v 3.9375 2.25 -0.09375
v 3.9375 2.8125 -0.09375
v 5.25 2.8125 -0.09375
v 5.25 2.25 0.09375
v 5.25 2.8125 0.09375
v 3.9375 2.25 0.09375
v 3.9375 2.8125 0.09375
vt 0.401592254638672 0.04708099365234375
vt 0.483623504638672 0.04708099365234375
vt 0.483623504638672 0.08223724365234375
vt 0.401592254638672 0.08223724365234375
vt 0.205078125 0.2568359375
vt 0.216796875 0.2568359375
vt 0.216796875 0.2919921875
vt 0.205078125 0.2919921875
vt 0.099609375 0.5029296875
vt 0.181640625 0.5029296875
vt 0.181640625 0.5380859375
vt 0.099609375 0.5380859375
vt 0.216796875 0.2568359375
vt 0.228515625 0.2568359375
vt 0.228515625 0.2919921875
vt 0.216796875 0.2919921875
vt 0.380859375 0.4326171875
vt 0.298828125 0.4326171875
vt 0.298828125 0.4208984375
vt 0.380859375 0.4208984375
vt 0.380859375 0.4091796875
vt 0.298828125 0.4091796875
vt 0.298828125 0.4208984375
vt 0.380859375 0.4208984375
vn 0 0 -1
vn 1 0 0
vn 0 0 1
vn -1 0 0
vn 0 1 0
vn 0 -1 0
usemtl m_7c4fd87a-d0f1-9ad7-7479-aa72dea38889
f 425/1273/319 426/1274/319 427/1275/319 428/1276/319
f 429/1277/320 425/1278/320 428/1279/320 430/1280/320
f 431/1281/321 429/1282/321 430/1283/321 432/1284/321
f 426/1285/322 431/1286/322 432/1287/322 427/1288/322
f 432/1289/323 430/1290/323 428/1291/323 427/1292/323
f 426/1293/324 425/1294/324 429/1295/324 431/1296/324
o cube
v 6 2.25 -0.09375
v 5.4375 2.25 -0.09375
v 5.4375 2.8125 -0.09375
v 6 2.8125 -0.09375
v 6 2.25 0.09375
v 6 2.8125 0.09375
v 5.4375 2.25 0.09375
v 5.4375 2.8125 0.09375
vt 0.5615921020507814 0.09409332275390625
vt 0.5967483520507814 0.09409332275390625
vt 0.5967483520507814 0.12924957275390625
vt 0.5615921020507814 0.12924957275390625
vt 0.228515625 0.2568359375
vt 0.240234375 0.2568359375
vt 0.240234375 0.2919921875
vt 0.228515625 0.2919921875
vt 0.263671875 0.5029296875
vt 0.298828125 0.5029296875
vt 0.298828125 0.5380859375
vt 0.263671875 0.5380859375
vt 0.240234375 0.2568359375
vt 0.251953125 0.2568359375
vt 0.251953125 0.2919921875
vt 0.240234375 0.2919921875
vt 0.287109375 0.2919921875
vt 0.251953125 0.2919921875
vt 0.251953125 0.2802734375
vt 0.287109375 0.2802734375
vt 0.322265625 0.2802734375
vt 0.287109375 0.2802734375
vt 0.287109375 0.2919921875
vt 0.322265625 0.2919921875
vn 0 0 -1
vn 1 0 0
vn 0 0 1
vn -1 0 0
vn 0 1 0
vn 0 -1 0
usemtl m_7c4fd87a-d0f1-9ad7-7479-aa72dea38889
f 433/1297/325 434/1298/325 435/1299/325 436/1300/325
f 437/1301/326 433/1302/326 436/1303/326 438/1304/326
f 439/1305/327 437/1306/327 438/1307/327 440/1308/327
f 434/1309/328 439/1310/328 440/1311/328 435/1312/328
f 440/1313/329 438/1314/329 436/1315/329 435/1316/329
f 434/1317/330 433/1318/330 437/1319/330 439/1320/330
o cube
v 1.5 3 -0.09375
v 0.1875 3 -0.09375
v 0.1875 3.5625 -0.09375
v 1.5 3.5625 -0.09375
v 1.5 3 0.09375
v 1.5 3.5625 0.09375
v 0.1875 3 0.09375
v 0.1875 3.5625 0.09375
vt 0.401592254638672 0.04708099365234375
vt 0.483623504638672 0.04708099365234375
vt 0.483623504638672 0.08223724365234375
vt 0.401592254638672 0.08223724365234375
vt 0.322265625 0.2568359375
vt 0.333984375 0.2568359375
vt 0.333984375 0.2919921875
vt 0.322265625 0.2919921875
vt 0.099609375 0.4677734375
vt 0.181640625 0.4677734375
vt 0.181640625 0.5029296875
vt 0.099609375 0.5029296875
vt 0.333984375 0.2568359375
vt 0.345703125 0.2568359375
vt 0.345703125 0.2919921875
vt 0.333984375 0.2919921875
vt 0.380859375 0.4091796875
vt 0.298828125 0.4091796875
vt 0.298828125 0.3974609375
vt 0.380859375 0.3974609375
vt 0.380859375 0.3857421875
vt 0.298828125 0.3857421875
vt 0.298828125 0.3974609375
vt 0.380859375 0.3974609375
vn 0 0 -1
vn 1 0 0
vn 0 0 1
vn -1 0 0
vn 0 1 0
vn 0 -1 0
usemtl m_7c4fd87a-d0f1-9ad7-7479-aa72dea38889
f 441/1321/331 442/1322/331 443/1323/331 444/1324/331
f 445/1325/332 441/1326/332 444/1327/332 446/1328/332
f 447/1329/333 445/1330/333 446/1331/333 448/1332/333
f 442/1333/334 447/1334/334 448/1335/334 443/1336/334
f 448/1337/335 446/1338/335 444/1339/335 443/1340/335
f 442/1341/336 441/1342/336 445/1343/336 447/1344/336
o cube
v 3 3 -0.09375
v 1.6875 3 -0.09375
v 1.6875 3.5625 -0.09375
v 3 3.5625 -0.09375
v 3 3 0.09375
v 3 3.5625 0.09375
v 1.6875 3 0.09375
v 1.6875 3.5625 0.09375
vt 0.401592254638672 0.04708099365234375
vt 0.483623504638672 0.04708099365234375
vt 0.483623504638672 0.08223724365234375
vt 0.401592254638672 0.08223724365234375
vt 0.345703125 0.2568359375
vt 0.357421875 0.2568359375
vt 0.357421875 0.2919921875
vt 0.345703125 0.2919921875
vt 0.099609375 0.4326171875
vt 0.181640625 0.4326171875
vt 0.181640625 0.4677734375
vt 0.099609375 0.4677734375
vt 0.357421875 0.9599609375
vt 0.369140625 0.9599609375
vt 0.369140625 0.9951171875
vt 0.357421875 0.9951171875
vt 0.380859375 0.3857421875
vt 0.298828125 0.3857421875
vt 0.298828125 0.3740234375
vt 0.380859375 0.3740234375
vt 0.380859375 0.3623046875
vt 0.298828125 0.3623046875
vt 0.298828125 0.3740234375
vt 0.380859375 0.3740234375
vn 0 0 -1
vn 1 0 0
vn 0 0 1
vn -1 0 0
vn 0 1 0
vn 0 -1 0
usemtl m_7c4fd87a-d0f1-9ad7-7479-aa72dea38889
f 449/1345/337 450/1346/337 451/1347/337 452/1348/337
f 453/1349/338 449/1350/338 452/1351/338 454/1352/338
f 455/1353/339 453/1354/339 454/1355/339 456/1356/339
f 450/1357/340 455/1358/340 456/1359/340 451/1360/340
f 456/1361/341 454/1362/341 452/1363/341 451/1364/341
f 450/1365/342 449/1366/342 453/1367/342 455/1368/342
o cube
v 4.5 3 -0.09375
v 3.1875 3 -0.09375
v 3.1875 3.5625 -0.09375
v 4.5 3.5625 -0.09375
v 4.5 3 0.09375
v 4.5 3.5625 0.09375
v 3.1875 3 0.09375
v 3.1875 3.5625 0.09375
vt 0.46793365478515636 0.9403152465820312
vt 0.5499649047851564 0.9403152465820312
vt 0.5499649047851564 0.9754714965820312
vt 0.46793365478515636 0.9754714965820312
vt 0.357421875 0.9248046875
vt 0.369140625 0.9248046875
vt 0.369140625 0.9599609375
vt 0.357421875 0.9599609375
vt 0.181640625 0.9248046875
vt 0.263671875 0.9248046875
vt 0.263671875 0.9599609375
vt 0.181640625 0.9599609375
vt 0.357421875 0.6552734375
vt 0.369140625 0.6552734375
vt 0.369140625 0.6904296875
vt 0.357421875 0.6904296875
vt 0.099609375 0.3388671875
vt 0.017578125 0.3388671875
vt 0.017578125 0.3271484375
vt 0.099609375 0.3271484375
vt 0.181640625 0.3271484375
vt 0.099609375 0.3271484375
vt 0.099609375 0.3388671875
vt 0.181640625 0.3388671875
vn 0 0 -1
vn 1 0 0
vn 0 0 1
vn -1 0 0
vn 0 1 0
vn 0 -1 0
usemtl m_7c4fd87a-d0f1-9ad7-7479-aa72dea38889
f 457/1369/343 458/1370/343 459/1371/343 460/1372/343
f 461/1373/344 457/1374/344 460/1375/344 462/1376/344
f 463/1377/345 461/1378/345 462/1379/345 464/1380/345
f 458/1381/346 463/1382/346 464/1383/346 459/1384/346
f 464/1385/347 462/1386/347 460/1387/347 459/1388/347
f 458/1389/348 457/1390/348 461/1391/348 463/1392/348
o cube
v 6 3 -0.09375
v 4.6875 3 -0.09375
v 4.6875 3.5625 -0.09375
v 6 3.5625 -0.09375
v 6 3 0.09375
v 6 3.5625 0.09375
v 4.6875 3 0.09375
v 4.6875 3.5625 0.09375
vt 0.46793365478515636 0.7992782592773438
vt 0.5499649047851564 0.7992782592773438
vt 0.5499649047851564 0.8344345092773438
vt 0.46793365478515636 0.8344345092773438
vt 0.357421875 0.3271484375
vt 0.369140625 0.3271484375
vt 0.369140625 0.3623046875
vt 0.357421875 0.3623046875
vt 0.181640625 0.8544921875
vt 0.263671875 0.8544921875
vt 0.263671875 0.8896484375
vt 0.181640625 0.8896484375
vt 0.357421875 0.2919921875
vt 0.369140625 0.2919921875
vt 0.369140625 0.3271484375
vt 0.357421875 0.3271484375
vt 0.263671875 0.3388671875
vt 0.181640625 0.3388671875
vt 0.181640625 0.3271484375
vt 0.263671875 0.3271484375
vt 0.345703125 0.3271484375
vt 0.263671875 0.3271484375
vt 0.263671875 0.3388671875
vt 0.345703125 0.3388671875
vn 0 0 -1
vn 1 0 0
vn 0 0 1
vn -1 0 0
vn 0 1 0
vn 0 -1 0
usemtl m_7c4fd87a-d0f1-9ad7-7479-aa72dea38889
f 465/1393/349 466/1394/349 467/1395/349 468/1396/349
f 469/1397/350 465/1398/350 468/1399/350 470/1400/350
f 471/1401/351 469/1402/351 470/1403/351 472/1404/351
f 466/1405/352 471/1406/352 472/1407/352 467/1408/352
f 472/1409/353 470/1410/353 468/1411/353 467/1412/353
f 466/1413/354 465/1414/354 469/1415/354 471/1416/354
o cube
v 0.75 3.75 -0.09375
v 0 3.75 -0.09375
v 0 4.3125 -0.09375
v 0.75 4.3125 -0.09375
v 0.75 3.75 0.09375
v 0.75 4.3125 0.09375
v 0 3.75 0.09375
v 0 4.3125 0.09375
vt 0.5381774902343751 0.5172042846679688
vt 0.5850524902343751 0.5172042846679688
vt 0.5850524902343751 0.5523605346679688
vt 0.5381774902343751 0.5523605346679688
vt 0.357421875 0.2568359375
vt 0.369140625 0.2568359375
vt 0.369140625 0.2919921875
vt 0.357421875 0.2919921875
vt 0.263671875 0.7138671875
vt 0.310546875 0.7138671875
vt 0.310546875 0.7490234375
vt 0.263671875 0.7490234375
vt 0.017578125 0.2451171875
vt 0.029296875 0.2451171875
vt 0.029296875 0.2802734375
vt 0.017578125 0.2802734375
vt 0.064453125 0.3271484375
vt 0.017578125 0.3271484375
vt 0.017578125 0.3154296875
vt 0.064453125 0.3154296875
vt 0.111328125 0.3154296875
vt 0.064453125 0.3154296875
vt 0.064453125 0.3271484375
vt 0.111328125 0.3271484375
vn 0 0 -1
vn 1 0 0
vn 0 0 1
vn -1 0 0
vn 0 1 0
vn 0 -1 0
usemtl m_7c4fd87a-d0f1-9ad7-7479-aa72dea38889
f 473/1417/355 474/1418/355 475/1419/355 476/1420/355
f 477/1421/356 473/1422/356 476/1423/356 478/1424/356
f 479/1425/357 477/1426/357 478/1427/357 480/1428/357
f 474/1429/358 479/1430/358 480/1431/358 475/1432/358
f 480/1433/359 478/1434/359 476/1435/359 475/1436/359
f 474/1437/360 473/1438/360 477/1439/360 479/1440/360
o cube
v 2.25 3.75 -0.09375
v 0.9375 3.75 -0.09375
v 0.9375 4.3125 -0.09375
v 2.25 4.3125 -0.09375
v 2.25 3.75 0.09375
v 2.25 4.3125 0.09375
v 0.9375 3.75 0.09375
v 0.9375 4.3125 0.09375
vt 0.12125396728515636 0.8057022094726562
vt 0.20328521728515636 0.8057022094726562
vt 0.20328521728515636 0.8408584594726562
vt 0.12125396728515636 0.8408584594726562
vt 0.029296875 0.2451171875
vt 0.041015625 0.2451171875
vt 0.041015625 0.2802734375
vt 0.029296875 0.2802734375
vt 0.181640625 0.7841796875
vt 0.263671875 0.7841796875
vt 0.263671875 0.8193359375
vt 0.181640625 0.8193359375
vt 0.041015625 0.2451171875
vt 0.052734375 0.2451171875
vt 0.052734375 0.2802734375
vt 0.041015625 0.2802734375
vt 0.392578125 0.9248046875
vt 0.310546875 0.9248046875
vt 0.310546875 0.9130859375
vt 0.392578125 0.9130859375
vt 0.392578125 0.9013671875
vt 0.310546875 0.9013671875
vt 0.310546875 0.9130859375
vt 0.392578125 0.9130859375
vn 0 0 -1
vn 1 0 0
vn 0 0 1
vn -1 0 0
vn 0 1 0
vn 0 -1 0
usemtl m_7c4fd87a-d0f1-9ad7-7479-aa72dea38889
f 481/1441/361 482/1442/361 483/1443/361 484/1444/361
f 485/1445/362 481/1446/362 484/1447/362 486/1448/362
f 487/1449/363 485/1450/363 486/1451/363 488/1452/363
f 482/1453/364 487/1454/364 488/1455/364 483/1456/364
f 488/1457/365 486/1458/365 484/1459/365 483/1460/365
f 482/1461/366 481/1462/366 485/1463/366 487/1464/366
o cube
v 3.75 3.75 -0.09375
v 2.4375 3.75 -0.09375
v 2.4375 4.3125 -0.09375
v 3.75 4.3125 -0.09375
v 3.75 3.75 0.09375
v 3.75 4.3125 0.09375
v 2.4375 3.75 0.09375
v 2.4375 4.3125 0.09375
vt 0.35172271728515636 0.21739959716796875
vt 0.43375396728515636 0.21739959716796875
vt 0.43375396728515636 0.25255584716796875
vt 0.35172271728515636 0.25255584716796875
vt 0.052734375 0.2451171875
vt 0.064453125 0.2451171875
vt 0.064453125 0.2802734375
vt 0.052734375 0.2802734375
vt 0.181640625 0.7138671875
vt 0.263671875 0.7138671875
vt 0.263671875 0.7490234375
vt 0.181640625 0.7490234375
vt 0.064453125 0.2451171875
vt 0.076171875 0.2451171875
vt 0.076171875 0.2802734375
vt 0.064453125 0.2802734375
vt 0.392578125 0.9013671875
vt 0.310546875 0.9013671875
vt 0.310546875 0.8896484375
vt 0.392578125 0.8896484375
vt 0.392578125 0.8779296875
vt 0.310546875 0.8779296875
vt 0.310546875 0.8896484375
vt 0.392578125 0.8896484375
vn 0 0 -1
vn 1 0 0
vn 0 0 1
vn -1 0 0
vn 0 1 0
vn 0 -1 0
usemtl m_7c4fd87a-d0f1-9ad7-7479-aa72dea38889
f 489/1465/367 490/1466/367 491/1467/367 492/1468/367
f 493/1469/368 489/1470/368 492/1471/368 494/1472/368
f 495/1473/369 493/1474/369 494/1475/369 496/1476/369
f 490/1477/370 495/1478/370 496/1479/370 491/1480/370
f 496/1481/371 494/1482/371 492/1483/371 491/1484/371
f 490/1485/372 489/1486/372 493/1487/372 495/1488/372
o cube
v 5.25 3.75 -0.09375
v 3.9375 3.75 -0.09375
v 3.9375 4.3125 -0.09375
v 5.25 4.3125 -0.09375
v 5.25 3.75 0.09375
v 5.25 4.3125 0.09375
v 3.9375 3.75 0.09375
v 3.9375 4.3125 0.09375
vt 0.5372695922851564 0.7287063598632812
vt 0.6193008422851564 0.7287063598632812
vt 0.6193008422851564 0.7638626098632812
vt 0.5372695922851564 0.7638626098632812
vt 0.146484375 0.2451171875
vt 0.158203125 0.2451171875
vt 0.158203125 0.2802734375
vt 0.146484375 0.2802734375
vt 0.181640625 0.6435546875
vt 0.263671875 0.6435546875
vt 0.263671875 0.6787109375
vt 0.181640625 0.6787109375
vt 0.158203125 0.2451171875
vt 0.169921875 0.2451171875
vt 0.169921875 0.2802734375
vt 0.158203125 0.2802734375
vt 0.392578125 0.8779296875
vt 0.310546875 0.8779296875
vt 0.310546875 0.8662109375
vt 0.392578125 0.8662109375
vt 0.392578125 0.8544921875
vt 0.310546875 0.8544921875
vt 0.310546875 0.8662109375
vt 0.392578125 0.8662109375
vn 0 0 -1
vn 1 0 0
vn 0 0 1
vn -1 0 0
vn 0 1 0
vn 0 -1 0
usemtl m_7c4fd87a-d0f1-9ad7-7479-aa72dea38889
f 497/1489/373 498/1490/373 499/1491/373 500/1492/373
f 501/1493/374 497/1494/374 500/1495/374 502/1496/374
f 503/1497/375 501/1498/375 502/1499/375 504/1500/375
f 498/1501/376 503/1502/376 504/1503/376 499/1504/376
f 504/1505/377 502/1506/377 500/1507/377 499/1508/377
f 498/1509/378 497/1510/378 501/1511/378 503/1512/378
o cube
v 6 3.75 -0.09375
v 5.4375 3.75 -0.09375
v 5.4375 4.3125 -0.09375
v 6 4.3125 -0.09375
v 6 3.75 0.09375
v 6 4.3125 0.09375
v 5.4375 3.75 0.09375
v 5.4375 4.3125 0.09375
vt 0.5615921020507814 0.04708099365234375
vt 0.5967483520507814 0.04708099365234375
vt 0.5967483520507814 0.08223724365234375
vt 0.5615921020507814 0.08223724365234375
vt 0.169921875 0.2451171875
vt 0.181640625 0.2451171875
vt 0.181640625 0.2802734375
vt 0.169921875 0.2802734375
vt 0.263671875 0.4326171875
vt 0.298828125 0.4326171875
vt 0.298828125 0.4677734375
vt 0.263671875 0.4677734375
vt 0.181640625 0.2451171875
vt 0.193359375 0.2451171875
vt 0.193359375 0.2802734375
vt 0.181640625 0.2802734375
vt 0.392578125 0.6552734375
vt 0.357421875 0.6552734375
vt 0.357421875 0.6435546875
vt 0.392578125 0.6435546875
vt 0.287109375 0.2685546875
vt 0.251953125 0.2685546875
vt 0.251953125 0.2802734375
vt 0.287109375 0.2802734375
vn 0 0 -1
vn 1 0 0
vn 0 0 1
vn -1 0 0
vn 0 1 0
vn 0 -1 0
usemtl m_7c4fd87a-d0f1-9ad7-7479-aa72dea38889
f 505/1513/379 506/1514/379 507/1515/379 508/1516/379
f 509/1517/380 505/1518/380 508/1519/380 510/1520/380
f 511/1521/381 509/1522/381 510/1523/381 512/1524/381
f 506/1525/382 511/1526/382 512/1527/382 507/1528/382
f 512/1529/383 510/1530/383 508/1531/383 507/1532/383
f 506/1533/384 505/1534/384 509/1535/384 511/1536/384
o cube
v 1.5 4.5 -0.09375
v 0.1875 4.5 -0.09375
v 0.1875 5.0625 -0.09375
v 1.5 5.0625 -0.09375
v 1.5 4.5 0.09375
v 1.5 5.0625 0.09375
v 0.1875 4.5 0.09375
v 0.1875 5.0625 0.09375
vt 0.46793365478515636 0.23513031005859375
vt 0.5499649047851564 0.23513031005859375
vt 0.5499649047851564 0.27028656005859375
vt 0.46793365478515636 0.27028656005859375
vt 0.193359375 0.2451171875
vt 0.205078125 0.2451171875
vt 0.205078125 0.2802734375
vt 0.193359375 0.2802734375
vt 0.181640625 0.5732421875
vt 0.263671875 0.5732421875
vt 0.263671875 0.6083984375
vt 0.181640625 0.6083984375
vt 0.287109375 0.2451171875
vt 0.298828125 0.2451171875
vt 0.298828125 0.2802734375
vt 0.287109375 0.2802734375
vt 0.392578125 0.8544921875
vt 0.310546875 0.8544921875
vt 0.310546875 0.8427734375
vt 0.392578125 0.8427734375
vt 0.392578125 0.8310546875
vt 0.310546875 0.8310546875
vt 0.310546875 0.8427734375
vt 0.392578125 0.8427734375
vn 0 0 -1
vn 1 0 0
vn 0 0 1
vn -1 0 0
vn 0 1 0
vn 0 -1 0
usemtl m_7c4fd87a-d0f1-9ad7-7479-aa72dea38889
f 513/1537/385 514/1538/385 515/1539/385 516/1540/385
f 517/1541/386 513/1542/386 516/1543/386 518/1544/386
f 519/1545/387 517/1546/387 518/1547/387 520/1548/387
f 514/1549/388 519/1550/388 520/1551/388 515/1552/388
f 520/1553/389 518/1554/389 516/1555/389 515/1556/389
f 514/1557/390 513/1558/390 517/1559/390 519/1560/390
o cube
v 3 4.5 -0.09375
v 1.6875 4.5 -0.09375
v 1.6875 5.0625 -0.09375
v 3 5.0625 -0.09375
v 3 4.5 0.09375
v 3 5.0625 0.09375
v 1.6875 4.5 0.09375
v 1.6875 5.0625 0.09375
vt 0.46793365478515636 0.09409332275390625
vt 0.5499649047851564 0.09409332275390625
vt 0.5499649047851564 0.12924957275390625
vt 0.46793365478515636 0.12924957275390625
vt 0.298828125 0.2451171875
vt 0.310546875 0.2451171875
vt 0.310546875 0.2802734375
vt 0.298828125 0.2802734375
vt 0.181640625 0.5029296875
vt 0.263671875 0.5029296875
vt 0.263671875 0.5380859375
vt 0.181640625 0.5380859375
vt 0.310546875 0.2451171875
vt 0.322265625 0.2451171875
vt 0.322265625 0.2802734375
vt 0.310546875 0.2802734375
vt 0.392578125 0.8310546875
vt 0.310546875 0.8310546875
vt 0.310546875 0.8193359375
vt 0.392578125 0.8193359375
vt 0.392578125 0.8076171875
vt 0.310546875 0.8076171875
vt 0.310546875 0.8193359375
vt 0.392578125 0.8193359375
vn 0 0 -1
vn 1 0 0
vn 0 0 1
vn -1 0 0
vn 0 1 0
vn 0 -1 0
usemtl m_7c4fd87a-d0f1-9ad7-7479-aa72dea38889
f 521/1561/391 522/1562/391 523/1563/391 524/1564/391
f 525/1565/392 521/1566/392 524/1567/392 526/1568/392
f 527/1569/393 525/1570/393 526/1571/393 528/1572/393
f 522/1573/394 527/1574/394 528/1575/394 523/1576/394
f 528/1577/395 526/1578/395 524/1579/395 523/1580/395
f 522/1581/396 521/1582/396 525/1583/396 527/1584/396
o cube
v 4.5 4.5 -0.09375
v 3.1875 4.5 -0.09375
v 3.1875 5.0625 -0.09375
v 4.5 5.0625 -0.09375
v 4.5 4.5 0.09375
v 4.5 5.0625 0.09375
v 3.1875 4.5 0.09375
v 3.1875 5.0625 0.09375
vt 0.46793365478515636 0.04708099365234375
vt 0.5499649047851564 0.04708099365234375
vt 0.5499649047851564 0.08223724365234375
vt 0.46793365478515636 0.08223724365234375
vt 0.369140625 0.9599609375
vt 0.380859375 0.9599609375
vt 0.380859375 0.9951171875
vt 0.369140625 0.9951171875
vt 0.181640625 0.4326171875
vt 0.263671875 0.4326171875
vt 0.263671875 0.4677734375
vt 0.181640625 0.4677734375
vt 0.369140625 0.9248046875
vt 0.380859375 0.9248046875
vt 0.380859375 0.9599609375
vt 0.369140625 0.9599609375
vt 0.392578125 0.8076171875
vt 0.310546875 0.8076171875
vt 0.310546875 0.7958984375
vt 0.392578125 0.7958984375
vt 0.392578125 0.7841796875
vt 0.310546875 0.7841796875
vt 0.310546875 0.7958984375
vt 0.392578125 0.7958984375
vn 0 0 -1
vn 1 0 0
vn 0 0 1
vn -1 0 0
vn 0 1 0
vn 0 -1 0
usemtl m_7c4fd87a-d0f1-9ad7-7479-aa72dea38889
f 529/1585/397 530/1586/397 531/1587/397 532/1588/397
f 533/1589/398 529/1590/398 532/1591/398 534/1592/398
f 535/1593/399 533/1594/399 534/1595/399 536/1596/399
f 530/1597/400 535/1598/400 536/1599/400 531/1600/400
f 536/1601/401 534/1602/401 532/1603/401 531/1604/401
f 530/1605/402 529/1606/402 533/1607/402 535/1608/402
o cube
v 6 4.5 -0.09375
v 4.6875 4.5 -0.09375
v 4.6875 5.0625 -0.09375
v 6 5.0625 -0.09375
v 6 4.5 0.09375
v 6 5.0625 0.09375
v 4.6875 4.5 0.09375
v 4.6875 5.0625 0.09375
vt 0.401592254638672 0.04708099365234375
vt 0.483623504638672 0.04708099365234375
vt 0.483623504638672 0.08223724365234375
vt 0.401592254638672 0.08223724365234375
vt 0.369140625 0.6552734375
vt 0.380859375 0.6552734375
vt 0.380859375 0.6904296875
vt 0.369140625 0.6904296875
vt 0.099609375 0.3974609375
vt 0.181640625 0.3974609375
vt 0.181640625 0.4326171875
vt 0.099609375 0.4326171875
vt 0.369140625 0.3271484375
vt 0.380859375 0.3271484375
vt 0.380859375 0.3623046875
vt 0.369140625 0.3623046875
vt 0.392578125 0.7841796875
vt 0.310546875 0.7841796875
vt 0.310546875 0.7724609375
vt 0.392578125 0.7724609375
vt 0.392578125 0.7607421875
vt 0.310546875 0.7607421875
vt 0.310546875 0.7724609375
vt 0.392578125 0.7724609375
vn 0 0 -1
vn 1 0 0
vn 0 0 1
vn -1 0 0
vn 0 1 0
vn 0 -1 0
usemtl m_7c4fd87a-d0f1-9ad7-7479-aa72dea38889
f 537/1609/403 538/1610/403 539/1611/403 540/1612/403
f 541/1613/404 537/1614/404 540/1615/404 542/1616/404
f 543/1617/405 541/1618/405 542/1619/405 544/1620/405
f 538/1621/406 543/1622/406 544/1623/406 539/1624/406
f 544/1625/407 542/1626/407 540/1627/407 539/1628/407
f 538/1629/408 537/1630/408 541/1631/408 543/1632/408
o cube
v 0.75 5.25 -0.09375
v 0 5.25 -0.09375
v 0 5.8125 -0.09375
v 0.75 5.8125 -0.09375
v 0.75 5.25 0.09375
v 0.75 5.8125 0.09375
v 0 5.25 0.09375
v 0 5.8125 0.09375
vt 0.5381774902343751 0.37616729736328125
vt 0.5850524902343751 0.37616729736328125
vt 0.5850524902343751 0.41132354736328125
vt 0.5381774902343751 0.41132354736328125
vt 0.369140625 0.2919921875
vt 0.380859375 0.2919921875
vt 0.380859375 0.3271484375
vt 0.369140625 0.3271484375
vt 0.263671875 0.6435546875
vt 0.310546875 0.6435546875
vt 0.310546875 0.6787109375
vt 0.263671875 0.6787109375
vt 0.369140625 0.2568359375
vt 0.380859375 0.2568359375
vt 0.380859375 0.2919921875
vt 0.369140625 0.2919921875
vt 0.158203125 0.3271484375
vt 0.111328125 0.3271484375
vt 0.111328125 0.3154296875
vt 0.158203125 0.3154296875
vt 0.205078125 0.3154296875
vt 0.158203125 0.3154296875
vt 0.158203125 0.3271484375
vt 0.205078125 0.3271484375
vn 0 0 -1
vn 1 0 0
vn 0 0 1
vn -1 0 0
vn 0 1 0
vn 0 -1 0
usemtl m_7c4fd87a-d0f1-9ad7-7479-aa72dea38889
f 545/1633/409 546/1634/409 547/1635/409 548/1636/409
f 549/1637/410 545/1638/410 548/1639/410 550/1640/410
f 551/1641/411 549/1642/411 550/1643/411 552/1644/411
f 546/1645/412 551/1646/412 552/1647/412 547/1648/412
f 552/1649/413 550/1650/413 548/1651/413 547/1652/413
f 546/1653/414 545/1654/414 549/1655/414 551/1656/414
o cube
v 2.25 5.25 -0.09375
v 0.9375 5.25 -0.09375
v 0.9375 5.8125 -0.09375
v 2.25 5.8125 -0.09375
v 2.25 5.25 0.09375
v 2.25 5.8125 0.09375
v 0.9375 5.25 0.09375
v 0.9375 5.8125 0.09375
vt 0.46793365478515636 0.04708099365234375
vt 0.5499649047851564 0.04708099365234375
vt 0.5499649047851564 0.08223724365234375
vt 0.46793365478515636 0.08223724365234375
vt 0.076171875 0.2333984375
vt 0.087890625 0.2333984375
vt 0.087890625 0.2685546875
vt 0.076171875 0.2685546875
vt 0.017578125 0.3623046875
vt 0.099609375 0.3623046875
vt 0.099609375 0.3974609375
vt 0.017578125 0.3974609375
vt 0.087890625 0.2333984375
vt 0.099609375 0.2333984375
vt 0.099609375 0.2685546875
vt 0.087890625 0.2685546875
vt 0.392578125 0.7607421875
vt 0.310546875 0.7607421875
vt 0.310546875 0.7490234375
vt 0.392578125 0.7490234375
vt 0.392578125 0.7373046875
vt 0.310546875 0.7373046875
vt 0.310546875 0.7490234375
vt 0.392578125 0.7490234375
vn 0 0 -1
vn 1 0 0
vn 0 0 1
vn -1 0 0
vn 0 1 0
vn 0 -1 0
usemtl m_7c4fd87a-d0f1-9ad7-7479-aa72dea38889
f 553/1657/415 554/1658/415 555/1659/415 556/1660/415
f 557/1661/416 553/1662/416 556/1663/416 558/1664/416
f 559/1665/417 557/1666/417 558/1667/417 560/1668/417
f 554/1669/418 559/1670/418 560/1671/418 555/1672/418
f 560/1673/419 558/1674/419 556/1675/419 555/1676/419
f 554/1677/420 553/1678/420 557/1679/420 559/1680/420
o cube
v 3.75 5.25 -0.09375
v 2.4375 5.25 -0.09375
v 2.4375 5.8125 -0.09375
v 3.75 5.8125 -0.09375
v 3.75 5.25 0.09375
v 3.75 5.8125 0.09375
v 2.4375 5.25 0.09375
v 2.4375 5.8125 0.09375
vt 0.46793365478515636 0.04708099365234375
vt 0.5499649047851564 0.04708099365234375
vt 0.5499649047851564 0.08223724365234375
vt 0.46793365478515636 0.08223724365234375
vt 0.099609375 0.2333984375
vt 0.111328125 0.2333984375
vt 0.111328125 0.2685546875
vt 0.099609375 0.2685546875
vt 0.181640625 0.3623046875
vt 0.263671875 0.3623046875
vt 0.263671875 0.3974609375
vt 0.181640625 0.3974609375
vt 0.111328125 0.2333984375
vt 0.123046875 0.2333984375
vt 0.123046875 0.2685546875
vt 0.111328125 0.2685546875
vt 0.392578125 0.7373046875
vt 0.310546875 0.7373046875
vt 0.310546875 0.7255859375
vt 0.392578125 0.7255859375
vt 0.392578125 0.7138671875
vt 0.310546875 0.7138671875
vt 0.310546875 0.7255859375
vt 0.392578125 0.7255859375
vn 0 0 -1
vn 1 0 0
vn 0 0 1
vn -1 0 0
vn 0 1 0
vn 0 -1 0
usemtl m_7c4fd87a-d0f1-9ad7-7479-aa72dea38889
f 561/1681/421 562/1682/421 563/1683/421 564/1684/421
f 565/1685/422 561/1686/422 564/1687/422 566/1688/422
f 567/1689/423 565/1690/423 566/1691/423 568/1692/423
f 562/1693/424 567/1694/424 568/1695/424 563/1696/424
f 568/1697/425 566/1698/425 564/1699/425 563/1700/425
f 562/1701/426 561/1702/426 565/1703/426 567/1704/426
o cube
v 5.25 5.25 -0.09375
v 3.9375 5.25 -0.09375
v 3.9375 5.8125 -0.09375
v 5.25 5.8125 -0.09375
v 5.25 5.25 0.09375
v 5.25 5.8125 0.09375
v 3.9375 5.25 0.09375
v 3.9375 5.8125 0.09375
vt 0.46793365478515636 0.9403152465820312
vt 0.5499649047851564 0.9403152465820312
vt 0.5499649047851564 0.9754714965820312
vt 0.46793365478515636 0.9754714965820312
vt 0.123046875 0.2333984375
vt 0.134765625 0.2333984375
vt 0.134765625 0.2685546875
vt 0.123046875 0.2685546875
vt 0.263671875 0.9248046875
vt 0.345703125 0.9248046875
vt 0.345703125 0.9599609375
vt 0.263671875 0.9599609375
vt 0.134765625 0.2333984375
vt 0.146484375 0.2333984375
vt 0.146484375 0.2685546875
vt 0.134765625 0.2685546875
vt 0.392578125 0.7138671875
vt 0.310546875 0.7138671875
vt 0.310546875 0.7021484375
vt 0.392578125 0.7021484375
vt 0.392578125 0.6904296875
vt 0.310546875 0.6904296875
vt 0.310546875 0.7021484375
vt 0.392578125 0.7021484375
vn 0 0 -1
vn 1 0 0
vn 0 0 1
vn -1 0 0
vn 0 1 0
vn 0 -1 0
usemtl m_7c4fd87a-d0f1-9ad7-7479-aa72dea38889
f 569/1705/427 570/1706/427 571/1707/427 572/1708/427
f 573/1709/428 569/1710/428 572/1711/428 574/1712/428
f 575/1713/429 573/1714/429 574/1715/429 576/1716/429
f 570/1717/430 575/1718/430 576/1719/430 571/1720/430
f 576/1721/431 574/1722/431 572/1723/431 571/1724/431
f 570/1725/432 569/1726/432 573/1727/432 575/1728/432
o cube
v 6 5.25 -0.09375
v 5.4375 5.25 -0.09375
v 5.4375 5.8125 -0.09375
v 6 5.8125 -0.09375
v 6 5.25 0.09375
v 6 5.8125 0.09375
v 5.4375 5.25 0.09375
v 5.4375 5.8125 0.09375
vt 0.5615921020507814 0.04708099365234375
vt 0.5967483520507814 0.04708099365234375
vt 0.5967483520507814 0.08223724365234375
vt 0.5615921020507814 0.08223724365234375
vt 0.251953125 0.2333984375
vt 0.263671875 0.2333984375
vt 0.263671875 0.2685546875
vt 0.251953125 0.2685546875
vt 0.263671875 0.3623046875
vt 0.298828125 0.3623046875
vt 0.298828125 0.3974609375
vt 0.263671875 0.3974609375
vt 0.263671875 0.2333984375
vt 0.275390625 0.2333984375
vt 0.275390625 0.2685546875
vt 0.263671875 0.2685546875
vt 0.416015625 0.9951171875
vt 0.380859375 0.9951171875
vt 0.380859375 0.9833984375
vt 0.416015625 0.9833984375
vt 0.416015625 0.9716796875
vt 0.380859375 0.9716796875
vt 0.380859375 0.9833984375
vt 0.416015625 0.9833984375
vn 0 0 -1
vn 1 0 0
vn 0 0 1
vn -1 0 0
vn 0 1 0
vn 0 -1 0
usemtl m_7c4fd87a-d0f1-9ad7-7479-aa72dea38889
f 577/1729/433 578/1730/433 579/1731/433 580/1732/433
f 581/1733/434 577/1734/434 580/1735/434 582/1736/434
f 583/1737/435 581/1738/435 582/1739/435 584/1740/435
f 578/1741/436 583/1742/436 584/1743/436 579/1744/436
f 584/1745/437 582/1746/437 580/1747/437 579/1748/437
f 578/1749/438 577/1750/438 581/1751/438 583/1752/438
o cube
v 6 0 0
v 0 0 0
v 0 6 0
v 6 6 0
v 6 0 0.15625
v 6 6 0.15625
v 0 0 0.15625
v 0 6 0.15625
vt 0 0.625
vt 0.375 0.625
vt 0.375 1
vt 0 1
vt 0.375 0.625
vt 0.384765625 0.625
vt 0.384765625 1
vt 0.375 1
vt 0 0.625
vt 0.375 0.625
vt 0.375 1
vt 0 1
vt 0.375 0.25
vt 0.384765625 0.25
vt 0.384765625 0.625
vt 0.375 0.625
vt 0.759765625 1
vt 0.384765625 1
vt 0.384765625 0.990234375
vt 0.759765625 0.990234375
vt 0.759765625 0.98046875
vt 0.384765625 0.98046875
vt 0.384765625 0.990234375
vt 0.759765625 0.990234375
vn 0 0 -1
vn 1 0 0
vn 0 0 1
vn -1 0 0
vn 0 1 0
vn 0 -1 0
usemtl m_7c4fd87a-d0f1-9ad7-7479-aa72dea38889
f 585/1753/439 586/1754/439 587/1755/439 588/1756/439
f 589/1757/440 585/1758/440 588/1759/440 590/1760/440
f 591/1761/441 589/1762/441 590/1763/441 592/1764/441
f 586/1765/442 591/1766/442 592/1767/442 587/1768/442
f 592/1769/443 590/1770/443 588/1771/443 587/1772/443
f 586/1773/444 585/1774/444 589/1775/444 591/1776/444
o cube
v 0.75 6.75 -0.09375
v 0 6.75 -0.09375
v 0 7.3125 -0.09375
v 0.75 7.3125 -0.09375
v 0.75 6.75 0.09375
v 0.75 7.3125 0.09375
v 0 6.75 0.09375
v 0 7.3125 0.09375
vt 0.5381774902343751 0.7992782592773438
vt 0.5850524902343751 0.7992782592773438
vt 0.5850524902343751 0.8344345092773438
vt 0.5381774902343751 0.8344345092773438
vt 0.146484375 0.2802734375
vt 0.158203125 0.2802734375
vt 0.158203125 0.3154296875
vt 0.146484375 0.3154296875
vt 0.263671875 0.8544921875
vt 0.310546875 0.8544921875
vt 0.310546875 0.8896484375
vt 0.263671875 0.8896484375
vt 0.158203125 0.2802734375
vt 0.169921875 0.2802734375
vt 0.169921875 0.3154296875
vt 0.158203125 0.3154296875
vt 0.357421875 0.6904296875
vt 0.310546875 0.6904296875
vt 0.310546875 0.6787109375
vt 0.357421875 0.6787109375
vt 0.357421875 0.6669921875
vt 0.310546875 0.6669921875
vt 0.310546875 0.6787109375
vt 0.357421875 0.6787109375
vn 0 0 -1
vn 1 0 0
vn 0 0 1
vn -1 0 0
vn 0 1 0
vn 0 -1 0
usemtl m_7c4fd87a-d0f1-9ad7-7479-aa72dea38889
f 593/1777/445 594/1778/445 595/1779/445 596/1780/445
f 597/1781/446 593/1782/446 596/1783/446 598/1784/446
f 599/1785/447 597/1786/447 598/1787/447 600/1788/447
f 594/1789/448 599/1790/448 600/1791/448 595/1792/448
f 600/1793/449 598/1794/449 596/1795/449 595/1796/449
f 594/1797/450 593/1798/450 597/1799/450 599/1800/450
o cube
v 4.5 6 -0.09375
v 3.1875 6 -0.09375
v 3.1875 6.5625 -0.09375
v 4.5 6.5625 -0.09375
v 4.5 6 0.09375
v 4.5 6.5625 0.09375
v 3.1875 6 0.09375
v 3.1875 6.5625 0.09375
vt 0.401592254638672 0.9403152465820312
vt 0.483623504638672 0.9403152465820312
vt 0.483623504638672 0.9754714965820312
vt 0.401592254638672 0.9754714965820312
vt 0.205078125 0.2919921875
vt 0.216796875 0.2919921875
vt 0.216796875 0.3271484375
vt 0.205078125 0.3271484375
vt 0.017578125 0.9248046875
vt 0.099609375 0.9248046875
vt 0.099609375 0.9599609375
vt 0.017578125 0.9599609375
vt 0.216796875 0.2919921875
vt 0.228515625 0.2919921875
vt 0.228515625 0.3271484375
vt 0.216796875 0.3271484375
vt 0.099609375 0.3623046875
vt 0.017578125 0.3623046875
vt 0.017578125 0.3505859375
vt 0.099609375 0.3505859375
vt 0.181640625 0.3505859375
vt 0.099609375 0.3505859375
vt 0.099609375 0.3623046875
vt 0.181640625 0.3623046875
vn 0 0 -1
vn 1 0 0
vn 0 0 1
vn -1 0 0
vn 0 1 0
vn 0 -1 0
usemtl m_7c4fd87a-d0f1-9ad7-7479-aa72dea38889
f 601/1801/451 602/1802/451 603/1803/451 604/1804/451
f 605/1805/452 601/1806/452 604/1807/452 606/1808/452
f 607/1809/453 605/1810/453 606/1811/453 608/1812/453
f 602/1813/454 607/1814/454 608/1815/454 603/1816/454
f 608/1817/455 606/1818/455 604/1819/455 603/1820/455
f 602/1821/456 601/1822/456 605/1823/456 607/1824/456
o cube
v 6 6 -0.09375
v 4.6875 6 -0.09375
v 4.6875 6.5625 -0.09375
v 6 6.5625 -0.09375
v 6 6 0.09375
v 6 6.5625 0.09375
v 4.6875 6 0.09375
v 4.6875 6.5625 0.09375
vt 0.401592254638672 0.7992782592773438
vt 0.483623504638672 0.7992782592773438
vt 0.483623504638672 0.8344345092773438
vt 0.401592254638672 0.8344345092773438
vt 0.228515625 0.2919921875
vt 0.240234375 0.2919921875
vt 0.240234375 0.3271484375
vt 0.228515625 0.3271484375
vt 0.017578125 0.8544921875
vt 0.099609375 0.8544921875
vt 0.099609375 0.8896484375
vt 0.017578125 0.8896484375
vt 0.240234375 0.2919921875
vt 0.251953125 0.2919921875
vt 0.251953125 0.3271484375
vt 0.240234375 0.3271484375
vt 0.263671875 0.3623046875
vt 0.181640625 0.3623046875
vt 0.181640625 0.3505859375
vt 0.263671875 0.3505859375
vt 0.345703125 0.3505859375
vt 0.263671875 0.3505859375
vt 0.263671875 0.3623046875
vt 0.345703125 0.3623046875
vn 0 0 -1
vn 1 0 0
vn 0 0 1
vn -1 0 0
vn 0 1 0
vn 0 -1 0
usemtl m_7c4fd87a-d0f1-9ad7-7479-aa72dea38889
f 609/1825/457 610/1826/457 611/1827/457 612/1828/457
f 613/1829/458 609/1830/458 612/1831/458 614/1832/458
f 615/1833/459 613/1834/459 614/1835/459 616/1836/459
f 610/1837/460 615/1838/460 616/1839/460 611/1840/460
f 616/1841/461 614/1842/461 612/1843/461 611/1844/461
f 610/1845/462 609/1846/462 613/1847/462 615/1848/462
o cube
v 3 6 -0.09375
v 1.6875 6 -0.09375
v 1.6875 6.5625 -0.09375
v 3 6.5625 -0.09375
v 3 6 0.09375
v 3 6.5625 0.09375
v 1.6875 6 0.09375
v 1.6875 6.5625 0.09375
vt 0.401592254638672 0.6582412719726562
vt 0.483623504638672 0.6582412719726562
vt 0.483623504638672 0.6933975219726562
vt 0.401592254638672 0.6933975219726562
vt 0.251953125 0.2919921875
vt 0.263671875 0.2919921875
vt 0.263671875 0.3271484375
vt 0.251953125 0.3271484375
vt 0.017578125 0.7841796875
vt 0.099609375 0.7841796875
vt 0.099609375 0.8193359375
vt 0.017578125 0.8193359375
vt 0.263671875 0.2919921875
vt 0.275390625 0.2919921875
vt 0.275390625 0.3271484375
vt 0.263671875 0.3271484375
vt 0.099609375 0.3505859375
vt 0.017578125 0.3505859375
vt 0.017578125 0.3388671875
vt 0.099609375 0.3388671875
vt 0.181640625 0.3388671875
vt 0.099609375 0.3388671875
vt 0.099609375 0.3505859375
vt 0.181640625 0.3505859375
vn 0 0 -1
vn 1 0 0
vn 0 0 1
vn -1 0 0
vn 0 1 0
vn 0 -1 0
usemtl m_7c4fd87a-d0f1-9ad7-7479-aa72dea38889
f 617/1849/463 618/1850/463 619/1851/463 620/1852/463
f 621/1853/464 617/1854/464 620/1855/464 622/1856/464
f 623/1857/465 621/1858/465 622/1859/465 624/1860/465
f 618/1861/466 623/1862/466 624/1863/466 619/1864/466
f 624/1865/467 622/1866/467 620/1867/467 619/1868/467
f 618/1869/468 617/1870/468 621/1871/468 623/1872/468
o cube
v 2.25 6.75 -0.09375
v 0.9375 6.75 -0.09375
v 0.9375 7.3125 -0.09375
v 2.25 7.3125 -0.09375
v 2.25 6.75 0.09375
v 2.25 7.3125 0.09375
v 0.9375 6.75 0.09375
v 0.9375 7.3125 0.09375
vt 0.401592254638672 0.5172042846679688
vt 0.483623504638672 0.5172042846679688
vt 0.483623504638672 0.5523605346679688
vt 0.401592254638672 0.5523605346679688
vt 0.275390625 0.2919921875
vt 0.287109375 0.2919921875
vt 0.287109375 0.3271484375
vt 0.275390625 0.3271484375
vt 0.017578125 0.7138671875
vt 0.099609375 0.7138671875
vt 0.099609375 0.7490234375
vt 0.017578125 0.7490234375
vt 0.287109375 0.2919921875
vt 0.298828125 0.2919921875
vt 0.298828125 0.3271484375
vt 0.287109375 0.3271484375
vt 0.263671875 0.3505859375
vt 0.181640625 0.3505859375
vt 0.181640625 0.3388671875
vt 0.263671875 0.3388671875
vt 0.345703125 0.3388671875
vt 0.263671875 0.3388671875
vt 0.263671875 0.3505859375
vt 0.345703125 0.3505859375
vn 0 0 -1
vn 1 0 0
vn 0 0 1
vn -1 0 0
vn 0 1 0
vn 0 -1 0
usemtl m_7c4fd87a-d0f1-9ad7-7479-aa72dea38889
f 625/1873/469 626/1874/469 627/1875/469 628/1876/469
f 629/1877/470 625/1878/470 628/1879/470 630/1880/470
f 631/1881/471 629/1882/471 630/1883/471 632/1884/471
f 626/1885/472 631/1886/472 632/1887/472 627/1888/472
f 632/1889/473 630/1890/473 628/1891/473 627/1892/473
f 626/1893/474 625/1894/474 629/1895/474 631/1896/474
o cube
v 1.5 6 -0.09375
v 0.1875 6 -0.09375
v 0.1875 6.5625 -0.09375
v 1.5 6.5625 -0.09375
v 1.5 6 0.09375
v 1.5 6.5625 0.09375
v 0.1875 6 0.09375
v 0.1875 6.5625 0.09375
vt 0.401592254638672 0.37616729736328125
vt 0.483623504638672 0.37616729736328125
vt 0.483623504638672 0.41132354736328125
vt 0.401592254638672 0.41132354736328125
vt 0.298828125 0.2919921875
vt 0.310546875 0.2919921875
vt 0.310546875 0.3271484375
vt 0.298828125 0.3271484375
vt 0.017578125 0.6435546875
vt 0.099609375 0.6435546875
vt 0.099609375 0.6787109375
vt 0.017578125 0.6787109375
vt 0.310546875 0.2919921875
vt 0.322265625 0.2919921875
vt 0.322265625 0.3271484375
vt 0.310546875 0.3271484375
vt 0.380859375 0.6435546875
vt 0.298828125 0.6435546875
vt 0.298828125 0.6318359375
vt 0.380859375 0.6318359375
vt 0.380859375 0.6201171875
vt 0.298828125 0.6201171875
vt 0.298828125 0.6318359375
vt 0.380859375 0.6318359375
vn 0 0 -1
vn 1 0 0
vn 0 0 1
vn -1 0 0
vn 0 1 0
vn 0 -1 0
usemtl m_7c4fd87a-d0f1-9ad7-7479-aa72dea38889
f 633/1897/475 634/1898/475 635/1899/475 636/1900/475
f 637/1901/476 633/1902/476 636/1903/476 638/1904/476
f 639/1905/477 637/1906/477 638/1907/477 640/1908/477
f 634/1909/478 639/1910/478 640/1911/478 635/1912/478
f 640/1913/479 638/1914/479 636/1915/479 635/1916/479
f 634/1917/480 633/1918/480 637/1919/480 639/1920/480
o cube
v 3.75 6.75 -0.09375
v 2.4375 6.75 -0.09375
v 2.4375 7.3125 -0.09375
v 3.75 7.3125 -0.09375
v 3.75 6.75 0.09375
v 3.75 7.3125 0.09375
v 2.4375 6.75 0.09375
v 2.4375 7.3125 0.09375
vt 0.401592254638672 0.23513031005859375
vt 0.483623504638672 0.23513031005859375
vt 0.483623504638672 0.27028656005859375
vt 0.401592254638672 0.27028656005859375
vt 0.322265625 0.2919921875
vt 0.333984375 0.2919921875
vt 0.333984375 0.3271484375
vt 0.322265625 0.3271484375
vt 0.017578125 0.5732421875
vt 0.099609375 0.5732421875
vt 0.099609375 0.6083984375
vt 0.017578125 0.6083984375
vt 0.017578125 0.2802734375
vt 0.029296875 0.2802734375
vt 0.029296875 0.3154296875
vt 0.017578125 0.3154296875
vt 0.380859375 0.6201171875
vt 0.298828125 0.6201171875
vt 0.298828125 0.6083984375
vt 0.380859375 0.6083984375
vt 0.380859375 0.5966796875
vt 0.298828125 0.5966796875
vt 0.298828125 0.6083984375
vt 0.380859375 0.6083984375
vn 0 0 -1
vn 1 0 0
vn 0 0 1
vn -1 0 0
vn 0 1 0
vn 0 -1 0
usemtl m_7c4fd87a-d0f1-9ad7-7479-aa72dea38889
f 641/1921/481 642/1922/481 643/1923/481 644/1924/481
f 645/1925/482 641/1926/482 644/1927/482 646/1928/482
f 647/1929/483 645/1930/483 646/1931/483 648/1932/483
f 642/1933/484 647/1934/484 648/1935/484 643/1936/484
f 648/1937/485 646/1938/485 644/1939/485 643/1940/485
f 642/1941/486 641/1942/486 645/1943/486 647/1944/486
o cube
v 5.25 6.75 -0.09375
v 3.9375 6.75 -0.09375
v 3.9375 7.3125 -0.09375
v 5.25 7.3125 -0.09375
v 5.25 6.75 0.09375
v 5.25 7.3125 0.09375
v 3.9375 6.75 0.09375
v 3.9375 7.3125 0.09375
vt 0.401592254638672 0.09409332275390625
vt 0.483623504638672 0.09409332275390625
vt 0.483623504638672 0.12924957275390625
vt 0.401592254638672 0.12924957275390625
vt 0.029296875 0.2802734375
vt 0.041015625 0.2802734375
vt 0.041015625 0.3154296875
vt 0.029296875 0.3154296875
vt 0.099609375 0.9599609375
vt 0.181640625 0.9599609375
vt 0.181640625 0.9951171875
vt 0.099609375 0.9951171875
vt 0.041015625 0.2802734375
vt 0.052734375 0.2802734375
vt 0.052734375 0.3154296875
vt 0.041015625 0.3154296875
vt 0.380859375 0.5966796875
vt 0.298828125 0.5966796875
vt 0.298828125 0.5849609375
vt 0.380859375 0.5849609375
vt 0.380859375 0.5732421875
vt 0.298828125 0.5732421875
vt 0.298828125 0.5849609375
vt 0.380859375 0.5849609375
vn 0 0 -1
vn 1 0 0
vn 0 0 1
vn -1 0 0
vn 0 1 0
vn 0 -1 0
usemtl m_7c4fd87a-d0f1-9ad7-7479-aa72dea38889
f 649/1945/487 650/1946/487 651/1947/487 652/1948/487
f 653/1949/488 649/1950/488 652/1951/488 654/1952/488
f 655/1953/489 653/1954/489 654/1955/489 656/1956/489
f 650/1957/490 655/1958/490 656/1959/490 651/1960/490
f 656/1961/491 654/1962/491 652/1963/491 651/1964/491
f 650/1965/492 649/1966/492 653/1967/492 655/1968/492
o cube
v 6 6.75 -0.09375
v 5.4375 6.75 -0.09375
v 5.4375 7.3125 -0.09375
v 6 7.3125 -0.09375
v 6 6.75 0.09375
v 6 7.3125 0.09375
v 5.4375 6.75 0.09375
v 5.4375 7.3125 0.09375
vt 0.5615921020507814 0.23513031005859375
vt 0.5967483520507814 0.23513031005859375
vt 0.5967483520507814 0.27028656005859375
vt 0.5615921020507814 0.27028656005859375
vt 0.052734375 0.2802734375
vt 0.064453125 0.2802734375
vt 0.064453125 0.3154296875
vt 0.052734375 0.3154296875
vt 0.263671875 0.5732421875
vt 0.298828125 0.5732421875
vt 0.298828125 0.6083984375
vt 0.263671875 0.6083984375
vt 0.064453125 0.2802734375
vt 0.076171875 0.2802734375
vt 0.076171875 0.3154296875
vt 0.064453125 0.3154296875
vt 0.111328125 0.3154296875
vt 0.076171875 0.3154296875
vt 0.076171875 0.3037109375
vt 0.111328125 0.3037109375
vt 0.146484375 0.3037109375
vt 0.111328125 0.3037109375
vt 0.111328125 0.3154296875
vt 0.146484375 0.3154296875
vn 0 0 -1
vn 1 0 0
vn 0 0 1
vn -1 0 0
vn 0 1 0
vn 0 -1 0
usemtl m_7c4fd87a-d0f1-9ad7-7479-aa72dea38889
f 657/1969/493 658/1970/493 659/1971/493 660/1972/493
f 661/1973/494 657/1974/494 660/1975/494 662/1976/494
f 663/1977/495 661/1978/495 662/1979/495 664/1980/495
f 658/1981/496 663/1982/496 664/1983/496 659/1984/496
f 664/1985/497 662/1986/497 660/1987/497 659/1988/497
f 658/1989/498 657/1990/498 661/1991/498 663/1992/498
o cube
v 6 7.5 -0.09375
v 4.6875 7.5 -0.09375
v 4.6875 8.0625 -0.09375
v 6 8.0625 -0.09375
v 6 7.5 0.09375
v 6 8.0625 0.09375
v 4.6875 7.5 0.09375
v 4.6875 8.0625 0.09375
vt 0.46793365478515636 0.8697967529296875
vt 0.5499649047851564 0.8697967529296875
vt 0.5499649047851564 0.9049530029296875
vt 0.46793365478515636 0.9049530029296875
vt 0.169921875 0.2802734375
vt 0.181640625 0.2802734375
vt 0.181640625 0.3154296875
vt 0.169921875 0.3154296875
vt 0.099609375 0.8896484375
vt 0.181640625 0.8896484375
vt 0.181640625 0.9248046875
vt 0.099609375 0.9248046875
vt 0.181640625 0.2802734375
vt 0.193359375 0.2802734375
vt 0.193359375 0.3154296875
vt 0.181640625 0.3154296875
vt 0.380859375 0.5732421875
vt 0.298828125 0.5732421875
vt 0.298828125 0.5615234375
vt 0.380859375 0.5615234375
vt 0.380859375 0.5498046875
vt 0.298828125 0.5498046875
vt 0.298828125 0.5615234375
vt 0.380859375 0.5615234375
vn 0 0 -1
vn 1 0 0
vn 0 0 1
vn -1 0 0
vn 0 1 0
vn 0 -1 0
usemtl m_7c4fd87a-d0f1-9ad7-7479-aa72dea38889
f 665/1993/499 666/1994/499 667/1995/499 668/1996/499
f 669/1997/500 665/1998/500 668/1999/500 670/2000/500
f 671/2001/501 669/2002/501 670/2003/501 672/2004/501
f 666/2005/502 671/2006/502 672/2007/502 667/2008/502
f 672/2009/503 670/2010/503 668/2011/503 667/2012/503
f 666/2013/504 665/2014/504 669/2015/504 671/2016/504
o cube
v 4.5 7.5 -0.09375
v 3.1875 7.5 -0.09375
v 3.1875 8.0625 -0.09375
v 4.5 8.0625 -0.09375
v 4.5 7.5 0.09375
v 4.5 8.0625 0.09375
v 3.1875 7.5 0.09375
v 3.1875 8.0625 0.09375
vt 0.46793365478515636 0.728759765625
vt 0.5499649047851564 0.728759765625
vt 0.5499649047851564 0.763916015625
vt 0.46793365478515636 0.763916015625
vt 0.193359375 0.2802734375
vt 0.205078125 0.2802734375
vt 0.205078125 0.3154296875
vt 0.193359375 0.3154296875
vt 0.099609375 0.8193359375
vt 0.181640625 0.8193359375
vt 0.181640625 0.8544921875
vt 0.099609375 0.8544921875
vt 0.333984375 0.2919921875
vt 0.345703125 0.2919921875
vt 0.345703125 0.3271484375
vt 0.333984375 0.3271484375
vt 0.380859375 0.5498046875
vt 0.298828125 0.5498046875
vt 0.298828125 0.5380859375
vt 0.380859375 0.5380859375
vt 0.380859375 0.5263671875
vt 0.298828125 0.5263671875
vt 0.298828125 0.5380859375
vt 0.380859375 0.5380859375
vn 0 0 -1
vn 1 0 0
vn 0 0 1
vn -1 0 0
vn 0 1 0
vn 0 -1 0
usemtl m_7c4fd87a-d0f1-9ad7-7479-aa72dea38889
f 673/2017/505 674/2018/505 675/2019/505 676/2020/505
f 677/2021/506 673/2022/506 676/2023/506 678/2024/506
f 679/2025/507 677/2026/507 678/2027/507 680/2028/507
f 674/2029/508 679/2030/508 680/2031/508 675/2032/508
f 680/2033/509 678/2034/509 676/2035/509 675/2036/509
f 674/2037/510 673/2038/510 677/2039/510 679/2040/510
o cube
v 3 7.5 -0.09375
v 1.6875 7.5 -0.09375
v 1.6875 8.0625 -0.09375
v 3 8.0625 -0.09375
v 3 7.5 0.09375
v 3 8.0625 0.09375
v 1.6875 7.5 0.09375
v 1.6875 8.0625 0.09375
vt 0.46793365478515636 0.5877227783203125
vt 0.5499649047851564 0.5877227783203125
vt 0.5499649047851564 0.6228790283203125
vt 0.46793365478515636 0.6228790283203125
vt 0.076171875 0.2685546875
vt 0.087890625 0.2685546875
vt 0.087890625 0.3037109375
vt 0.076171875 0.3037109375
vt 0.099609375 0.7490234375
vt 0.181640625 0.7490234375
vt 0.181640625 0.7841796875
vt 0.099609375 0.7841796875
vt 0.087890625 0.2685546875
vt 0.099609375 0.2685546875
vt 0.099609375 0.3037109375
vt 0.087890625 0.3037109375
vt 0.380859375 0.5263671875
vt 0.298828125 0.5263671875
vt 0.298828125 0.5146484375
vt 0.380859375 0.5146484375
vt 0.380859375 0.5029296875
vt 0.298828125 0.5029296875
vt 0.298828125 0.5146484375
vt 0.380859375 0.5146484375
vn 0 0 -1
vn 1 0 0
vn 0 0 1
vn -1 0 0
vn 0 1 0
vn 0 -1 0
usemtl m_7c4fd87a-d0f1-9ad7-7479-aa72dea38889
f 681/2041/511 682/2042/511 683/2043/511 684/2044/511
f 685/2045/512 681/2046/512 684/2047/512 686/2048/512
f 687/2049/513 685/2050/513 686/2051/513 688/2052/513
f 682/2053/514 687/2054/514 688/2055/514 683/2056/514
f 688/2057/515 686/2058/515 684/2059/515 683/2060/515
f 682/2061/516 681/2062/516 685/2063/516 687/2064/516
o cube
v 1.5 7.5 -0.09375
v 0.1875 7.5 -0.09375
v 0.1875 8.0625 -0.09375
v 1.5 8.0625 -0.09375
v 1.5 7.5 0.09375
v 1.5 8.0625 0.09375
v 0.1875 7.5 0.09375
v 0.1875 8.0625 0.09375
vt 0.46793365478515636 0.446685791015625
vt 0.5499649047851564 0.446685791015625
vt 0.5499649047851564 0.481842041015625
vt 0.46793365478515636 0.481842041015625
vt 0.099609375 0.2685546875
vt 0.111328125 0.2685546875
vt 0.111328125 0.3037109375
vt 0.099609375 0.3037109375
vt 0.099609375 0.6787109375
vt 0.181640625 0.6787109375
vt 0.181640625 0.7138671875
vt 0.099609375 0.7138671875
vt 0.111328125 0.2685546875
vt 0.123046875 0.2685546875
vt 0.123046875 0.3037109375
vt 0.111328125 0.3037109375
vt 0.380859375 0.5029296875
vt 0.298828125 0.5029296875
vt 0.298828125 0.4912109375
vt 0.380859375 0.4912109375
vt 0.380859375 0.4794921875
vt 0.298828125 0.4794921875
vt 0.298828125 0.4912109375
vt 0.380859375 0.4912109375
vn 0 0 -1
vn 1 0 0
vn 0 0 1
vn -1 0 0
vn 0 1 0
vn 0 -1 0
usemtl m_7c4fd87a-d0f1-9ad7-7479-aa72dea38889
f 689/2065/517 690/2066/517 691/2067/517 692/2068/517
f 693/2069/518 689/2070/518 692/2071/518 694/2072/518
f 695/2073/519 693/2074/519 694/2075/519 696/2076/519
f 690/2077/520 695/2078/520 696/2079/520 691/2080/520
f 696/2081/521 694/2082/521 692/2083/521 691/2084/521
f 690/2085/522 689/2086/522 693/2087/522 695/2088/522
o cube
v 0.75 8.25 -0.09375
v 0 8.25 -0.09375
v 0 8.8125 -0.09375
v 0.75 8.8125 -0.09375
v 0.75 8.25 0.09375
v 0.75 8.8125 0.09375
v 0 8.25 0.09375
v 0 8.8125 0.09375
vt 0.5381774902343751 0.6582412719726562
vt 0.5850524902343751 0.6582412719726562
vt 0.5850524902343751 0.6933975219726562
vt 0.5381774902343751 0.6933975219726562
vt 0.123046875 0.2685546875
vt 0.134765625 0.2685546875
vt 0.134765625 0.3037109375
vt 0.123046875 0.3037109375
vt 0.263671875 0.7841796875
vt 0.310546875 0.7841796875
vt 0.310546875 0.8193359375
vt 0.263671875 0.8193359375
vt 0.134765625 0.2685546875
vt 0.146484375 0.2685546875
vt 0.146484375 0.3037109375
vt 0.134765625 0.3037109375
vt 0.357421875 0.6669921875
vt 0.310546875 0.6669921875
vt 0.310546875 0.6552734375
vt 0.357421875 0.6552734375
vt 0.357421875 0.6435546875
vt 0.310546875 0.6435546875
vt 0.310546875 0.6552734375
vt 0.357421875 0.6552734375
vn 0 0 -1
vn 1 0 0
vn 0 0 1
vn -1 0 0
vn 0 1 0
vn 0 -1 0
usemtl m_7c4fd87a-d0f1-9ad7-7479-aa72dea38889
f 697/2089/523 698/2090/523 699/2091/523 700/2092/523
f 701/2093/524 697/2094/524 700/2095/524 702/2096/524
f 703/2097/525 701/2098/525 702/2099/525 704/2100/525
f 698/2101/526 703/2102/526 704/2103/526 699/2104/526
f 704/2105/527 702/2106/527 700/2107/527 699/2108/527
f 698/2109/528 697/2110/528 701/2111/528 703/2112/528
o cube
v 2.25 8.25 -0.09375
v 0.9375 8.25 -0.09375
v 0.9375 8.8125 -0.09375
v 2.25 8.8125 -0.09375
v 2.25 8.25 0.09375
v 2.25 8.8125 0.09375
v 0.9375 8.25 0.09375
v 0.9375 8.8125 0.09375
vt 0.46793365478515636 0.3056488037109375
vt 0.5499649047851564 0.3056488037109375
vt 0.5499649047851564 0.3408050537109375
vt 0.46793365478515636 0.3408050537109375
vt 0.345703125 0.9599609375
vt 0.357421875 0.9599609375
vt 0.357421875 0.9951171875
vt 0.345703125 0.9951171875
vt 0.099609375 0.6083984375
vt 0.181640625 0.6083984375
vt 0.181640625 0.6435546875
vt 0.099609375 0.6435546875
vt 0.345703125 0.9248046875
vt 0.357421875 0.9248046875
vt 0.357421875 0.9599609375
vt 0.345703125 0.9599609375
vt 0.380859375 0.4794921875
vt 0.298828125 0.4794921875
vt 0.298828125 0.4677734375
vt 0.380859375 0.4677734375
vt 0.380859375 0.4560546875
vt 0.298828125 0.4560546875
vt 0.298828125 0.4677734375
vt 0.380859375 0.4677734375
vn 0 0 -1
vn 1 0 0
vn 0 0 1
vn -1 0 0
vn 0 1 0
vn 0 -1 0
usemtl m_7c4fd87a-d0f1-9ad7-7479-aa72dea38889
f 705/2113/529 706/2114/529 707/2115/529 708/2116/529
f 709/2117/530 705/2118/530 708/2119/530 710/2120/530
f 711/2121/531 709/2122/531 710/2123/531 712/2124/531
f 706/2125/532 711/2126/532 712/2127/532 707/2128/532
f 712/2129/533 710/2130/533 708/2131/533 707/2132/533
f 706/2133/534 705/2134/534 709/2135/534 711/2136/534
o cube
v 3.75 8.25 -0.09375
v 2.4375 8.25 -0.09375
v 2.4375 8.8125 -0.09375
v 3.75 8.8125 -0.09375
v 3.75 8.25 0.09375
v 3.75 8.8125 0.09375
v 2.4375 8.25 0.09375
v 2.4375 8.8125 0.09375
vt 0.46793365478515636 0.16461181640625
vt 0.5499649047851564 0.16461181640625
vt 0.5499649047851564 0.19976806640625
vt 0.46793365478515636 0.19976806640625
vt 0.345703125 0.3271484375
vt 0.357421875 0.3271484375
vt 0.357421875 0.3623046875
vt 0.345703125 0.3623046875
vt 0.099609375 0.5380859375
vt 0.181640625 0.5380859375
vt 0.181640625 0.5732421875
vt 0.099609375 0.5732421875
vt 0.345703125 0.2919921875
vt 0.357421875 0.2919921875
vt 0.357421875 0.3271484375
vt 0.345703125 0.3271484375
vt 0.380859375 0.4560546875
vt 0.298828125 0.4560546875
vt 0.298828125 0.4443359375
vt 0.380859375 0.4443359375
vt 0.380859375 0.4326171875
vt 0.298828125 0.4326171875
vt 0.298828125 0.4443359375
vt 0.380859375 0.4443359375
vn 0 0 -1
vn 1 0 0
vn 0 0 1
vn -1 0 0
vn 0 1 0
vn 0 -1 0
usemtl m_7c4fd87a-d0f1-9ad7-7479-aa72dea38889
f 713/2137/535 714/2138/535 715/2139/535 716/2140/535
f 717/2141/536 713/2142/536 716/2143/536 718/2144/536
f 719/2145/537 717/2146/537 718/2147/537 720/2148/537
f 714/2149/538 719/2150/538 720/2151/538 715/2152/538
f 720/2153/539 718/2154/539 716/2155/539 715/2156/539
f 714/2157/540 713/2158/540 717/2159/540 719/2160/540
o cube
v 5.25 8.25 -0.09375
v 3.9375 8.25 -0.09375
v 3.9375 8.8125 -0.09375
v 5.25 8.8125 -0.09375
v 5.25 8.25 0.09375
v 5.25 8.8125 0.09375
v 3.9375 8.25 0.09375
v 3.9375 8.8125 0.09375
vt 0.401592254638672 0.04708099365234375
vt 0.483623504638672 0.04708099365234375
vt 0.483623504638672 0.08223724365234375
vt 0.401592254638672 0.08223724365234375
vt 0.205078125 0.2568359375
vt 0.216796875 0.2568359375
vt 0.216796875 0.2919921875
vt 0.205078125 0.2919921875
vt 0.099609375 0.5029296875
vt 0.181640625 0.5029296875
vt 0.181640625 0.5380859375
vt 0.099609375 0.5380859375
vt 0.216796875 0.2568359375
vt 0.228515625 0.2568359375
vt 0.228515625 0.2919921875
vt 0.216796875 0.2919921875
vt 0.380859375 0.4326171875
vt 0.298828125 0.4326171875
vt 0.298828125 0.4208984375
vt 0.380859375 0.4208984375
vt 0.380859375 0.4091796875
vt 0.298828125 0.4091796875
vt 0.298828125 0.4208984375
vt 0.380859375 0.4208984375
vn 0 0 -1
vn 1 0 0
vn 0 0 1
vn -1 0 0
vn 0 1 0
vn 0 -1 0
usemtl m_7c4fd87a-d0f1-9ad7-7479-aa72dea38889
f 721/2161/541 722/2162/541 723/2163/541 724/2164/541
f 725/2165/542 721/2166/542 724/2167/542 726/2168/542
f 727/2169/543 725/2170/543 726/2171/543 728/2172/543
f 722/2173/544 727/2174/544 728/2175/544 723/2176/544
f 728/2177/545 726/2178/545 724/2179/545 723/2180/545
f 722/2181/546 721/2182/546 725/2183/546 727/2184/546
o cube
v 6 8.25 -0.09375
v 5.4375 8.25 -0.09375
v 5.4375 8.8125 -0.09375
v 6 8.8125 -0.09375
v 6 8.25 0.09375
v 6 8.8125 0.09375
v 5.4375 8.25 0.09375
v 5.4375 8.8125 0.09375
vt 0.5615921020507814 0.09409332275390625
vt 0.5967483520507814 0.09409332275390625
vt 0.5967483520507814 0.12924957275390625
vt 0.5615921020507814 0.12924957275390625
vt 0.228515625 0.2568359375
vt 0.240234375 0.2568359375
vt 0.240234375 0.2919921875
vt 0.228515625 0.2919921875
vt 0.263671875 0.5029296875
vt 0.298828125 0.5029296875
vt 0.298828125 0.5380859375
vt 0.263671875 0.5380859375
vt 0.240234375 0.2568359375
vt 0.251953125 0.2568359375
vt 0.251953125 0.2919921875
vt 0.240234375 0.2919921875
vt 0.287109375 0.2919921875
vt 0.251953125 0.2919921875
vt 0.251953125 0.2802734375
vt 0.287109375 0.2802734375
vt 0.322265625 0.2802734375
vt 0.287109375 0.2802734375
vt 0.287109375 0.2919921875
vt 0.322265625 0.2919921875
vn 0 0 -1
vn 1 0 0
vn 0 0 1
vn -1 0 0
vn 0 1 0
vn 0 -1 0
usemtl m_7c4fd87a-d0f1-9ad7-7479-aa72dea38889
f 729/2185/547 730/2186/547 731/2187/547 732/2188/547
f 733/2189/548 729/2190/548 732/2191/548 734/2192/548
f 735/2193/549 733/2194/549 734/2195/549 736/2196/549
f 730/2197/550 735/2198/550 736/2199/550 731/2200/550
f 736/2201/551 734/2202/551 732/2203/551 731/2204/551
f 730/2205/552 729/2206/552 733/2207/552 735/2208/552
o cube
v 1.5 9 -0.09375
v 0.1875 9 -0.09375
v 0.1875 9.5625 -0.09375
v 1.5 9.5625 -0.09375
v 1.5 9 0.09375
v 1.5 9.5625 0.09375
v 0.1875 9 0.09375
v 0.1875 9.5625 0.09375
vt 0.401592254638672 0.04708099365234375
vt 0.483623504638672 0.04708099365234375
vt 0.483623504638672 0.08223724365234375
vt 0.401592254638672 0.08223724365234375
vt 0.322265625 0.2568359375
vt 0.333984375 0.2568359375
vt 0.333984375 0.2919921875
vt 0.322265625 0.2919921875
vt 0.099609375 0.4677734375
vt 0.181640625 0.4677734375
vt 0.181640625 0.5029296875
vt 0.099609375 0.5029296875
vt 0.333984375 0.2568359375
vt 0.345703125 0.2568359375
vt 0.345703125 0.2919921875
vt 0.333984375 0.2919921875
vt 0.380859375 0.4091796875
vt 0.298828125 0.4091796875
vt 0.298828125 0.3974609375
vt 0.380859375 0.3974609375
vt 0.380859375 0.3857421875
vt 0.298828125 0.3857421875
vt 0.298828125 0.3974609375
vt 0.380859375 0.3974609375
vn 0 0 -1
vn 1 0 0
vn 0 0 1
vn -1 0 0
vn 0 1 0
vn 0 -1 0
usemtl m_7c4fd87a-d0f1-9ad7-7479-aa72dea38889
f 737/2209/553 738/2210/553 739/2211/553 740/2212/553
f 741/2213/554 737/2214/554 740/2215/554 742/2216/554
f 743/2217/555 741/2218/555 742/2219/555 744/2220/555
f 738/2221/556 743/2222/556 744/2223/556 739/2224/556
f 744/2225/557 742/2226/557 740/2227/557 739/2228/557
f 738/2229/558 737/2230/558 741/2231/558 743/2232/558
o cube
v 3 9 -0.09375
v 1.6875 9 -0.09375
v 1.6875 9.5625 -0.09375
v 3 9.5625 -0.09375
v 3 9 0.09375
v 3 9.5625 0.09375
v 1.6875 9 0.09375
v 1.6875 9.5625 0.09375
vt 0.401592254638672 0.04708099365234375
vt 0.483623504638672 0.04708099365234375
vt 0.483623504638672 0.08223724365234375
vt 0.401592254638672 0.08223724365234375
vt 0.345703125 0.2568359375
vt 0.357421875 0.2568359375
vt 0.357421875 0.2919921875
vt 0.345703125 0.2919921875
vt 0.099609375 0.4326171875
vt 0.181640625 0.4326171875
vt 0.181640625 0.4677734375
vt 0.099609375 0.4677734375
vt 0.357421875 0.9599609375
vt 0.369140625 0.9599609375
vt 0.369140625 0.9951171875
vt 0.357421875 0.9951171875
vt 0.380859375 0.3857421875
vt 0.298828125 0.3857421875
vt 0.298828125 0.3740234375
vt 0.380859375 0.3740234375
vt 0.380859375 0.3623046875
vt 0.298828125 0.3623046875
vt 0.298828125 0.3740234375
vt 0.380859375 0.3740234375
vn 0 0 -1
vn 1 0 0
vn 0 0 1
vn -1 0 0
vn 0 1 0
vn 0 -1 0
usemtl m_7c4fd87a-d0f1-9ad7-7479-aa72dea38889
f 745/2233/559 746/2234/559 747/2235/559 748/2236/559
f 749/2237/560 745/2238/560 748/2239/560 750/2240/560
f 751/2241/561 749/2242/561 750/2243/561 752/2244/561
f 746/2245/562 751/2246/562 752/2247/562 747/2248/562
f 752/2249/563 750/2250/563 748/2251/563 747/2252/563
f 746/2253/564 745/2254/564 749/2255/564 751/2256/564
o cube
v 4.5 9 -0.09375
v 3.1875 9 -0.09375
v 3.1875 9.5625 -0.09375
v 4.5 9.5625 -0.09375
v 4.5 9 0.09375
v 4.5 9.5625 0.09375
v 3.1875 9 0.09375
v 3.1875 9.5625 0.09375
vt 0.46793365478515636 0.9403152465820312
vt 0.5499649047851564 0.9403152465820312
vt 0.5499649047851564 0.9754714965820312
vt 0.46793365478515636 0.9754714965820312
vt 0.357421875 0.9248046875
vt 0.369140625 0.9248046875
vt 0.369140625 0.9599609375
vt 0.357421875 0.9599609375
vt 0.181640625 0.9248046875
vt 0.263671875 0.9248046875
vt 0.263671875 0.9599609375
vt 0.181640625 0.9599609375
vt 0.357421875 0.6552734375
vt 0.369140625 0.6552734375
vt 0.369140625 0.6904296875
vt 0.357421875 0.6904296875
vt 0.099609375 0.3388671875
vt 0.017578125 0.3388671875
vt 0.017578125 0.3271484375
vt 0.099609375 0.3271484375
vt 0.181640625 0.3271484375
vt 0.099609375 0.3271484375
vt 0.099609375 0.3388671875
vt 0.181640625 0.3388671875
vn 0 0 -1
vn 1 0 0
vn 0 0 1
vn -1 0 0
vn 0 1 0
vn 0 -1 0
usemtl m_7c4fd87a-d0f1-9ad7-7479-aa72dea38889
f 753/2257/565 754/2258/565 755/2259/565 756/2260/565
f 757/2261/566 753/2262/566 756/2263/566 758/2264/566
f 759/2265/567 757/2266/567 758/2267/567 760/2268/567
f 754/2269/568 759/2270/568 760/2271/568 755/2272/568
f 760/2273/569 758/2274/569 756/2275/569 755/2276/569
f 754/2277/570 753/2278/570 757/2279/570 759/2280/570
o cube
v 6 9 -0.09375
v 4.6875 9 -0.09375
v 4.6875 9.5625 -0.09375
v 6 9.5625 -0.09375
v 6 9 0.09375
v 6 9.5625 0.09375
v 4.6875 9 0.09375
v 4.6875 9.5625 0.09375
vt 0.46793365478515636 0.7992782592773438
vt 0.5499649047851564 0.7992782592773438
vt 0.5499649047851564 0.8344345092773438
vt 0.46793365478515636 0.8344345092773438
vt 0.357421875 0.3271484375
vt 0.369140625 0.3271484375
vt 0.369140625 0.3623046875
vt 0.357421875 0.3623046875
vt 0.181640625 0.8544921875
vt 0.263671875 0.8544921875
vt 0.263671875 0.8896484375
vt 0.181640625 0.8896484375
vt 0.357421875 0.2919921875
vt 0.369140625 0.2919921875
vt 0.369140625 0.3271484375
vt 0.357421875 0.3271484375
vt 0.263671875 0.3388671875
vt 0.181640625 0.3388671875
vt 0.181640625 0.3271484375
vt 0.263671875 0.3271484375
vt 0.345703125 0.3271484375
vt 0.263671875 0.3271484375
vt 0.263671875 0.3388671875
vt 0.345703125 0.3388671875
vn 0 0 -1
vn 1 0 0
vn 0 0 1
vn -1 0 0
vn 0 1 0
vn 0 -1 0
usemtl m_7c4fd87a-d0f1-9ad7-7479-aa72dea38889
f 761/2281/571 762/2282/571 763/2283/571 764/2284/571
f 765/2285/572 761/2286/572 764/2287/572 766/2288/572
f 767/2289/573 765/2290/573 766/2291/573 768/2292/573
f 762/2293/574 767/2294/574 768/2295/574 763/2296/574
f 768/2297/575 766/2298/575 764/2299/575 763/2300/575
f 762/2301/576 761/2302/576 765/2303/576 767/2304/576
o cube
v 0.75 9.75 -0.09375
v 0 9.75 -0.09375
v 0 10.3125 -0.09375
v 0.75 10.3125 -0.09375
v 0.75 9.75 0.09375
v 0.75 10.3125 0.09375
v 0 9.75 0.09375
v 0 10.3125 0.09375
vt 0.5381774902343751 0.5172042846679688
vt 0.5850524902343751 0.5172042846679688
vt 0.5850524902343751 0.5523605346679688
vt 0.5381774902343751 0.5523605346679688
vt 0.357421875 0.2568359375
vt 0.369140625 0.2568359375
vt 0.369140625 0.2919921875
vt 0.357421875 0.2919921875
vt 0.263671875 0.7138671875
vt 0.310546875 0.7138671875
vt 0.310546875 0.7490234375
vt 0.263671875 0.7490234375
vt 0.017578125 0.2451171875
vt 0.029296875 0.2451171875
vt 0.029296875 0.2802734375
vt 0.017578125 0.2802734375
vt 0.064453125 0.3271484375
vt 0.017578125 0.3271484375
vt 0.017578125 0.3154296875
vt 0.064453125 0.3154296875
vt 0.111328125 0.3154296875
vt 0.064453125 0.3154296875
vt 0.064453125 0.3271484375
vt 0.111328125 0.3271484375
vn 0 0 -1
vn 1 0 0
vn 0 0 1
vn -1 0 0
vn 0 1 0
vn 0 -1 0
usemtl m_7c4fd87a-d0f1-9ad7-7479-aa72dea38889
f 769/2305/577 770/2306/577 771/2307/577 772/2308/577
f 773/2309/578 769/2310/578 772/2311/578 774/2312/578
f 775/2313/579 773/2314/579 774/2315/579 776/2316/579
f 770/2317/580 775/2318/580 776/2319/580 771/2320/580
f 776/2321/581 774/2322/581 772/2323/581 771/2324/581
f 770/2325/582 769/2326/582 773/2327/582 775/2328/582
o cube
v 2.25 9.75 -0.09375
v 0.9375 9.75 -0.09375
v 0.9375 10.3125 -0.09375
v 2.25 10.3125 -0.09375
v 2.25 9.75 0.09375
v 2.25 10.3125 0.09375
v 0.9375 9.75 0.09375
v 0.9375 10.3125 0.09375
vt 0.12125396728515636 0.8057022094726562
vt 0.20328521728515636 0.8057022094726562
vt 0.20328521728515636 0.8408584594726562
vt 0.12125396728515636 0.8408584594726562
vt 0.029296875 0.2451171875
vt 0.041015625 0.2451171875
vt 0.041015625 0.2802734375
vt 0.029296875 0.2802734375
vt 0.181640625 0.7841796875
vt 0.263671875 0.7841796875
vt 0.263671875 0.8193359375
vt 0.181640625 0.8193359375
vt 0.041015625 0.2451171875
vt 0.052734375 0.2451171875
vt 0.052734375 0.2802734375
vt 0.041015625 0.2802734375
vt 0.392578125 0.9248046875
vt 0.310546875 0.9248046875
vt 0.310546875 0.9130859375
vt 0.392578125 0.9130859375
vt 0.392578125 0.9013671875
vt 0.310546875 0.9013671875
vt 0.310546875 0.9130859375
vt 0.392578125 0.9130859375
vn 0 0 -1
vn 1 0 0
vn 0 0 1
vn -1 0 0
vn 0 1 0
vn 0 -1 0
usemtl m_7c4fd87a-d0f1-9ad7-7479-aa72dea38889
f 777/2329/583 778/2330/583 779/2331/583 780/2332/583
f 781/2333/584 777/2334/584 780/2335/584 782/2336/584
f 783/2337/585 781/2338/585 782/2339/585 784/2340/585
f 778/2341/586 783/2342/586 784/2343/586 779/2344/586
f 784/2345/587 782/2346/587 780/2347/587 779/2348/587
f 778/2349/588 777/2350/588 781/2351/588 783/2352/588
o cube
v 3.75 9.75 -0.09375
v 2.4375 9.75 -0.09375
v 2.4375 10.3125 -0.09375
v 3.75 10.3125 -0.09375
v 3.75 9.75 0.09375
v 3.75 10.3125 0.09375
v 2.4375 9.75 0.09375
v 2.4375 10.3125 0.09375
vt 0.35172271728515636 0.21739959716796875
vt 0.43375396728515636 0.21739959716796875
vt 0.43375396728515636 0.25255584716796875
vt 0.35172271728515636 0.25255584716796875
vt 0.052734375 0.2451171875
vt 0.064453125 0.2451171875
vt 0.064453125 0.2802734375
vt 0.052734375 0.2802734375
vt 0.181640625 0.7138671875
vt 0.263671875 0.7138671875
vt 0.263671875 0.7490234375
vt 0.181640625 0.7490234375
vt 0.064453125 0.2451171875
vt 0.076171875 0.2451171875
vt 0.076171875 0.2802734375
vt 0.064453125 0.2802734375
vt 0.392578125 0.9013671875
vt 0.310546875 0.9013671875
vt 0.310546875 0.8896484375
vt 0.392578125 0.8896484375
vt 0.392578125 0.8779296875
vt 0.310546875 0.8779296875
vt 0.310546875 0.8896484375
vt 0.392578125 0.8896484375
vn 0 0 -1
vn 1 0 0
vn 0 0 1
vn -1 0 0
vn 0 1 0
vn 0 -1 0
usemtl m_7c4fd87a-d0f1-9ad7-7479-aa72dea38889
f 785/2353/589 786/2354/589 787/2355/589 788/2356/589
f 789/2357/590 785/2358/590 788/2359/590 790/2360/590
f 791/2361/591 789/2362/591 790/2363/591 792/2364/591
f 786/2365/592 791/2366/592 792/2367/592 787/2368/592
f 792/2369/593 790/2370/593 788/2371/593 787/2372/593
f 786/2373/594 785/2374/594 789/2375/594 791/2376/594
o cube
v 5.25 9.75 -0.09375
v 3.9375 9.75 -0.09375
v 3.9375 10.3125 -0.09375
v 5.25 10.3125 -0.09375
v 5.25 9.75 0.09375
v 5.25 10.3125 0.09375
v 3.9375 9.75 0.09375
v 3.9375 10.3125 0.09375
vt 0.5372695922851564 0.7287063598632812
vt 0.6193008422851564 0.7287063598632812
vt 0.6193008422851564 0.7638626098632812
vt 0.5372695922851564 0.7638626098632812
vt 0.146484375 0.2451171875
vt 0.158203125 0.2451171875
vt 0.158203125 0.2802734375
vt 0.146484375 0.2802734375
vt 0.181640625 0.6435546875
vt 0.263671875 0.6435546875
vt 0.263671875 0.6787109375
vt 0.181640625 0.6787109375
vt 0.158203125 0.2451171875
vt 0.169921875 0.2451171875
vt 0.169921875 0.2802734375
vt 0.158203125 0.2802734375
vt 0.392578125 0.8779296875
vt 0.310546875 0.8779296875
vt 0.310546875 0.8662109375
vt 0.392578125 0.8662109375
vt 0.392578125 0.8544921875
vt 0.310546875 0.8544921875
vt 0.310546875 0.8662109375
vt 0.392578125 0.8662109375
vn 0 0 -1
vn 1 0 0
vn 0 0 1
vn -1 0 0
vn 0 1 0
vn 0 -1 0
usemtl m_7c4fd87a-d0f1-9ad7-7479-aa72dea38889
f 793/2377/595 794/2378/595 795/2379/595 796/2380/595
f 797/2381/596 793/2382/596 796/2383/596 798/2384/596
f 799/2385/597 797/2386/597 798/2387/597 800/2388/597
f 794/2389/598 799/2390/598 800/2391/598 795/2392/598
f 800/2393/599 798/2394/599 796/2395/599 795/2396/599
f 794/2397/600 793/2398/600 797/2399/600 799/2400/600
o cube
v 6 9.75 -0.09375
v 5.4375 9.75 -0.09375
v 5.4375 10.3125 -0.09375
v 6 10.3125 -0.09375
v 6 9.75 0.09375
v 6 10.3125 0.09375
v 5.4375 9.75 0.09375
v 5.4375 10.3125 0.09375
vt 0.5615921020507814 0.04708099365234375
vt 0.5967483520507814 0.04708099365234375
vt 0.5967483520507814 0.08223724365234375
vt 0.5615921020507814 0.08223724365234375
vt 0.169921875 0.2451171875
vt 0.181640625 0.2451171875
vt 0.181640625 0.2802734375
vt 0.169921875 0.2802734375
vt 0.263671875 0.4326171875
vt 0.298828125 0.4326171875
vt 0.298828125 0.4677734375
vt 0.263671875 0.4677734375
vt 0.181640625 0.2451171875
vt 0.193359375 0.2451171875
vt 0.193359375 0.2802734375
vt 0.181640625 0.2802734375
vt 0.392578125 0.6552734375
vt 0.357421875 0.6552734375
vt 0.357421875 0.6435546875
vt 0.392578125 0.6435546875
vt 0.287109375 0.2685546875
vt 0.251953125 0.2685546875
vt 0.251953125 0.2802734375
vt 0.287109375 0.2802734375
vn 0 0 -1
vn 1 0 0
vn 0 0 1
vn -1 0 0
vn 0 1 0
vn 0 -1 0
usemtl m_7c4fd87a-d0f1-9ad7-7479-aa72dea38889
f 801/2401/601 802/2402/601 803/2403/601 804/2404/601
f 805/2405/602 801/2406/602 804/2407/602 806/2408/602
f 807/2409/603 805/2410/603 806/2411/603 808/2412/603
f 802/2413/604 807/2414/604 808/2415/604 803/2416/604
f 808/2417/605 806/2418/605 804/2419/605 803/2420/605
f 802/2421/606 801/2422/606 805/2423/606 807/2424/606
o cube
v 1.5 10.5 -0.09375
v 0.1875 10.5 -0.09375
v 0.1875 11.0625 -0.09375
v 1.5 11.0625 -0.09375
v 1.5 10.5 0.09375
v 1.5 11.0625 0.09375
v 0.1875 10.5 0.09375
v 0.1875 11.0625 0.09375
vt 0.46793365478515636 0.23513031005859375
vt 0.5499649047851564 0.23513031005859375
vt 0.5499649047851564 0.27028656005859375
vt 0.46793365478515636 0.27028656005859375
vt 0.193359375 0.2451171875
vt 0.205078125 0.2451171875
vt 0.205078125 0.2802734375
vt 0.193359375 0.2802734375
vt 0.181640625 0.5732421875
vt 0.263671875 0.5732421875
vt 0.263671875 0.6083984375
vt 0.181640625 0.6083984375
vt 0.287109375 0.2451171875
vt 0.298828125 0.2451171875
vt 0.298828125 0.2802734375
vt 0.287109375 0.2802734375
vt 0.392578125 0.8544921875
vt 0.310546875 0.8544921875
vt 0.310546875 0.8427734375
vt 0.392578125 0.8427734375
vt 0.392578125 0.8310546875
vt 0.310546875 0.8310546875
vt 0.310546875 0.8427734375
vt 0.392578125 0.8427734375
vn 0 0 -1
vn 1 0 0
vn 0 0 1
vn -1 0 0
vn 0 1 0
vn 0 -1 0
usemtl m_7c4fd87a-d0f1-9ad7-7479-aa72dea38889
f 809/2425/607 810/2426/607 811/2427/607 812/2428/607
f 813/2429/608 809/2430/608 812/2431/608 814/2432/608
f 815/2433/609 813/2434/609 814/2435/609 816/2436/609
f 810/2437/610 815/2438/610 816/2439/610 811/2440/610
f 816/2441/611 814/2442/611 812/2443/611 811/2444/611
f 810/2445/612 809/2446/612 813/2447/612 815/2448/612
o cube
v 3 10.5 -0.09375
v 1.6875 10.5 -0.09375
v 1.6875 11.0625 -0.09375
v 3 11.0625 -0.09375
v 3 10.5 0.09375
v 3 11.0625 0.09375
v 1.6875 10.5 0.09375
v 1.6875 11.0625 0.09375
vt 0.46793365478515636 0.09409332275390625
vt 0.5499649047851564 0.09409332275390625
vt 0.5499649047851564 0.12924957275390625
vt 0.46793365478515636 0.12924957275390625
vt 0.298828125 0.2451171875
vt 0.310546875 0.2451171875
vt 0.310546875 0.2802734375
vt 0.298828125 0.2802734375
vt 0.181640625 0.5029296875
vt 0.263671875 0.5029296875
vt 0.263671875 0.5380859375
vt 0.181640625 0.5380859375
vt 0.310546875 0.2451171875
vt 0.322265625 0.2451171875
vt 0.322265625 0.2802734375
vt 0.310546875 0.2802734375
vt 0.392578125 0.8310546875
vt 0.310546875 0.8310546875
vt 0.310546875 0.8193359375
vt 0.392578125 0.8193359375
vt 0.392578125 0.8076171875
vt 0.310546875 0.8076171875
vt 0.310546875 0.8193359375
vt 0.392578125 0.8193359375
vn 0 0 -1
vn 1 0 0
vn 0 0 1
vn -1 0 0
vn 0 1 0
vn 0 -1 0
usemtl m_7c4fd87a-d0f1-9ad7-7479-aa72dea38889
f 817/2449/613 818/2450/613 819/2451/613 820/2452/613
f 821/2453/614 817/2454/614 820/2455/614 822/2456/614
f 823/2457/615 821/2458/615 822/2459/615 824/2460/615
f 818/2461/616 823/2462/616 824/2463/616 819/2464/616
f 824/2465/617 822/2466/617 820/2467/617 819/2468/617
f 818/2469/618 817/2470/618 821/2471/618 823/2472/618
o cube
v 4.5 10.5 -0.09375
v 3.1875 10.5 -0.09375
v 3.1875 11.0625 -0.09375
v 4.5 11.0625 -0.09375
v 4.5 10.5 0.09375
v 4.5 11.0625 0.09375
v 3.1875 10.5 0.09375
v 3.1875 11.0625 0.09375
vt 0.46793365478515636 0.04708099365234375
vt 0.5499649047851564 0.04708099365234375
vt 0.5499649047851564 0.08223724365234375
vt 0.46793365478515636 0.08223724365234375
vt 0.369140625 0.9599609375
vt 0.380859375 0.9599609375
vt 0.380859375 0.9951171875
vt 0.369140625 0.9951171875
vt 0.181640625 0.4326171875
vt 0.263671875 0.4326171875
vt 0.263671875 0.4677734375
vt 0.181640625 0.4677734375
vt 0.369140625 0.9248046875
vt 0.380859375 0.9248046875
vt 0.380859375 0.9599609375
vt 0.369140625 0.9599609375
vt 0.392578125 0.8076171875
vt 0.310546875 0.8076171875
vt 0.310546875 0.7958984375
vt 0.392578125 0.7958984375
vt 0.392578125 0.7841796875
vt 0.310546875 0.7841796875
vt 0.310546875 0.7958984375
vt 0.392578125 0.7958984375
vn 0 0 -1
vn 1 0 0
vn 0 0 1
vn -1 0 0
vn 0 1 0
vn 0 -1 0
usemtl m_7c4fd87a-d0f1-9ad7-7479-aa72dea38889
f 825/2473/619 826/2474/619 827/2475/619 828/2476/619
f 829/2477/620 825/2478/620 828/2479/620 830/2480/620
f 831/2481/621 829/2482/621 830/2483/621 832/2484/621
f 826/2485/622 831/2486/622 832/2487/622 827/2488/622
f 832/2489/623 830/2490/623 828/2491/623 827/2492/623
f 826/2493/624 825/2494/624 829/2495/624 831/2496/624
o cube
v 6 10.5 -0.09375
v 4.6875 10.5 -0.09375
v 4.6875 11.0625 -0.09375
v 6 11.0625 -0.09375
v 6 10.5 0.09375
v 6 11.0625 0.09375
v 4.6875 10.5 0.09375
v 4.6875 11.0625 0.09375
vt 0.401592254638672 0.04708099365234375
vt 0.483623504638672 0.04708099365234375
vt 0.483623504638672 0.08223724365234375
vt 0.401592254638672 0.08223724365234375
vt 0.369140625 0.6552734375
vt 0.380859375 0.6552734375
vt 0.380859375 0.6904296875
vt 0.369140625 0.6904296875
vt 0.099609375 0.3974609375
vt 0.181640625 0.3974609375
vt 0.181640625 0.4326171875
vt 0.099609375 0.4326171875
vt 0.369140625 0.3271484375
vt 0.380859375 0.3271484375
vt 0.380859375 0.3623046875
vt 0.369140625 0.3623046875
vt 0.392578125 0.7841796875
vt 0.310546875 0.7841796875
vt 0.310546875 0.7724609375
vt 0.392578125 0.7724609375
vt 0.392578125 0.7607421875
vt 0.310546875 0.7607421875
vt 0.310546875 0.7724609375
vt 0.392578125 0.7724609375
vn 0 0 -1
vn 1 0 0
vn 0 0 1
vn -1 0 0
vn 0 1 0
vn 0 -1 0
usemtl m_7c4fd87a-d0f1-9ad7-7479-aa72dea38889
f 833/2497/625 834/2498/625 835/2499/625 836/2500/625
f 837/2501/626 833/2502/626 836/2503/626 838/2504/626
f 839/2505/627 837/2506/627 838/2507/627 840/2508/627
f 834/2509/628 839/2510/628 840/2511/628 835/2512/628
f 840/2513/629 838/2514/629 836/2515/629 835/2516/629
f 834/2517/630 833/2518/630 837/2519/630 839/2520/630
o cube
v 0.75 11.25 -0.09375
v 0 11.25 -0.09375
v 0 11.8125 -0.09375
v 0.75 11.8125 -0.09375
v 0.75 11.25 0.09375
v 0.75 11.8125 0.09375
v 0 11.25 0.09375
v 0 11.8125 0.09375
vt 0.5381774902343751 0.37616729736328125
vt 0.5850524902343751 0.37616729736328125
vt 0.5850524902343751 0.41132354736328125
vt 0.5381774902343751 0.41132354736328125
vt 0.369140625 0.2919921875
vt 0.380859375 0.2919921875
vt 0.380859375 0.3271484375
vt 0.369140625 0.3271484375
vt 0.263671875 0.6435546875
vt 0.310546875 0.6435546875
vt 0.310546875 0.6787109375
vt 0.263671875 0.6787109375
vt 0.369140625 0.2568359375
vt 0.380859375 0.2568359375
vt 0.380859375 0.2919921875
vt 0.369140625 0.2919921875
vt 0.158203125 0.3271484375
vt 0.111328125 0.3271484375
vt 0.111328125 0.3154296875
vt 0.158203125 0.3154296875
vt 0.205078125 0.3154296875
vt 0.158203125 0.3154296875
vt 0.158203125 0.3271484375
vt 0.205078125 0.3271484375
vn 0 0 -1
vn 1 0 0
vn 0 0 1
vn -1 0 0
vn 0 1 0
vn 0 -1 0
usemtl m_7c4fd87a-d0f1-9ad7-7479-aa72dea38889
f 841/2521/631 842/2522/631 843/2523/631 844/2524/631
f 845/2525/632 841/2526/632 844/2527/632 846/2528/632
f 847/2529/633 845/2530/633 846/2531/633 848/2532/633
f 842/2533/634 847/2534/634 848/2535/634 843/2536/634
f 848/2537/635 846/2538/635 844/2539/635 843/2540/635
f 842/2541/636 841/2542/636 845/2543/636 847/2544/636
o cube
v 2.25 11.25 -0.09375
v 0.9375 11.25 -0.09375
v 0.9375 11.8125 -0.09375
v 2.25 11.8125 -0.09375
v 2.25 11.25 0.09375
v 2.25 11.8125 0.09375
v 0.9375 11.25 0.09375
v 0.9375 11.8125 0.09375
vt 0.46793365478515636 0.04708099365234375
vt 0.5499649047851564 0.04708099365234375
vt 0.5499649047851564 0.08223724365234375
vt 0.46793365478515636 0.08223724365234375
vt 0.076171875 0.2333984375
vt 0.087890625 0.2333984375
vt 0.087890625 0.2685546875
vt 0.076171875 0.2685546875
vt 0.017578125 0.3623046875
vt 0.099609375 0.3623046875
vt 0.099609375 0.3974609375
vt 0.017578125 0.3974609375
vt 0.087890625 0.2333984375
vt 0.099609375 0.2333984375
vt 0.099609375 0.2685546875
vt 0.087890625 0.2685546875
vt 0.392578125 0.7607421875
vt 0.310546875 0.7607421875
vt 0.310546875 0.7490234375
vt 0.392578125 0.7490234375
vt 0.392578125 0.7373046875
vt 0.310546875 0.7373046875
vt 0.310546875 0.7490234375
vt 0.392578125 0.7490234375
vn 0 0 -1
vn 1 0 0
vn 0 0 1
vn -1 0 0
vn 0 1 0
vn 0 -1 0
usemtl m_7c4fd87a-d0f1-9ad7-7479-aa72dea38889
f 849/2545/637 850/2546/637 851/2547/637 852/2548/637
f 853/2549/638 849/2550/638 852/2551/638 854/2552/638
f 855/2553/639 853/2554/639 854/2555/639 856/2556/639
f 850/2557/640 855/2558/640 856/2559/640 851/2560/640
f 856/2561/641 854/2562/641 852/2563/641 851/2564/641
f 850/2565/642 849/2566/642 853/2567/642 855/2568/642
o cube
v 3.75 11.25 -0.09375
v 2.4375 11.25 -0.09375
v 2.4375 11.8125 -0.09375
v 3.75 11.8125 -0.09375
v 3.75 11.25 0.09375
v 3.75 11.8125 0.09375
v 2.4375 11.25 0.09375
v 2.4375 11.8125 0.09375
vt 0.46793365478515636 0.04708099365234375
vt 0.5499649047851564 0.04708099365234375
vt 0.5499649047851564 0.08223724365234375
vt 0.46793365478515636 0.08223724365234375
vt 0.099609375 0.2333984375
vt 0.111328125 0.2333984375
vt 0.111328125 0.2685546875
vt 0.099609375 0.2685546875
vt 0.181640625 0.3623046875
vt 0.263671875 0.3623046875
vt 0.263671875 0.3974609375
vt 0.181640625 0.3974609375
vt 0.111328125 0.2333984375
vt 0.123046875 0.2333984375
vt 0.123046875 0.2685546875
vt 0.111328125 0.2685546875
vt 0.392578125 0.7373046875
vt 0.310546875 0.7373046875
vt 0.310546875 0.7255859375
vt 0.392578125 0.7255859375
vt 0.392578125 0.7138671875
vt 0.310546875 0.7138671875
vt 0.310546875 0.7255859375
vt 0.392578125 0.7255859375
vn 0 0 -1
vn 1 0 0
vn 0 0 1
vn -1 0 0
vn 0 1 0
vn 0 -1 0
usemtl m_7c4fd87a-d0f1-9ad7-7479-aa72dea38889
f 857/2569/643 858/2570/643 859/2571/643 860/2572/643
f 861/2573/644 857/2574/644 860/2575/644 862/2576/644
f 863/2577/645 861/2578/645 862/2579/645 864/2580/645
f 858/2581/646 863/2582/646 864/2583/646 859/2584/646
f 864/2585/647 862/2586/647 860/2587/647 859/2588/647
f 858/2589/648 857/2590/648 861/2591/648 863/2592/648
o cube
v 5.25 11.25 -0.09375
v 3.9375 11.25 -0.09375
v 3.9375 11.8125 -0.09375
v 5.25 11.8125 -0.09375
v 5.25 11.25 0.09375
v 5.25 11.8125 0.09375
v 3.9375 11.25 0.09375
v 3.9375 11.8125 0.09375
vt 0.46793365478515636 0.9403152465820312
vt 0.5499649047851564 0.9403152465820312
vt 0.5499649047851564 0.9754714965820312
vt 0.46793365478515636 0.9754714965820312
vt 0.123046875 0.2333984375
vt 0.134765625 0.2333984375
vt 0.134765625 0.2685546875
vt 0.123046875 0.2685546875
vt 0.263671875 0.9248046875
vt 0.345703125 0.9248046875
vt 0.345703125 0.9599609375
vt 0.263671875 0.9599609375
vt 0.134765625 0.2333984375
vt 0.146484375 0.2333984375
vt 0.146484375 0.2685546875
vt 0.134765625 0.2685546875
vt 0.392578125 0.7138671875
vt 0.310546875 0.7138671875
vt 0.310546875 0.7021484375
vt 0.392578125 0.7021484375
vt 0.392578125 0.6904296875
vt 0.310546875 0.6904296875
vt 0.310546875 0.7021484375
vt 0.392578125 0.7021484375
vn 0 0 -1
vn 1 0 0
vn 0 0 1
vn -1 0 0
vn 0 1 0
vn 0 -1 0
usemtl m_7c4fd87a-d0f1-9ad7-7479-aa72dea38889
f 865/2593/649 866/2594/649 867/2595/649 868/2596/649
f 869/2597/650 865/2598/650 868/2599/650 870/2600/650
f 871/2601/651 869/2602/651 870/2603/651 872/2604/651
f 866/2605/652 871/2606/652 872/2607/652 867/2608/652
f 872/2609/653 870/2610/653 868/2611/653 867/2612/653
f 866/2613/654 865/2614/654 869/2615/654 871/2616/654
o cube
v 6 11.25 -0.09375
v 5.4375 11.25 -0.09375
v 5.4375 11.8125 -0.09375
v 6 11.8125 -0.09375
v 6 11.25 0.09375
v 6 11.8125 0.09375
v 5.4375 11.25 0.09375
v 5.4375 11.8125 0.09375
vt 0.5615921020507814 0.04708099365234375
vt 0.5967483520507814 0.04708099365234375
vt 0.5967483520507814 0.08223724365234375
vt 0.5615921020507814 0.08223724365234375
vt 0.251953125 0.2333984375
vt 0.263671875 0.2333984375
vt 0.263671875 0.2685546875
vt 0.251953125 0.2685546875
vt 0.263671875 0.3623046875
vt 0.298828125 0.3623046875
vt 0.298828125 0.3974609375
vt 0.263671875 0.3974609375
vt 0.263671875 0.2333984375
vt 0.275390625 0.2333984375
vt 0.275390625 0.2685546875
vt 0.263671875 0.2685546875
vt 0.416015625 0.9951171875
vt 0.380859375 0.9951171875
vt 0.380859375 0.9833984375
vt 0.416015625 0.9833984375
vt 0.416015625 0.9716796875
vt 0.380859375 0.9716796875
vt 0.380859375 0.9833984375
vt 0.416015625 0.9833984375
vn 0 0 -1
vn 1 0 0
vn 0 0 1
vn -1 0 0
vn 0 1 0
vn 0 -1 0
usemtl m_7c4fd87a-d0f1-9ad7-7479-aa72dea38889
f 873/2617/655 874/2618/655 875/2619/655 876/2620/655
f 877/2621/656 873/2622/656 876/2623/656 878/2624/656
f 879/2625/657 877/2626/657 878/2627/657 880/2628/657
f 874/2629/658 879/2630/658 880/2631/658 875/2632/658
f 880/2633/659 878/2634/659 876/2635/659 875/2636/659
f 874/2637/660 873/2638/660 877/2639/660 879/2640/660
o cube
v 6 6 0
v 0 6 0
v 0 12 0
v 6 12 0
v 6 6 0.15625
v 6 12 0.15625
v 0 6 0.15625
v 0 12 0.15625
vt 0 0.625
vt 0.375 0.625
vt 0.375 1
vt 0 1
vt 0.375 0.625
vt 0.384765625 0.625
vt 0.384765625 1
vt 0.375 1
vt 0 0.625
vt 0.375 0.625
vt 0.375 1
vt 0 1
vt 0.375 0.25
vt 0.384765625 0.25
vt 0.384765625 0.625
vt 0.375 0.625
vt 0.759765625 1
vt 0.384765625 1
vt 0.384765625 0.990234375
vt 0.759765625 0.990234375
vt 0.759765625 0.98046875
vt 0.384765625 0.98046875
vt 0.384765625 0.990234375
vt 0.759765625 0.990234375
vn 0 0 -1
vn 1 0 0
vn 0 0 1
vn -1 0 0
vn 0 1 0
vn 0 -1 0
usemtl m_7c4fd87a-d0f1-9ad7-7479-aa72dea38889
f 881/2641/661 882/2642/661 883/2643/661 884/2644/661
f 885/2645/662 881/2646/662 884/2647/662 886/2648/662
f 887/2649/663 885/2650/663 886/2651/663 888/2652/663
f 882/2653/664 887/2654/664 888/2655/664 883/2656/664
f 888/2657/665 886/2658/665 884/2659/665 883/2660/665
f 882/2661/666 881/2662/666 885/2663/666 887/2664/666
o cube
v -11.25 6.75 -0.09375
v -12 6.75 -0.09375
v -12 7.3125 -0.09375
v -11.25 7.3125 -0.09375
v -11.25 6.75 0.09375
v -11.25 7.3125 0.09375
v -12 6.75 0.09375
v -12 7.3125 0.09375
vt 0.5381774902343751 0.7992782592773438
vt 0.5850524902343751 0.7992782592773438
vt 0.5850524902343751 0.8344345092773438
vt 0.5381774902343751 0.8344345092773438
vt 0.146484375 0.2802734375
vt 0.158203125 0.2802734375
vt 0.158203125 0.3154296875
vt 0.146484375 0.3154296875
vt 0.263671875 0.8544921875
vt 0.310546875 0.8544921875
vt 0.310546875 0.8896484375
vt 0.263671875 0.8896484375
vt 0.158203125 0.2802734375
vt 0.169921875 0.2802734375
vt 0.169921875 0.3154296875
vt 0.158203125 0.3154296875
vt 0.357421875 0.6904296875
vt 0.310546875 0.6904296875
vt 0.310546875 0.6787109375
vt 0.357421875 0.6787109375
vt 0.357421875 0.6669921875
vt 0.310546875 0.6669921875
vt 0.310546875 0.6787109375
vt 0.357421875 0.6787109375
vn 0 0 -1
vn 1 0 0
vn 0 0 1
vn -1 0 0
vn 0 1 0
vn 0 -1 0
usemtl m_7c4fd87a-d0f1-9ad7-7479-aa72dea38889
f 889/2665/667 890/2666/667 891/2667/667 892/2668/667
f 893/2669/668 889/2670/668 892/2671/668 894/2672/668
f 895/2673/669 893/2674/669 894/2675/669 896/2676/669
f 890/2677/670 895/2678/670 896/2679/670 891/2680/670
f 896/2681/671 894/2682/671 892/2683/671 891/2684/671
f 890/2685/672 889/2686/672 893/2687/672 895/2688/672
o cube
v -7.5 6 -0.09375
v -8.8125 6 -0.09375
v -8.8125 6.5625 -0.09375
v -7.5 6.5625 -0.09375
v -7.5 6 0.09375
v -7.5 6.5625 0.09375
v -8.8125 6 0.09375
v -8.8125 6.5625 0.09375
vt 0.401592254638672 0.9403152465820312
vt 0.483623504638672 0.9403152465820312
vt 0.483623504638672 0.9754714965820312
vt 0.401592254638672 0.9754714965820312
vt 0.205078125 0.2919921875
vt 0.216796875 0.2919921875
vt 0.216796875 0.3271484375
vt 0.205078125 0.3271484375
vt 0.017578125 0.9248046875
vt 0.099609375 0.9248046875
vt 0.099609375 0.9599609375
vt 0.017578125 0.9599609375
vt 0.216796875 0.2919921875
vt 0.228515625 0.2919921875
vt 0.228515625 0.3271484375
vt 0.216796875 0.3271484375
vt 0.099609375 0.3623046875
vt 0.017578125 0.3623046875
vt 0.017578125 0.3505859375
vt 0.099609375 0.3505859375
vt 0.181640625 0.3505859375
vt 0.099609375 0.3505859375
vt 0.099609375 0.3623046875
vt 0.181640625 0.3623046875
vn 0 0 -1
vn 1 0 0
vn 0 0 1
vn -1 0 0
vn 0 1 0
vn 0 -1 0
usemtl m_7c4fd87a-d0f1-9ad7-7479-aa72dea38889
f 897/2689/673 898/2690/673 899/2691/673 900/2692/673
f 901/2693/674 897/2694/674 900/2695/674 902/2696/674
f 903/2697/675 901/2698/675 902/2699/675 904/2700/675
f 898/2701/676 903/2702/676 904/2703/676 899/2704/676
f 904/2705/677 902/2706/677 900/2707/677 899/2708/677
f 898/2709/678 897/2710/678 901/2711/678 903/2712/678
o cube
v -6 6 -0.09375
v -7.3125 6 -0.09375
v -7.3125 6.5625 -0.09375
v -6 6.5625 -0.09375
v -6 6 0.09375
v -6 6.5625 0.09375
v -7.3125 6 0.09375
v -7.3125 6.5625 0.09375
vt 0.401592254638672 0.7992782592773438
vt 0.483623504638672 0.7992782592773438
vt 0.483623504638672 0.8344345092773438
vt 0.401592254638672 0.8344345092773438
vt 0.228515625 0.2919921875
vt 0.240234375 0.2919921875
vt 0.240234375 0.3271484375
vt 0.228515625 0.3271484375
vt 0.017578125 0.8544921875
vt 0.099609375 0.8544921875
vt 0.099609375 0.8896484375
vt 0.017578125 0.8896484375
vt 0.240234375 0.2919921875
vt 0.251953125 0.2919921875
vt 0.251953125 0.3271484375
vt 0.240234375 0.3271484375
vt 0.263671875 0.3623046875
vt 0.181640625 0.3623046875
vt 0.181640625 0.3505859375
vt 0.263671875 0.3505859375
vt 0.345703125 0.3505859375
vt 0.263671875 0.3505859375
vt 0.263671875 0.3623046875
vt 0.345703125 0.3623046875
vn 0 0 -1
vn 1 0 0
vn 0 0 1
vn -1 0 0
vn 0 1 0
vn 0 -1 0
usemtl m_7c4fd87a-d0f1-9ad7-7479-aa72dea38889
f 905/2713/679 906/2714/679 907/2715/679 908/2716/679
f 909/2717/680 905/2718/680 908/2719/680 910/2720/680
f 911/2721/681 909/2722/681 910/2723/681 912/2724/681
f 906/2725/682 911/2726/682 912/2727/682 907/2728/682
f 912/2729/683 910/2730/683 908/2731/683 907/2732/683
f 906/2733/684 905/2734/684 909/2735/684 911/2736/684
o cube
v -9 6 -0.09375
v -10.3125 6 -0.09375
v -10.3125 6.5625 -0.09375
v -9 6.5625 -0.09375
v -9 6 0.09375
v -9 6.5625 0.09375
v -10.3125 6 0.09375
v -10.3125 6.5625 0.09375
vt 0.401592254638672 0.6582412719726562
vt 0.483623504638672 0.6582412719726562
vt 0.483623504638672 0.6933975219726562
vt 0.401592254638672 0.6933975219726562
vt 0.251953125 0.2919921875
vt 0.263671875 0.2919921875
vt 0.263671875 0.3271484375
vt 0.251953125 0.3271484375
vt 0.017578125 0.7841796875
vt 0.099609375 0.7841796875
vt 0.099609375 0.8193359375
vt 0.017578125 0.8193359375
vt 0.263671875 0.2919921875
vt 0.275390625 0.2919921875
vt 0.275390625 0.3271484375
vt 0.263671875 0.3271484375
vt 0.099609375 0.3505859375
vt 0.017578125 0.3505859375
vt 0.017578125 0.3388671875
vt 0.099609375 0.3388671875
vt 0.181640625 0.3388671875
vt 0.099609375 0.3388671875
vt 0.099609375 0.3505859375
vt 0.181640625 0.3505859375
vn 0 0 -1
vn 1 0 0
vn 0 0 1
vn -1 0 0
vn 0 1 0
vn 0 -1 0
usemtl m_7c4fd87a-d0f1-9ad7-7479-aa72dea38889
f 913/2737/685 914/2738/685 915/2739/685 916/2740/685
f 917/2741/686 913/2742/686 916/2743/686 918/2744/686
f 919/2745/687 917/2746/687 918/2747/687 920/2748/687
f 914/2749/688 919/2750/688 920/2751/688 915/2752/688
f 920/2753/689 918/2754/689 916/2755/689 915/2756/689
f 914/2757/690 913/2758/690 917/2759/690 919/2760/690
o cube
v -9.75 6.75 -0.09375
v -11.0625 6.75 -0.09375
v -11.0625 7.3125 -0.09375
v -9.75 7.3125 -0.09375
v -9.75 6.75 0.09375
v -9.75 7.3125 0.09375
v -11.0625 6.75 0.09375
v -11.0625 7.3125 0.09375
vt 0.401592254638672 0.5172042846679688
vt 0.483623504638672 0.5172042846679688
vt 0.483623504638672 0.5523605346679688
vt 0.401592254638672 0.5523605346679688
vt 0.275390625 0.2919921875
vt 0.287109375 0.2919921875
vt 0.287109375 0.3271484375
vt 0.275390625 0.3271484375
vt 0.017578125 0.7138671875
vt 0.099609375 0.7138671875
vt 0.099609375 0.7490234375
vt 0.017578125 0.7490234375
vt 0.287109375 0.2919921875
vt 0.298828125 0.2919921875
vt 0.298828125 0.3271484375
vt 0.287109375 0.3271484375
vt 0.263671875 0.3505859375
vt 0.181640625 0.3505859375
vt 0.181640625 0.3388671875
vt 0.263671875 0.3388671875
vt 0.345703125 0.3388671875
vt 0.263671875 0.3388671875
vt 0.263671875 0.3505859375
vt 0.345703125 0.3505859375
vn 0 0 -1
vn 1 0 0
vn 0 0 1
vn -1 0 0
vn 0 1 0
vn 0 -1 0
usemtl m_7c4fd87a-d0f1-9ad7-7479-aa72dea38889
f 921/2761/691 922/2762/691 923/2763/691 924/2764/691
f 925/2765/692 921/2766/692 924/2767/692 926/2768/692
f 927/2769/693 925/2770/693 926/2771/693 928/2772/693
f 922/2773/694 927/2774/694 928/2775/694 923/2776/694
f 928/2777/695 926/2778/695 924/2779/695 923/2780/695
f 922/2781/696 921/2782/696 925/2783/696 927/2784/696
o cube
v -10.5 6 -0.09375
v -11.8125 6 -0.09375
v -11.8125 6.5625 -0.09375
v -10.5 6.5625 -0.09375
v -10.5 6 0.09375
v -10.5 6.5625 0.09375
v -11.8125 6 0.09375
v -11.8125 6.5625 0.09375
vt 0.401592254638672 0.37616729736328125
vt 0.483623504638672 0.37616729736328125
vt 0.483623504638672 0.41132354736328125
vt 0.401592254638672 0.41132354736328125
vt 0.298828125 0.2919921875
vt 0.310546875 0.2919921875
vt 0.310546875 0.3271484375
vt 0.298828125 0.3271484375
vt 0.017578125 0.6435546875
vt 0.099609375 0.6435546875
vt 0.099609375 0.6787109375
vt 0.017578125 0.6787109375
vt 0.310546875 0.2919921875
vt 0.322265625 0.2919921875
vt 0.322265625 0.3271484375
vt 0.310546875 0.3271484375
vt 0.380859375 0.6435546875
vt 0.298828125 0.6435546875
vt 0.298828125 0.6318359375
vt 0.380859375 0.6318359375
vt 0.380859375 0.6201171875
vt 0.298828125 0.6201171875
vt 0.298828125 0.6318359375
vt 0.380859375 0.6318359375
vn 0 0 -1
vn 1 0 0
vn 0 0 1
vn -1 0 0
vn 0 1 0
vn 0 -1 0
usemtl m_7c4fd87a-d0f1-9ad7-7479-aa72dea38889
f 929/2785/697 930/2786/697 931/2787/697 932/2788/697
f 933/2789/698 929/2790/698 932/2791/698 934/2792/698
f 935/2793/699 933/2794/699 934/2795/699 936/2796/699
f 930/2797/700 935/2798/700 936/2799/700 931/2800/700
f 936/2801/701 934/2802/701 932/2803/701 931/2804/701
f 930/2805/702 929/2806/702 933/2807/702 935/2808/702
o cube
v -8.25 6.75 -0.09375
v -9.5625 6.75 -0.09375
v -9.5625 7.3125 -0.09375
v -8.25 7.3125 -0.09375
v -8.25 6.75 0.09375
v -8.25 7.3125 0.09375
v -9.5625 6.75 0.09375
v -9.5625 7.3125 0.09375
vt 0.401592254638672 0.23513031005859375
vt 0.483623504638672 0.23513031005859375
vt 0.483623504638672 0.27028656005859375
vt 0.401592254638672 0.27028656005859375
vt 0.322265625 0.2919921875
vt 0.333984375 0.2919921875
vt 0.333984375 0.3271484375
vt 0.322265625 0.3271484375
vt 0.017578125 0.5732421875
vt 0.099609375 0.5732421875
vt 0.099609375 0.6083984375
vt 0.017578125 0.6083984375
vt 0.017578125 0.2802734375
vt 0.029296875 0.2802734375
vt 0.029296875 0.3154296875
vt 0.017578125 0.3154296875
vt 0.380859375 0.6201171875
vt 0.298828125 0.6201171875
vt 0.298828125 0.6083984375
vt 0.380859375 0.6083984375
vt 0.380859375 0.5966796875
vt 0.298828125 0.5966796875
vt 0.298828125 0.6083984375
vt 0.380859375 0.6083984375
vn 0 0 -1
vn 1 0 0
vn 0 0 1
vn -1 0 0
vn 0 1 0
vn 0 -1 0
usemtl m_7c4fd87a-d0f1-9ad7-7479-aa72dea38889
f 937/2809/703 938/2810/703 939/2811/703 940/2812/703
f 941/2813/704 937/2814/704 940/2815/704 942/2816/704
f 943/2817/705 941/2818/705 942/2819/705 944/2820/705
f 938/2821/706 943/2822/706 944/2823/706 939/2824/706
f 944/2825/707 942/2826/707 940/2827/707 939/2828/707
f 938/2829/708 937/2830/708 941/2831/708 943/2832/708
o cube
v -6.75 6.75 -0.09375
v -8.0625 6.75 -0.09375
v -8.0625 7.3125 -0.09375
v -6.75 7.3125 -0.09375
v -6.75 6.75 0.09375
v -6.75 7.3125 0.09375
v -8.0625 6.75 0.09375
v -8.0625 7.3125 0.09375
vt 0.401592254638672 0.09409332275390625
vt 0.483623504638672 0.09409332275390625
vt 0.483623504638672 0.12924957275390625
vt 0.401592254638672 0.12924957275390625
vt 0.029296875 0.2802734375
vt 0.041015625 0.2802734375
vt 0.041015625 0.3154296875
vt 0.029296875 0.3154296875
vt 0.099609375 0.9599609375
vt 0.181640625 0.9599609375
vt 0.181640625 0.9951171875
vt 0.099609375 0.9951171875
vt 0.041015625 0.2802734375
vt 0.052734375 0.2802734375
vt 0.052734375 0.3154296875
vt 0.041015625 0.3154296875
vt 0.380859375 0.5966796875
vt 0.298828125 0.5966796875
vt 0.298828125 0.5849609375
vt 0.380859375 0.5849609375
vt 0.380859375 0.5732421875
vt 0.298828125 0.5732421875
vt 0.298828125 0.5849609375
vt 0.380859375 0.5849609375
vn 0 0 -1
vn 1 0 0
vn 0 0 1
vn -1 0 0
vn 0 1 0
vn 0 -1 0
usemtl m_7c4fd87a-d0f1-9ad7-7479-aa72dea38889
f 945/2833/709 946/2834/709 947/2835/709 948/2836/709
f 949/2837/710 945/2838/710 948/2839/710 950/2840/710
f 951/2841/711 949/2842/711 950/2843/711 952/2844/711
f 946/2845/712 951/2846/712 952/2847/712 947/2848/712
f 952/2849/713 950/2850/713 948/2851/713 947/2852/713
f 946/2853/714 945/2854/714 949/2855/714 951/2856/714
o cube
v -6 6.75 -0.09375
v -6.5625 6.75 -0.09375
v -6.5625 7.3125 -0.09375
v -6 7.3125 -0.09375
v -6 6.75 0.09375
v -6 7.3125 0.09375
v -6.5625 6.75 0.09375
v -6.5625 7.3125 0.09375
vt 0.5615921020507814 0.23513031005859375
vt 0.5967483520507814 0.23513031005859375
vt 0.5967483520507814 0.27028656005859375
vt 0.5615921020507814 0.27028656005859375
vt 0.052734375 0.2802734375
vt 0.064453125 0.2802734375
vt 0.064453125 0.3154296875
vt 0.052734375 0.3154296875
vt 0.263671875 0.5732421875
vt 0.298828125 0.5732421875
vt 0.298828125 0.6083984375
vt 0.263671875 0.6083984375
vt 0.064453125 0.2802734375
vt 0.076171875 0.2802734375
vt 0.076171875 0.3154296875
vt 0.064453125 0.3154296875
vt 0.111328125 0.3154296875
vt 0.076171875 0.3154296875
vt 0.076171875 0.3037109375
vt 0.111328125 0.3037109375
vt 0.146484375 0.3037109375
vt 0.111328125 0.3037109375
vt 0.111328125 0.3154296875
vt 0.146484375 0.3154296875
vn 0 0 -1
vn 1 0 0
vn 0 0 1
vn -1 0 0
vn 0 1 0
vn 0 -1 0
usemtl m_7c4fd87a-d0f1-9ad7-7479-aa72dea38889
f 953/2857/715 954/2858/715 955/2859/715 956/2860/715
f 957/2861/716 953/2862/716 956/2863/716 958/2864/716
f 959/2865/717 957/2866/717 958/2867/717 960/2868/717
f 954/2869/718 959/2870/718 960/2871/718 955/2872/718
f 960/2873/719 958/2874/719 956/2875/719 955/2876/719
f 954/2877/720 953/2878/720 957/2879/720 959/2880/720
o cube
v -6 7.5 -0.09375
v -7.3125 7.5 -0.09375
v -7.3125 8.0625 -0.09375
v -6 8.0625 -0.09375
v -6 7.5 0.09375
v -6 8.0625 0.09375
v -7.3125 7.5 0.09375
v -7.3125 8.0625 0.09375
vt 0.46793365478515636 0.8697967529296875
vt 0.5499649047851564 0.8697967529296875
vt 0.5499649047851564 0.9049530029296875
vt 0.46793365478515636 0.9049530029296875
vt 0.169921875 0.2802734375
vt 0.181640625 0.2802734375
vt 0.181640625 0.3154296875
vt 0.169921875 0.3154296875
vt 0.099609375 0.8896484375
vt 0.181640625 0.8896484375
vt 0.181640625 0.9248046875
vt 0.099609375 0.9248046875
vt 0.181640625 0.2802734375
vt 0.193359375 0.2802734375
vt 0.193359375 0.3154296875
vt 0.181640625 0.3154296875
vt 0.380859375 0.5732421875
vt 0.298828125 0.5732421875
vt 0.298828125 0.5615234375
vt 0.380859375 0.5615234375
vt 0.380859375 0.5498046875
vt 0.298828125 0.5498046875
vt 0.298828125 0.5615234375
vt 0.380859375 0.5615234375
vn 0 0 -1
vn 1 0 0
vn 0 0 1
vn -1 0 0
vn 0 1 0
vn 0 -1 0
usemtl m_7c4fd87a-d0f1-9ad7-7479-aa72dea38889
f 961/2881/721 962/2882/721 963/2883/721 964/2884/721
f 965/2885/722 961/2886/722 964/2887/722 966/2888/722
f 967/2889/723 965/2890/723 966/2891/723 968/2892/723
f 962/2893/724 967/2894/724 968/2895/724 963/2896/724
f 968/2897/725 966/2898/725 964/2899/725 963/2900/725
f 962/2901/726 961/2902/726 965/2903/726 967/2904/726
o cube
v -7.5 7.5 -0.09375
v -8.8125 7.5 -0.09375
v -8.8125 8.0625 -0.09375
v -7.5 8.0625 -0.09375
v -7.5 7.5 0.09375
v -7.5 8.0625 0.09375
v -8.8125 7.5 0.09375
v -8.8125 8.0625 0.09375
vt 0.46793365478515636 0.728759765625
vt 0.5499649047851564 0.728759765625
vt 0.5499649047851564 0.763916015625
vt 0.46793365478515636 0.763916015625
vt 0.193359375 0.2802734375
vt 0.205078125 0.2802734375
vt 0.205078125 0.3154296875
vt 0.193359375 0.3154296875
vt 0.099609375 0.8193359375
vt 0.181640625 0.8193359375
vt 0.181640625 0.8544921875
vt 0.099609375 0.8544921875
vt 0.333984375 0.2919921875
vt 0.345703125 0.2919921875
vt 0.345703125 0.3271484375
vt 0.333984375 0.3271484375
vt 0.380859375 0.5498046875
vt 0.298828125 0.5498046875
vt 0.298828125 0.5380859375
vt 0.380859375 0.5380859375
vt 0.380859375 0.5263671875
vt 0.298828125 0.5263671875
vt 0.298828125 0.5380859375
vt 0.380859375 0.5380859375
vn 0 0 -1
vn 1 0 0
vn 0 0 1
vn -1 0 0
vn 0 1 0
vn 0 -1 0
usemtl m_7c4fd87a-d0f1-9ad7-7479-aa72dea38889
f 969/2905/727 970/2906/727 971/2907/727 972/2908/727
f 973/2909/728 969/2910/728 972/2911/728 974/2912/728
f 975/2913/729 973/2914/729 974/2915/729 976/2916/729
f 970/2917/730 975/2918/730 976/2919/730 971/2920/730
f 976/2921/731 974/2922/731 972/2923/731 971/2924/731
f 970/2925/732 969/2926/732 973/2927/732 975/2928/732
o cube
v -9 7.5 -0.09375
v -10.3125 7.5 -0.09375
v -10.3125 8.0625 -0.09375
v -9 8.0625 -0.09375
v -9 7.5 0.09375
v -9 8.0625 0.09375
v -10.3125 7.5 0.09375
v -10.3125 8.0625 0.09375
vt 0.46793365478515636 0.5877227783203125
vt 0.5499649047851564 0.5877227783203125
vt 0.5499649047851564 0.6228790283203125
vt 0.46793365478515636 0.6228790283203125
vt 0.076171875 0.2685546875
vt 0.087890625 0.2685546875
vt 0.087890625 0.3037109375
vt 0.076171875 0.3037109375
vt 0.099609375 0.7490234375
vt 0.181640625 0.7490234375
vt 0.181640625 0.7841796875
vt 0.099609375 0.7841796875
vt 0.087890625 0.2685546875
vt 0.099609375 0.2685546875
vt 0.099609375 0.3037109375
vt 0.087890625 0.3037109375
vt 0.380859375 0.5263671875
vt 0.298828125 0.5263671875
vt 0.298828125 0.5146484375
vt 0.380859375 0.5146484375
vt 0.380859375 0.5029296875
vt 0.298828125 0.5029296875
vt 0.298828125 0.5146484375
vt 0.380859375 0.5146484375
vn 0 0 -1
vn 1 0 0
vn 0 0 1
vn -1 0 0
vn 0 1 0
vn 0 -1 0
usemtl m_7c4fd87a-d0f1-9ad7-7479-aa72dea38889
f 977/2929/733 978/2930/733 979/2931/733 980/2932/733
f 981/2933/734 977/2934/734 980/2935/734 982/2936/734
f 983/2937/735 981/2938/735 982/2939/735 984/2940/735
f 978/2941/736 983/2942/736 984/2943/736 979/2944/736
f 984/2945/737 982/2946/737 980/2947/737 979/2948/737
f 978/2949/738 977/2950/738 981/2951/738 983/2952/738
o cube
v -10.5 7.5 -0.09375
v -11.8125 7.5 -0.09375
v -11.8125 8.0625 -0.09375
v -10.5 8.0625 -0.09375
v -10.5 7.5 0.09375
v -10.5 8.0625 0.09375
v -11.8125 7.5 0.09375
v -11.8125 8.0625 0.09375
vt 0.46793365478515636 0.446685791015625
vt 0.5499649047851564 0.446685791015625
vt 0.5499649047851564 0.481842041015625
vt 0.46793365478515636 0.481842041015625
vt 0.099609375 0.2685546875
vt 0.111328125 0.2685546875
vt 0.111328125 0.3037109375
vt 0.099609375 0.3037109375
vt 0.099609375 0.6787109375
vt 0.181640625 0.6787109375
vt 0.181640625 0.7138671875
vt 0.099609375 0.7138671875
vt 0.111328125 0.2685546875
vt 0.123046875 0.2685546875
vt 0.123046875 0.3037109375
vt 0.111328125 0.3037109375
vt 0.380859375 0.5029296875
vt 0.298828125 0.5029296875
vt 0.298828125 0.4912109375
vt 0.380859375 0.4912109375
vt 0.380859375 0.4794921875
vt 0.298828125 0.4794921875
vt 0.298828125 0.4912109375
vt 0.380859375 0.4912109375
vn 0 0 -1
vn 1 0 0
vn 0 0 1
vn -1 0 0
vn 0 1 0
vn 0 -1 0
usemtl m_7c4fd87a-d0f1-9ad7-7479-aa72dea38889
f 985/2953/739 986/2954/739 987/2955/739 988/2956/739
f 989/2957/740 985/2958/740 988/2959/740 990/2960/740
f 991/2961/741 989/2962/741 990/2963/741 992/2964/741
f 986/2965/742 991/2966/742 992/2967/742 987/2968/742
f 992/2969/743 990/2970/743 988/2971/743 987/2972/743
f 986/2973/744 985/2974/744 989/2975/744 991/2976/744
o cube
v -11.25 8.25 -0.09375
v -12 8.25 -0.09375
v -12 8.8125 -0.09375
v -11.25 8.8125 -0.09375
v -11.25 8.25 0.09375
v -11.25 8.8125 0.09375
v -12 8.25 0.09375
v -12 8.8125 0.09375
vt 0.5381774902343751 0.6582412719726562
vt 0.5850524902343751 0.6582412719726562
vt 0.5850524902343751 0.6933975219726562
vt 0.5381774902343751 0.6933975219726562
vt 0.123046875 0.2685546875
vt 0.134765625 0.2685546875
vt 0.134765625 0.3037109375
vt 0.123046875 0.3037109375
vt 0.263671875 0.7841796875
vt 0.310546875 0.7841796875
vt 0.310546875 0.8193359375
vt 0.263671875 0.8193359375
vt 0.134765625 0.2685546875
vt 0.146484375 0.2685546875
vt 0.146484375 0.3037109375
vt 0.134765625 0.3037109375
vt 0.357421875 0.6669921875
vt 0.310546875 0.6669921875
vt 0.310546875 0.6552734375
vt 0.357421875 0.6552734375
vt 0.357421875 0.6435546875
vt 0.310546875 0.6435546875
vt 0.310546875 0.6552734375
vt 0.357421875 0.6552734375
vn 0 0 -1
vn 1 0 0
vn 0 0 1
vn -1 0 0
vn 0 1 0
vn 0 -1 0
usemtl m_7c4fd87a-d0f1-9ad7-7479-aa72dea38889
f 993/2977/745 994/2978/745 995/2979/745 996/2980/745
f 997/2981/746 993/2982/746 996/2983/746 998/2984/746
f 999/2985/747 997/2986/747 998/2987/747 1000/2988/747
f 994/2989/748 999/2990/748 1000/2991/748 995/2992/748
f 1000/2993/749 998/2994/749 996/2995/749 995/2996/749
f 994/2997/750 993/2998/750 997/2999/750 999/3000/750
o cube
v -9.75 8.25 -0.09375
v -11.0625 8.25 -0.09375
v -11.0625 8.8125 -0.09375
v -9.75 8.8125 -0.09375
v -9.75 8.25 0.09375
v -9.75 8.8125 0.09375
v -11.0625 8.25 0.09375
v -11.0625 8.8125 0.09375
vt 0.46793365478515636 0.3056488037109375
vt 0.5499649047851564 0.3056488037109375
vt 0.5499649047851564 0.3408050537109375
vt 0.46793365478515636 0.3408050537109375
vt 0.345703125 0.9599609375
vt 0.357421875 0.9599609375
vt 0.357421875 0.9951171875
vt 0.345703125 0.9951171875
vt 0.099609375 0.6083984375
vt 0.181640625 0.6083984375
vt 0.181640625 0.6435546875
vt 0.099609375 0.6435546875
vt 0.345703125 0.9248046875
vt 0.357421875 0.9248046875
vt 0.357421875 0.9599609375
vt 0.345703125 0.9599609375
vt 0.380859375 0.4794921875
vt 0.298828125 0.4794921875
vt 0.298828125 0.4677734375
vt 0.380859375 0.4677734375
vt 0.380859375 0.4560546875
vt 0.298828125 0.4560546875
vt 0.298828125 0.4677734375
vt 0.380859375 0.4677734375
vn 0 0 -1
vn 1 0 0
vn 0 0 1
vn -1 0 0
vn 0 1 0
vn 0 -1 0
usemtl m_7c4fd87a-d0f1-9ad7-7479-aa72dea38889
f 1001/3001/751 1002/3002/751 1003/3003/751 1004/3004/751
f 1005/3005/752 1001/3006/752 1004/3007/752 1006/3008/752
f 1007/3009/753 1005/3010/753 1006/3011/753 1008/3012/753
f 1002/3013/754 1007/3014/754 1008/3015/754 1003/3016/754
f 1008/3017/755 1006/3018/755 1004/3019/755 1003/3020/755
f 1002/3021/756 1001/3022/756 1005/3023/756 1007/3024/756
o cube
v -8.25 8.25 -0.09375
v -9.5625 8.25 -0.09375
v -9.5625 8.8125 -0.09375
v -8.25 8.8125 -0.09375
v -8.25 8.25 0.09375
v -8.25 8.8125 0.09375
v -9.5625 8.25 0.09375
v -9.5625 8.8125 0.09375
vt 0.46793365478515636 0.16461181640625
vt 0.5499649047851564 0.16461181640625
vt 0.5499649047851564 0.19976806640625
vt 0.46793365478515636 0.19976806640625
vt 0.345703125 0.3271484375
vt 0.357421875 0.3271484375
vt 0.357421875 0.3623046875
vt 0.345703125 0.3623046875
vt 0.099609375 0.5380859375
vt 0.181640625 0.5380859375
vt 0.181640625 0.5732421875
vt 0.099609375 0.5732421875
vt 0.345703125 0.2919921875
vt 0.357421875 0.2919921875
vt 0.357421875 0.3271484375
vt 0.345703125 0.3271484375
vt 0.380859375 0.4560546875
vt 0.298828125 0.4560546875
vt 0.298828125 0.4443359375
vt 0.380859375 0.4443359375
vt 0.380859375 0.4326171875
vt 0.298828125 0.4326171875
vt 0.298828125 0.4443359375
vt 0.380859375 0.4443359375
vn 0 0 -1
vn 1 0 0
vn 0 0 1
vn -1 0 0
vn 0 1 0
vn 0 -1 0
usemtl m_7c4fd87a-d0f1-9ad7-7479-aa72dea38889
f 1009/3025/757 1010/3026/757 1011/3027/757 1012/3028/757
f 1013/3029/758 1009/3030/758 1012/3031/758 1014/3032/758
f 1015/3033/759 1013/3034/759 1014/3035/759 1016/3036/759
f 1010/3037/760 1015/3038/760 1016/3039/760 1011/3040/760
f 1016/3041/761 1014/3042/761 1012/3043/761 1011/3044/761
f 1010/3045/762 1009/3046/762 1013/3047/762 1015/3048/762
o cube
v -6.75 8.25 -0.09375
v -8.0625 8.25 -0.09375
v -8.0625 8.8125 -0.09375
v -6.75 8.8125 -0.09375
v -6.75 8.25 0.09375
v -6.75 8.8125 0.09375
v -8.0625 8.25 0.09375
v -8.0625 8.8125 0.09375
vt 0.401592254638672 0.04708099365234375
vt 0.483623504638672 0.04708099365234375
vt 0.483623504638672 0.08223724365234375
vt 0.401592254638672 0.08223724365234375
vt 0.205078125 0.2568359375
vt 0.216796875 0.2568359375
vt 0.216796875 0.2919921875
vt 0.205078125 0.2919921875
vt 0.099609375 0.5029296875
vt 0.181640625 0.5029296875
vt 0.181640625 0.5380859375
vt 0.099609375 0.5380859375
vt 0.216796875 0.2568359375
vt 0.228515625 0.2568359375
vt 0.228515625 0.2919921875
vt 0.216796875 0.2919921875
vt 0.380859375 0.4326171875
vt 0.298828125 0.4326171875
vt 0.298828125 0.4208984375
vt 0.380859375 0.4208984375
vt 0.380859375 0.4091796875
vt 0.298828125 0.4091796875
vt 0.298828125 0.4208984375
vt 0.380859375 0.4208984375
vn 0 0 -1
vn 1 0 0
vn 0 0 1
vn -1 0 0
vn 0 1 0
vn 0 -1 0
usemtl m_7c4fd87a-d0f1-9ad7-7479-aa72dea38889
f 1017/3049/763 1018/3050/763 1019/3051/763 1020/3052/763
f 1021/3053/764 1017/3054/764 1020/3055/764 1022/3056/764
f 1023/3057/765 1021/3058/765 1022/3059/765 1024/3060/765
f 1018/3061/766 1023/3062/766 1024/3063/766 1019/3064/766
f 1024/3065/767 1022/3066/767 1020/3067/767 1019/3068/767
f 1018/3069/768 1017/3070/768 1021/3071/768 1023/3072/768
o cube
v -6 8.25 -0.09375
v -6.5625 8.25 -0.09375
v -6.5625 8.8125 -0.09375
v -6 8.8125 -0.09375
v -6 8.25 0.09375
v -6 8.8125 0.09375
v -6.5625 8.25 0.09375
v -6.5625 8.8125 0.09375
vt 0.5615921020507814 0.09409332275390625
vt 0.5967483520507814 0.09409332275390625
vt 0.5967483520507814 0.12924957275390625
vt 0.5615921020507814 0.12924957275390625
vt 0.228515625 0.2568359375
vt 0.240234375 0.2568359375
vt 0.240234375 0.2919921875
vt 0.228515625 0.2919921875
vt 0.263671875 0.5029296875
vt 0.298828125 0.5029296875
vt 0.298828125 0.5380859375
vt 0.263671875 0.5380859375
vt 0.240234375 0.2568359375
vt 0.251953125 0.2568359375
vt 0.251953125 0.2919921875
vt 0.240234375 0.2919921875
vt 0.287109375 0.2919921875
vt 0.251953125 0.2919921875
vt 0.251953125 0.2802734375
vt 0.287109375 0.2802734375
vt 0.322265625 0.2802734375
vt 0.287109375 0.2802734375
vt 0.287109375 0.2919921875
vt 0.322265625 0.2919921875
vn 0 0 -1
vn 1 0 0
vn 0 0 1
vn -1 0 0
vn 0 1 0
vn 0 -1 0
usemtl m_7c4fd87a-d0f1-9ad7-7479-aa72dea38889
f 1025/3073/769 1026/3074/769 1027/3075/769 1028/3076/769
f 1029/3077/770 1025/3078/770 1028/3079/770 1030/3080/770
f 1031/3081/771 1029/3082/771 1030/3083/771 1032/3084/771
f 1026/3085/772 1031/3086/772 1032/3087/772 1027/3088/772
f 1032/3089/773 1030/3090/773 1028/3091/773 1027/3092/773
f 1026/3093/774 1025/3094/774 1029/3095/774 1031/3096/774
o cube
v -10.5 9 -0.09375
v -11.8125 9 -0.09375
v -11.8125 9.5625 -0.09375
v -10.5 9.5625 -0.09375
v -10.5 9 0.09375
v -10.5 9.5625 0.09375
v -11.8125 9 0.09375
v -11.8125 9.5625 0.09375
vt 0.401592254638672 0.04708099365234375
vt 0.483623504638672 0.04708099365234375
vt 0.483623504638672 0.08223724365234375
vt 0.401592254638672 0.08223724365234375
vt 0.322265625 0.2568359375
vt 0.333984375 0.2568359375
vt 0.333984375 0.2919921875
vt 0.322265625 0.2919921875
vt 0.099609375 0.4677734375
vt 0.181640625 0.4677734375
vt 0.181640625 0.5029296875
vt 0.099609375 0.5029296875
vt 0.333984375 0.2568359375
vt 0.345703125 0.2568359375
vt 0.345703125 0.2919921875
vt 0.333984375 0.2919921875
vt 0.380859375 0.4091796875
vt 0.298828125 0.4091796875
vt 0.298828125 0.3974609375
vt 0.380859375 0.3974609375
vt 0.380859375 0.3857421875
vt 0.298828125 0.3857421875
vt 0.298828125 0.3974609375
vt 0.380859375 0.3974609375
vn 0 0 -1
vn 1 0 0
vn 0 0 1
vn -1 0 0
vn 0 1 0
vn 0 -1 0
usemtl m_7c4fd87a-d0f1-9ad7-7479-aa72dea38889
f 1033/3097/775 1034/3098/775 1035/3099/775 1036/3100/775
f 1037/3101/776 1033/3102/776 1036/3103/776 1038/3104/776
f 1039/3105/777 1037/3106/777 1038/3107/777 1040/3108/777
f 1034/3109/778 1039/3110/778 1040/3111/778 1035/3112/778
f 1040/3113/779 1038/3114/779 1036/3115/779 1035/3116/779
f 1034/3117/780 1033/3118/780 1037/3119/780 1039/3120/780
o cube
v -9 9 -0.09375
v -10.3125 9 -0.09375
v -10.3125 9.5625 -0.09375
v -9 9.5625 -0.09375
v -9 9 0.09375
v -9 9.5625 0.09375
v -10.3125 9 0.09375
v -10.3125 9.5625 0.09375
vt 0.401592254638672 0.04708099365234375
vt 0.483623504638672 0.04708099365234375
vt 0.483623504638672 0.08223724365234375
vt 0.401592254638672 0.08223724365234375
vt 0.345703125 0.2568359375
vt 0.357421875 0.2568359375
vt 0.357421875 0.2919921875
vt 0.345703125 0.2919921875
vt 0.099609375 0.4326171875
vt 0.181640625 0.4326171875
vt 0.181640625 0.4677734375
vt 0.099609375 0.4677734375
vt 0.357421875 0.9599609375
vt 0.369140625 0.9599609375
vt 0.369140625 0.9951171875
vt 0.357421875 0.9951171875
vt 0.380859375 0.3857421875
vt 0.298828125 0.3857421875
vt 0.298828125 0.3740234375
vt 0.380859375 0.3740234375
vt 0.380859375 0.3623046875
vt 0.298828125 0.3623046875
vt 0.298828125 0.3740234375
vt 0.380859375 0.3740234375
vn 0 0 -1
vn 1 0 0
vn 0 0 1
vn -1 0 0
vn 0 1 0
vn 0 -1 0
usemtl m_7c4fd87a-d0f1-9ad7-7479-aa72dea38889
f 1041/3121/781 1042/3122/781 1043/3123/781 1044/3124/781
f 1045/3125/782 1041/3126/782 1044/3127/782 1046/3128/782
f 1047/3129/783 1045/3130/783 1046/3131/783 1048/3132/783
f 1042/3133/784 1047/3134/784 1048/3135/784 1043/3136/784
f 1048/3137/785 1046/3138/785 1044/3139/785 1043/3140/785
f 1042/3141/786 1041/3142/786 1045/3143/786 1047/3144/786
o cube
v -7.5 9 -0.09375
v -8.8125 9 -0.09375
v -8.8125 9.5625 -0.09375
v -7.5 9.5625 -0.09375
v -7.5 9 0.09375
v -7.5 9.5625 0.09375
v -8.8125 9 0.09375
v -8.8125 9.5625 0.09375
vt 0.46793365478515636 0.9403152465820312
vt 0.5499649047851564 0.9403152465820312
vt 0.5499649047851564 0.9754714965820312
vt 0.46793365478515636 0.9754714965820312
vt 0.357421875 0.9248046875
vt 0.369140625 0.9248046875
vt 0.369140625 0.9599609375
vt 0.357421875 0.9599609375
vt 0.181640625 0.9248046875
vt 0.263671875 0.9248046875
vt 0.263671875 0.9599609375
vt 0.181640625 0.9599609375
vt 0.357421875 0.6552734375
vt 0.369140625 0.6552734375
vt 0.369140625 0.6904296875
vt 0.357421875 0.6904296875
vt 0.099609375 0.3388671875
vt 0.017578125 0.3388671875
vt 0.017578125 0.3271484375
vt 0.099609375 0.3271484375
vt 0.181640625 0.3271484375
vt 0.099609375 0.3271484375
vt 0.099609375 0.3388671875
vt 0.181640625 0.3388671875
vn 0 0 -1
vn 1 0 0
vn 0 0 1
vn -1 0 0
vn 0 1 0
vn 0 -1 0
usemtl m_7c4fd87a-d0f1-9ad7-7479-aa72dea38889
f 1049/3145/787 1050/3146/787 1051/3147/787 1052/3148/787
f 1053/3149/788 1049/3150/788 1052/3151/788 1054/3152/788
f 1055/3153/789 1053/3154/789 1054/3155/789 1056/3156/789
f 1050/3157/790 1055/3158/790 1056/3159/790 1051/3160/790
f 1056/3161/791 1054/3162/791 1052/3163/791 1051/3164/791
f 1050/3165/792 1049/3166/792 1053/3167/792 1055/3168/792
o cube
v -6 9 -0.09375
v -7.3125 9 -0.09375
v -7.3125 9.5625 -0.09375
v -6 9.5625 -0.09375
v -6 9 0.09375
v -6 9.5625 0.09375
v -7.3125 9 0.09375
v -7.3125 9.5625 0.09375
vt 0.46793365478515636 0.7992782592773438
vt 0.5499649047851564 0.7992782592773438
vt 0.5499649047851564 0.8344345092773438
vt 0.46793365478515636 0.8344345092773438
vt 0.357421875 0.3271484375
vt 0.369140625 0.3271484375
vt 0.369140625 0.3623046875
vt 0.357421875 0.3623046875
vt 0.181640625 0.8544921875
vt 0.263671875 0.8544921875
vt 0.263671875 0.8896484375
vt 0.181640625 0.8896484375
vt 0.357421875 0.2919921875
vt 0.369140625 0.2919921875
vt 0.369140625 0.3271484375
vt 0.357421875 0.3271484375
vt 0.263671875 0.3388671875
vt 0.181640625 0.3388671875
vt 0.181640625 0.3271484375
vt 0.263671875 0.3271484375
vt 0.345703125 0.3271484375
vt 0.263671875 0.3271484375
vt 0.263671875 0.3388671875
vt 0.345703125 0.3388671875
vn 0 0 -1
vn 1 0 0
vn 0 0 1
vn -1 0 0
vn 0 1 0
vn 0 -1 0
usemtl m_7c4fd87a-d0f1-9ad7-7479-aa72dea38889
f 1057/3169/793 1058/3170/793 1059/3171/793 1060/3172/793
f 1061/3173/794 1057/3174/794 1060/3175/794 1062/3176/794
f 1063/3177/795 1061/3178/795 1062/3179/795 1064/3180/795
f 1058/3181/796 1063/3182/796 1064/3183/796 1059/3184/796
f 1064/3185/797 1062/3186/797 1060/3187/797 1059/3188/797
f 1058/3189/798 1057/3190/798 1061/3191/798 1063/3192/798
o cube
v -11.25 9.75 -0.09375
v -12 9.75 -0.09375
v -12 10.3125 -0.09375
v -11.25 10.3125 -0.09375
v -11.25 9.75 0.09375
v -11.25 10.3125 0.09375
v -12 9.75 0.09375
v -12 10.3125 0.09375
vt 0.5381774902343751 0.5172042846679688
vt 0.5850524902343751 0.5172042846679688
vt 0.5850524902343751 0.5523605346679688
vt 0.5381774902343751 0.5523605346679688
vt 0.357421875 0.2568359375
vt 0.369140625 0.2568359375
vt 0.369140625 0.2919921875
vt 0.357421875 0.2919921875
vt 0.263671875 0.7138671875
vt 0.310546875 0.7138671875
vt 0.310546875 0.7490234375
vt 0.263671875 0.7490234375
vt 0.017578125 0.2451171875
vt 0.029296875 0.2451171875
vt 0.029296875 0.2802734375
vt 0.017578125 0.2802734375
vt 0.064453125 0.3271484375
vt 0.017578125 0.3271484375
vt 0.017578125 0.3154296875
vt 0.064453125 0.3154296875
vt 0.111328125 0.3154296875
vt 0.064453125 0.3154296875
vt 0.064453125 0.3271484375
vt 0.111328125 0.3271484375
vn 0 0 -1
vn 1 0 0
vn 0 0 1
vn -1 0 0
vn 0 1 0
vn 0 -1 0
usemtl m_7c4fd87a-d0f1-9ad7-7479-aa72dea38889
f 1065/3193/799 1066/3194/799 1067/3195/799 1068/3196/799
f 1069/3197/800 1065/3198/800 1068/3199/800 1070/3200/800
f 1071/3201/801 1069/3202/801 1070/3203/801 1072/3204/801
f 1066/3205/802 1071/3206/802 1072/3207/802 1067/3208/802
f 1072/3209/803 1070/3210/803 1068/3211/803 1067/3212/803
f 1066/3213/804 1065/3214/804 1069/3215/804 1071/3216/804
o cube
v -9.75 9.75 -0.09375
v -11.0625 9.75 -0.09375
v -11.0625 10.3125 -0.09375
v -9.75 10.3125 -0.09375
v -9.75 9.75 0.09375
v -9.75 10.3125 0.09375
v -11.0625 9.75 0.09375
v -11.0625 10.3125 0.09375
vt 0.12125396728515636 0.8057022094726562
vt 0.20328521728515636 0.8057022094726562
vt 0.20328521728515636 0.8408584594726562
vt 0.12125396728515636 0.8408584594726562
vt 0.029296875 0.2451171875
vt 0.041015625 0.2451171875
vt 0.041015625 0.2802734375
vt 0.029296875 0.2802734375
vt 0.181640625 0.7841796875
vt 0.263671875 0.7841796875
vt 0.263671875 0.8193359375
vt 0.181640625 0.8193359375
vt 0.041015625 0.2451171875
vt 0.052734375 0.2451171875
vt 0.052734375 0.2802734375
vt 0.041015625 0.2802734375
vt 0.392578125 0.9248046875
vt 0.310546875 0.9248046875
vt 0.310546875 0.9130859375
vt 0.392578125 0.9130859375
vt 0.392578125 0.9013671875
vt 0.310546875 0.9013671875
vt 0.310546875 0.9130859375
vt 0.392578125 0.9130859375
vn 0 0 -1
vn 1 0 0
vn 0 0 1
vn -1 0 0
vn 0 1 0
vn 0 -1 0
usemtl m_7c4fd87a-d0f1-9ad7-7479-aa72dea38889
f 1073/3217/805 1074/3218/805 1075/3219/805 1076/3220/805
f 1077/3221/806 1073/3222/806 1076/3223/806 1078/3224/806
f 1079/3225/807 1077/3226/807 1078/3227/807 1080/3228/807
f 1074/3229/808 1079/3230/808 1080/3231/808 1075/3232/808
f 1080/3233/809 1078/3234/809 1076/3235/809 1075/3236/809
f 1074/3237/810 1073/3238/810 1077/3239/810 1079/3240/810
o cube
v -8.25 9.75 -0.09375
v -9.5625 9.75 -0.09375
v -9.5625 10.3125 -0.09375
v -8.25 10.3125 -0.09375
v -8.25 9.75 0.09375
v -8.25 10.3125 0.09375
v -9.5625 9.75 0.09375
v -9.5625 10.3125 0.09375
vt 0.35172271728515636 0.21739959716796875
vt 0.43375396728515636 0.21739959716796875
vt 0.43375396728515636 0.25255584716796875
vt 0.35172271728515636 0.25255584716796875
vt 0.052734375 0.2451171875
vt 0.064453125 0.2451171875
vt 0.064453125 0.2802734375
vt 0.052734375 0.2802734375
vt 0.181640625 0.7138671875
vt 0.263671875 0.7138671875
vt 0.263671875 0.7490234375
vt 0.181640625 0.7490234375
vt 0.064453125 0.2451171875
vt 0.076171875 0.2451171875
vt 0.076171875 0.2802734375
vt 0.064453125 0.2802734375
vt 0.392578125 0.9013671875
vt 0.310546875 0.9013671875
vt 0.310546875 0.8896484375
vt 0.392578125 0.8896484375
vt 0.392578125 0.8779296875
vt 0.310546875 0.8779296875
vt 0.310546875 0.8896484375
vt 0.392578125 0.8896484375
vn 0 0 -1
vn 1 0 0
vn 0 0 1
vn -1 0 0
vn 0 1 0
vn 0 -1 0
usemtl m_7c4fd87a-d0f1-9ad7-7479-aa72dea38889
f 1081/3241/811 1082/3242/811 1083/3243/811 1084/3244/811
f 1085/3245/812 1081/3246/812 1084/3247/812 1086/3248/812
f 1087/3249/813 1085/3250/813 1086/3251/813 1088/3252/813
f 1082/3253/814 1087/3254/814 1088/3255/814 1083/3256/814
f 1088/3257/815 1086/3258/815 1084/3259/815 1083/3260/815
f 1082/3261/816 1081/3262/816 1085/3263/816 1087/3264/816
o cube
v -6.75 9.75 -0.09375
v -8.0625 9.75 -0.09375
v -8.0625 10.3125 -0.09375
v -6.75 10.3125 -0.09375
v -6.75 9.75 0.09375
v -6.75 10.3125 0.09375
v -8.0625 9.75 0.09375
v -8.0625 10.3125 0.09375
vt 0.5372695922851564 0.7287063598632812
vt 0.6193008422851564 0.7287063598632812
vt 0.6193008422851564 0.7638626098632812
vt 0.5372695922851564 0.7638626098632812
vt 0.146484375 0.2451171875
vt 0.158203125 0.2451171875
vt 0.158203125 0.2802734375
vt 0.146484375 0.2802734375
vt 0.181640625 0.6435546875
vt 0.263671875 0.6435546875
vt 0.263671875 0.6787109375
vt 0.181640625 0.6787109375
vt 0.158203125 0.2451171875
vt 0.169921875 0.2451171875
vt 0.169921875 0.2802734375
vt 0.158203125 0.2802734375
vt 0.392578125 0.8779296875
vt 0.310546875 0.8779296875
vt 0.310546875 0.8662109375
vt 0.392578125 0.8662109375
vt 0.392578125 0.8544921875
vt 0.310546875 0.8544921875
vt 0.310546875 0.8662109375
vt 0.392578125 0.8662109375
vn 0 0 -1
vn 1 0 0
vn 0 0 1
vn -1 0 0
vn 0 1 0
vn 0 -1 0
usemtl m_7c4fd87a-d0f1-9ad7-7479-aa72dea38889
f 1089/3265/817 1090/3266/817 1091/3267/817 1092/3268/817
f 1093/3269/818 1089/3270/818 1092/3271/818 1094/3272/818
f 1095/3273/819 1093/3274/819 1094/3275/819 1096/3276/819
f 1090/3277/820 1095/3278/820 1096/3279/820 1091/3280/820
f 1096/3281/821 1094/3282/821 1092/3283/821 1091/3284/821
f 1090/3285/822 1089/3286/822 1093/3287/822 1095/3288/822
o cube
v -6 9.75 -0.09375
v -6.5625 9.75 -0.09375
v -6.5625 10.3125 -0.09375
v -6 10.3125 -0.09375
v -6 9.75 0.09375
v -6 10.3125 0.09375
v -6.5625 9.75 0.09375
v -6.5625 10.3125 0.09375
vt 0.5615921020507814 0.04708099365234375
vt 0.5967483520507814 0.04708099365234375
vt 0.5967483520507814 0.08223724365234375
vt 0.5615921020507814 0.08223724365234375
vt 0.169921875 0.2451171875
vt 0.181640625 0.2451171875
vt 0.181640625 0.2802734375
vt 0.169921875 0.2802734375
vt 0.263671875 0.4326171875
vt 0.298828125 0.4326171875
vt 0.298828125 0.4677734375
vt 0.263671875 0.4677734375
vt 0.181640625 0.2451171875
vt 0.193359375 0.2451171875
vt 0.193359375 0.2802734375
vt 0.181640625 0.2802734375
vt 0.392578125 0.6552734375
vt 0.357421875 0.6552734375
vt 0.357421875 0.6435546875
vt 0.392578125 0.6435546875
vt 0.287109375 0.2685546875
vt 0.251953125 0.2685546875
vt 0.251953125 0.2802734375
vt 0.287109375 0.2802734375
vn 0 0 -1
vn 1 0 0
vn 0 0 1
vn -1 0 0
vn 0 1 0
vn 0 -1 0
usemtl m_7c4fd87a-d0f1-9ad7-7479-aa72dea38889
f 1097/3289/823 1098/3290/823 1099/3291/823 1100/3292/823
f 1101/3293/824 1097/3294/824 1100/3295/824 1102/3296/824
f 1103/3297/825 1101/3298/825 1102/3299/825 1104/3300/825
f 1098/3301/826 1103/3302/826 1104/3303/826 1099/3304/826
f 1104/3305/827 1102/3306/827 1100/3307/827 1099/3308/827
f 1098/3309/828 1097/3310/828 1101/3311/828 1103/3312/828
o cube
v -10.5 10.5 -0.09375
v -11.8125 10.5 -0.09375
v -11.8125 11.0625 -0.09375
v -10.5 11.0625 -0.09375
v -10.5 10.5 0.09375
v -10.5 11.0625 0.09375
v -11.8125 10.5 0.09375
v -11.8125 11.0625 0.09375
vt 0.46793365478515636 0.23513031005859375
vt 0.5499649047851564 0.23513031005859375
vt 0.5499649047851564 0.27028656005859375
vt 0.46793365478515636 0.27028656005859375
vt 0.193359375 0.2451171875
vt 0.205078125 0.2451171875
vt 0.205078125 0.2802734375
vt 0.193359375 0.2802734375
vt 0.181640625 0.5732421875
vt 0.263671875 0.5732421875
vt 0.263671875 0.6083984375
vt 0.181640625 0.6083984375
vt 0.287109375 0.2451171875
vt 0.298828125 0.2451171875
vt 0.298828125 0.2802734375
vt 0.287109375 0.2802734375
vt 0.392578125 0.8544921875
vt 0.310546875 0.8544921875
vt 0.310546875 0.8427734375
vt 0.392578125 0.8427734375
vt 0.392578125 0.8310546875
vt 0.310546875 0.8310546875
vt 0.310546875 0.8427734375
vt 0.392578125 0.8427734375
vn 0 0 -1
vn 1 0 0
vn 0 0 1
vn -1 0 0
vn 0 1 0
vn 0 -1 0
usemtl m_7c4fd87a-d0f1-9ad7-7479-aa72dea38889
f 1105/3313/829 1106/3314/829 1107/3315/829 1108/3316/829
f 1109/3317/830 1105/3318/830 1108/3319/830 1110/3320/830
f 1111/3321/831 1109/3322/831 1110/3323/831 1112/3324/831
f 1106/3325/832 1111/3326/832 1112/3327/832 1107/3328/832
f 1112/3329/833 1110/3330/833 1108/3331/833 1107/3332/833
f 1106/3333/834 1105/3334/834 1109/3335/834 1111/3336/834
o cube
v -9 10.5 -0.09375
v -10.3125 10.5 -0.09375
v -10.3125 11.0625 -0.09375
v -9 11.0625 -0.09375
v -9 10.5 0.09375
v -9 11.0625 0.09375
v -10.3125 10.5 0.09375
v -10.3125 11.0625 0.09375
vt 0.46793365478515636 0.09409332275390625
vt 0.5499649047851564 0.09409332275390625
vt 0.5499649047851564 0.12924957275390625
vt 0.46793365478515636 0.12924957275390625
vt 0.298828125 0.2451171875
vt 0.310546875 0.2451171875
vt 0.310546875 0.2802734375
vt 0.298828125 0.2802734375
vt 0.181640625 0.5029296875
vt 0.263671875 0.5029296875
vt 0.263671875 0.5380859375
vt 0.181640625 0.5380859375
vt 0.310546875 0.2451171875
vt 0.322265625 0.2451171875
vt 0.322265625 0.2802734375
vt 0.310546875 0.2802734375
vt 0.392578125 0.8310546875
vt 0.310546875 0.8310546875
vt 0.310546875 0.8193359375
vt 0.392578125 0.8193359375
vt 0.392578125 0.8076171875
vt 0.310546875 0.8076171875
vt 0.310546875 0.8193359375
vt 0.392578125 0.8193359375
vn 0 0 -1
vn 1 0 0
vn 0 0 1
vn -1 0 0
vn 0 1 0
vn 0 -1 0
usemtl m_7c4fd87a-d0f1-9ad7-7479-aa72dea38889
f 1113/3337/835 1114/3338/835 1115/3339/835 1116/3340/835
f 1117/3341/836 1113/3342/836 1116/3343/836 1118/3344/836
f 1119/3345/837 1117/3346/837 1118/3347/837 1120/3348/837
f 1114/3349/838 1119/3350/838 1120/3351/838 1115/3352/838
f 1120/3353/839 1118/3354/839 1116/3355/839 1115/3356/839
f 1114/3357/840 1113/3358/840 1117/3359/840 1119/3360/840
o cube
v -7.5 10.5 -0.09375
v -8.8125 10.5 -0.09375
v -8.8125 11.0625 -0.09375
v -7.5 11.0625 -0.09375
v -7.5 10.5 0.09375
v -7.5 11.0625 0.09375
v -8.8125 10.5 0.09375
v -8.8125 11.0625 0.09375
vt 0.46793365478515636 0.04708099365234375
vt 0.5499649047851564 0.04708099365234375
vt 0.5499649047851564 0.08223724365234375
vt 0.46793365478515636 0.08223724365234375
vt 0.369140625 0.9599609375
vt 0.380859375 0.9599609375
vt 0.380859375 0.9951171875
vt 0.369140625 0.9951171875
vt 0.181640625 0.4326171875
vt 0.263671875 0.4326171875
vt 0.263671875 0.4677734375
vt 0.181640625 0.4677734375
vt 0.369140625 0.9248046875
vt 0.380859375 0.9248046875
vt 0.380859375 0.9599609375
vt 0.369140625 0.9599609375
vt 0.392578125 0.8076171875
vt 0.310546875 0.8076171875
vt 0.310546875 0.7958984375
vt 0.392578125 0.7958984375
vt 0.392578125 0.7841796875
vt 0.310546875 0.7841796875
vt 0.310546875 0.7958984375
vt 0.392578125 0.7958984375
vn 0 0 -1
vn 1 0 0
vn 0 0 1
vn -1 0 0
vn 0 1 0
vn 0 -1 0
usemtl m_7c4fd87a-d0f1-9ad7-7479-aa72dea38889
f 1121/3361/841 1122/3362/841 1123/3363/841 1124/3364/841
f 1125/3365/842 1121/3366/842 1124/3367/842 1126/3368/842
f 1127/3369/843 1125/3370/843 1126/3371/843 1128/3372/843
f 1122/3373/844 1127/3374/844 1128/3375/844 1123/3376/844
f 1128/3377/845 1126/3378/845 1124/3379/845 1123/3380/845
f 1122/3381/846 1121/3382/846 1125/3383/846 1127/3384/846
o cube
v -6 10.5 -0.09375
v -7.3125 10.5 -0.09375
v -7.3125 11.0625 -0.09375
v -6 11.0625 -0.09375
v -6 10.5 0.09375
v -6 11.0625 0.09375
v -7.3125 10.5 0.09375
v -7.3125 11.0625 0.09375
vt 0.401592254638672 0.04708099365234375
vt 0.483623504638672 0.04708099365234375
vt 0.483623504638672 0.08223724365234375
vt 0.401592254638672 0.08223724365234375
vt 0.369140625 0.6552734375
vt 0.380859375 0.6552734375
vt 0.380859375 0.6904296875
vt 0.369140625 0.6904296875
vt 0.099609375 0.3974609375
vt 0.181640625 0.3974609375
vt 0.181640625 0.4326171875
vt 0.099609375 0.4326171875
vt 0.369140625 0.3271484375
vt 0.380859375 0.3271484375
vt 0.380859375 0.3623046875
vt 0.369140625 0.3623046875
vt 0.392578125 0.7841796875
vt 0.310546875 0.7841796875
vt 0.310546875 0.7724609375
vt 0.392578125 0.7724609375
vt 0.392578125 0.7607421875
vt 0.310546875 0.7607421875
vt 0.310546875 0.7724609375
vt 0.392578125 0.7724609375
vn 0 0 -1
vn 1 0 0
vn 0 0 1
vn -1 0 0
vn 0 1 0
vn 0 -1 0
usemtl m_7c4fd87a-d0f1-9ad7-7479-aa72dea38889
f 1129/3385/847 1130/3386/847 1131/3387/847 1132/3388/847
f 1133/3389/848 1129/3390/848 1132/3391/848 1134/3392/848
f 1135/3393/849 1133/3394/849 1134/3395/849 1136/3396/849
f 1130/3397/850 1135/3398/850 1136/3399/850 1131/3400/850
f 1136/3401/851 1134/3402/851 1132/3403/851 1131/3404/851
f 1130/3405/852 1129/3406/852 1133/3407/852 1135/3408/852
o cube
v -11.25 11.25 -0.09375
v -12 11.25 -0.09375
v -12 11.8125 -0.09375
v -11.25 11.8125 -0.09375
v -11.25 11.25 0.09375
v -11.25 11.8125 0.09375
v -12 11.25 0.09375
v -12 11.8125 0.09375
vt 0.5381774902343751 0.37616729736328125
vt 0.5850524902343751 0.37616729736328125
vt 0.5850524902343751 0.41132354736328125
vt 0.5381774902343751 0.41132354736328125
vt 0.369140625 0.2919921875
vt 0.380859375 0.2919921875
vt 0.380859375 0.3271484375
vt 0.369140625 0.3271484375
vt 0.263671875 0.6435546875
vt 0.310546875 0.6435546875
vt 0.310546875 0.6787109375
vt 0.263671875 0.6787109375
vt 0.369140625 0.2568359375
vt 0.380859375 0.2568359375
vt 0.380859375 0.2919921875
vt 0.369140625 0.2919921875
vt 0.158203125 0.3271484375
vt 0.111328125 0.3271484375
vt 0.111328125 0.3154296875
vt 0.158203125 0.3154296875
vt 0.205078125 0.3154296875
vt 0.158203125 0.3154296875
vt 0.158203125 0.3271484375
vt 0.205078125 0.3271484375
vn 0 0 -1
vn 1 0 0
vn 0 0 1
vn -1 0 0
vn 0 1 0
vn 0 -1 0
usemtl m_7c4fd87a-d0f1-9ad7-7479-aa72dea38889
f 1137/3409/853 1138/3410/853 1139/3411/853 1140/3412/853
f 1141/3413/854 1137/3414/854 1140/3415/854 1142/3416/854
f 1143/3417/855 1141/3418/855 1142/3419/855 1144/3420/855
f 1138/3421/856 1143/3422/856 1144/3423/856 1139/3424/856
f 1144/3425/857 1142/3426/857 1140/3427/857 1139/3428/857
f 1138/3429/858 1137/3430/858 1141/3431/858 1143/3432/858
o cube
v -9.75 11.25 -0.09375
v -11.0625 11.25 -0.09375
v -11.0625 11.8125 -0.09375
v -9.75 11.8125 -0.09375
v -9.75 11.25 0.09375
v -9.75 11.8125 0.09375
v -11.0625 11.25 0.09375
v -11.0625 11.8125 0.09375
vt 0.46793365478515636 0.04708099365234375
vt 0.5499649047851564 0.04708099365234375
vt 0.5499649047851564 0.08223724365234375
vt 0.46793365478515636 0.08223724365234375
vt 0.076171875 0.2333984375
vt 0.087890625 0.2333984375
vt 0.087890625 0.2685546875
vt 0.076171875 0.2685546875
vt 0.017578125 0.3623046875
vt 0.099609375 0.3623046875
vt 0.099609375 0.3974609375
vt 0.017578125 0.3974609375
vt 0.087890625 0.2333984375
vt 0.099609375 0.2333984375
vt 0.099609375 0.2685546875
vt 0.087890625 0.2685546875
vt 0.392578125 0.7607421875
vt 0.310546875 0.7607421875
vt 0.310546875 0.7490234375
vt 0.392578125 0.7490234375
vt 0.392578125 0.7373046875
vt 0.310546875 0.7373046875
vt 0.310546875 0.7490234375
vt 0.392578125 0.7490234375
vn 0 0 -1
vn 1 0 0
vn 0 0 1
vn -1 0 0
vn 0 1 0
vn 0 -1 0
usemtl m_7c4fd87a-d0f1-9ad7-7479-aa72dea38889
f 1145/3433/859 1146/3434/859 1147/3435/859 1148/3436/859
f 1149/3437/860 1145/3438/860 1148/3439/860 1150/3440/860
f 1151/3441/861 1149/3442/861 1150/3443/861 1152/3444/861
f 1146/3445/862 1151/3446/862 1152/3447/862 1147/3448/862
f 1152/3449/863 1150/3450/863 1148/3451/863 1147/3452/863
f 1146/3453/864 1145/3454/864 1149/3455/864 1151/3456/864
o cube
v -8.25 11.25 -0.09375
v -9.5625 11.25 -0.09375
v -9.5625 11.8125 -0.09375
v -8.25 11.8125 -0.09375
v -8.25 11.25 0.09375
v -8.25 11.8125 0.09375
v -9.5625 11.25 0.09375
v -9.5625 11.8125 0.09375
vt 0.46793365478515636 0.04708099365234375
vt 0.5499649047851564 0.04708099365234375
vt 0.5499649047851564 0.08223724365234375
vt 0.46793365478515636 0.08223724365234375
vt 0.099609375 0.2333984375
vt 0.111328125 0.2333984375
vt 0.111328125 0.2685546875
vt 0.099609375 0.2685546875
vt 0.181640625 0.3623046875
vt 0.263671875 0.3623046875
vt 0.263671875 0.3974609375
vt 0.181640625 0.3974609375
vt 0.111328125 0.2333984375
vt 0.123046875 0.2333984375
vt 0.123046875 0.2685546875
vt 0.111328125 0.2685546875
vt 0.392578125 0.7373046875
vt 0.310546875 0.7373046875
vt 0.310546875 0.7255859375
vt 0.392578125 0.7255859375
vt 0.392578125 0.7138671875
vt 0.310546875 0.7138671875
vt 0.310546875 0.7255859375
vt 0.392578125 0.7255859375
vn 0 0 -1
vn 1 0 0
vn 0 0 1
vn -1 0 0
vn 0 1 0
vn 0 -1 0
usemtl m_7c4fd87a-d0f1-9ad7-7479-aa72dea38889
f 1153/3457/865 1154/3458/865 1155/3459/865 1156/3460/865
f 1157/3461/866 1153/3462/866 1156/3463/866 1158/3464/866
f 1159/3465/867 1157/3466/867 1158/3467/867 1160/3468/867
f 1154/3469/868 1159/3470/868 1160/3471/868 1155/3472/868
f 1160/3473/869 1158/3474/869 1156/3475/869 1155/3476/869
f 1154/3477/870 1153/3478/870 1157/3479/870 1159/3480/870
o cube
v -6.75 11.25 -0.09375
v -8.0625 11.25 -0.09375
v -8.0625 11.8125 -0.09375
v -6.75 11.8125 -0.09375
v -6.75 11.25 0.09375
v -6.75 11.8125 0.09375
v -8.0625 11.25 0.09375
v -8.0625 11.8125 0.09375
vt 0.46793365478515636 0.9403152465820312
vt 0.5499649047851564 0.9403152465820312
vt 0.5499649047851564 0.9754714965820312
vt 0.46793365478515636 0.9754714965820312
vt 0.123046875 0.2333984375
vt 0.134765625 0.2333984375
vt 0.134765625 0.2685546875
vt 0.123046875 0.2685546875
vt 0.263671875 0.9248046875
vt 0.345703125 0.9248046875
vt 0.345703125 0.9599609375
vt 0.263671875 0.9599609375
vt 0.134765625 0.2333984375
vt 0.146484375 0.2333984375
vt 0.146484375 0.2685546875
vt 0.134765625 0.2685546875
vt 0.392578125 0.7138671875
vt 0.310546875 0.7138671875
vt 0.310546875 0.7021484375
vt 0.392578125 0.7021484375
vt 0.392578125 0.6904296875
vt 0.310546875 0.6904296875
vt 0.310546875 0.7021484375
vt 0.392578125 0.7021484375
vn 0 0 -1
vn 1 0 0
vn 0 0 1
vn -1 0 0
vn 0 1 0
vn 0 -1 0
usemtl m_7c4fd87a-d0f1-9ad7-7479-aa72dea38889
f 1161/3481/871 1162/3482/871 1163/3483/871 1164/3484/871
f 1165/3485/872 1161/3486/872 1164/3487/872 1166/3488/872
f 1167/3489/873 1165/3490/873 1166/3491/873 1168/3492/873
f 1162/3493/874 1167/3494/874 1168/3495/874 1163/3496/874
f 1168/3497/875 1166/3498/875 1164/3499/875 1163/3500/875
f 1162/3501/876 1161/3502/876 1165/3503/876 1167/3504/876
o cube
v -6 11.25 -0.09375
v -6.5625 11.25 -0.09375
v -6.5625 11.8125 -0.09375
v -6 11.8125 -0.09375
v -6 11.25 0.09375
v -6 11.8125 0.09375
v -6.5625 11.25 0.09375
v -6.5625 11.8125 0.09375
vt 0.5615921020507814 0.04708099365234375
vt 0.5967483520507814 0.04708099365234375
vt 0.5967483520507814 0.08223724365234375
vt 0.5615921020507814 0.08223724365234375
vt 0.251953125 0.2333984375
vt 0.263671875 0.2333984375
vt 0.263671875 0.2685546875
vt 0.251953125 0.2685546875
vt 0.263671875 0.3623046875
vt 0.298828125 0.3623046875
vt 0.298828125 0.3974609375
vt 0.263671875 0.3974609375
vt 0.263671875 0.2333984375
vt 0.275390625 0.2333984375
vt 0.275390625 0.2685546875
vt 0.263671875 0.2685546875
vt 0.416015625 0.9951171875
vt 0.380859375 0.9951171875
vt 0.380859375 0.9833984375
vt 0.416015625 0.9833984375
vt 0.416015625 0.9716796875
vt 0.380859375 0.9716796875
vt 0.380859375 0.9833984375
vt 0.416015625 0.9833984375
vn 0 0 -1
vn 1 0 0
vn 0 0 1
vn -1 0 0
vn 0 1 0
vn 0 -1 0
usemtl m_7c4fd87a-d0f1-9ad7-7479-aa72dea38889
f 1169/3505/877 1170/3506/877 1171/3507/877 1172/3508/877
f 1173/3509/878 1169/3510/878 1172/3511/878 1174/3512/878
f 1175/3513/879 1173/3514/879 1174/3515/879 1176/3516/879
f 1170/3517/880 1175/3518/880 1176/3519/880 1171/3520/880
f 1176/3521/881 1174/3522/881 1172/3523/881 1171/3524/881
f 1170/3525/882 1169/3526/882 1173/3527/882 1175/3528/882
o cube
v -6 6 0
v -12 6 0
v -12 12 0
v -6 12 0
v -6 6 0.15625
v -6 12 0.15625
v -12 6 0.15625
v -12 12 0.15625
vt 0 0.625
vt 0.375 0.625
vt 0.375 1
vt 0 1
vt 0.375 0.625
vt 0.384765625 0.625
vt 0.384765625 1
vt 0.375 1
vt 0 0.625
vt 0.375 0.625
vt 0.375 1
vt 0 1
vt 0.375 0.25
vt 0.384765625 0.25
vt 0.384765625 0.625
vt 0.375 0.625
vt 0.759765625 1
vt 0.384765625 1
vt 0.384765625 0.990234375
vt 0.759765625 0.990234375
vt 0.759765625 0.98046875
vt 0.384765625 0.98046875
vt 0.384765625 0.990234375
vt 0.759765625 0.990234375
vn 0 0 -1
vn 1 0 0
vn 0 0 1
vn -1 0 0
vn 0 1 0
vn 0 -1 0
usemtl m_7c4fd87a-d0f1-9ad7-7479-aa72dea38889
f 1177/3529/883 1178/3530/883 1179/3531/883 1180/3532/883
f 1181/3533/884 1177/3534/884 1180/3535/884 1182/3536/884
f 1183/3537/885 1181/3538/885 1182/3539/885 1184/3540/885
f 1178/3541/886 1183/3542/886 1184/3543/886 1179/3544/886
f 1184/3545/887 1182/3546/887 1180/3547/887 1179/3548/887
f 1178/3549/888 1177/3550/888 1181/3551/888 1183/3552/888
o cube
v 0.75 12.75 -0.09375
v 0 12.75 -0.09375
v 0 13.3125 -0.09375
v 0.75 13.3125 -0.09375
v 0.75 12.75 0.09375
v 0.75 13.3125 0.09375
v 0 12.75 0.09375
v 0 13.3125 0.09375
vt 0.5381774902343751 0.7992782592773438
vt 0.5850524902343751 0.7992782592773438
vt 0.5850524902343751 0.8344345092773438
vt 0.5381774902343751 0.8344345092773438
vt 0.146484375 0.2802734375
vt 0.158203125 0.2802734375
vt 0.158203125 0.3154296875
vt 0.146484375 0.3154296875
vt 0.263671875 0.8544921875
vt 0.310546875 0.8544921875
vt 0.310546875 0.8896484375
vt 0.263671875 0.8896484375
vt 0.158203125 0.2802734375
vt 0.169921875 0.2802734375
vt 0.169921875 0.3154296875
vt 0.158203125 0.3154296875
vt 0.357421875 0.6904296875
vt 0.310546875 0.6904296875
vt 0.310546875 0.6787109375
vt 0.357421875 0.6787109375
vt 0.357421875 0.6669921875
vt 0.310546875 0.6669921875
vt 0.310546875 0.6787109375
vt 0.357421875 0.6787109375
vn 0 0 -1
vn 1 0 0
vn 0 0 1
vn -1 0 0
vn 0 1 0
vn 0 -1 0
usemtl m_7c4fd87a-d0f1-9ad7-7479-aa72dea38889
f 1185/3553/889 1186/3554/889 1187/3555/889 1188/3556/889
f 1189/3557/890 1185/3558/890 1188/3559/890 1190/3560/890
f 1191/3561/891 1189/3562/891 1190/3563/891 1192/3564/891
f 1186/3565/892 1191/3566/892 1192/3567/892 1187/3568/892
f 1192/3569/893 1190/3570/893 1188/3571/893 1187/3572/893
f 1186/3573/894 1185/3574/894 1189/3575/894 1191/3576/894
o cube
v 4.5 12 -0.09375
v 3.1875 12 -0.09375
v 3.1875 12.5625 -0.09375
v 4.5 12.5625 -0.09375
v 4.5 12 0.09375
v 4.5 12.5625 0.09375
v 3.1875 12 0.09375
v 3.1875 12.5625 0.09375
vt 0.401592254638672 0.9403152465820312
vt 0.483623504638672 0.9403152465820312
vt 0.483623504638672 0.9754714965820312
vt 0.401592254638672 0.9754714965820312
vt 0.205078125 0.2919921875
vt 0.216796875 0.2919921875
vt 0.216796875 0.3271484375
vt 0.205078125 0.3271484375
vt 0.017578125 0.9248046875
vt 0.099609375 0.9248046875
vt 0.099609375 0.9599609375
vt 0.017578125 0.9599609375
vt 0.216796875 0.2919921875
vt 0.228515625 0.2919921875
vt 0.228515625 0.3271484375
vt 0.216796875 0.3271484375
vt 0.099609375 0.3623046875
vt 0.017578125 0.3623046875
vt 0.017578125 0.3505859375
vt 0.099609375 0.3505859375
vt 0.181640625 0.3505859375
vt 0.099609375 0.3505859375
vt 0.099609375 0.3623046875
vt 0.181640625 0.3623046875
vn 0 0 -1
vn 1 0 0
vn 0 0 1
vn -1 0 0
vn 0 1 0
vn 0 -1 0
usemtl m_7c4fd87a-d0f1-9ad7-7479-aa72dea38889
f 1193/3577/895 1194/3578/895 1195/3579/895 1196/3580/895
f 1197/3581/896 1193/3582/896 1196/3583/896 1198/3584/896
f 1199/3585/897 1197/3586/897 1198/3587/897 1200/3588/897
f 1194/3589/898 1199/3590/898 1200/3591/898 1195/3592/898
f 1200/3593/899 1198/3594/899 1196/3595/899 1195/3596/899
f 1194/3597/900 1193/3598/900 1197/3599/900 1199/3600/900
o cube
v 6 12 -0.09375
v 4.6875 12 -0.09375
v 4.6875 12.5625 -0.09375
v 6 12.5625 -0.09375
v 6 12 0.09375
v 6 12.5625 0.09375
v 4.6875 12 0.09375
v 4.6875 12.5625 0.09375
vt 0.401592254638672 0.7992782592773438
vt 0.483623504638672 0.7992782592773438
vt 0.483623504638672 0.8344345092773438
vt 0.401592254638672 0.8344345092773438
vt 0.228515625 0.2919921875
vt 0.240234375 0.2919921875
vt 0.240234375 0.3271484375
vt 0.228515625 0.3271484375
vt 0.017578125 0.8544921875
vt 0.099609375 0.8544921875
vt 0.099609375 0.8896484375
vt 0.017578125 0.8896484375
vt 0.240234375 0.2919921875
vt 0.251953125 0.2919921875
vt 0.251953125 0.3271484375
vt 0.240234375 0.3271484375
vt 0.263671875 0.3623046875
vt 0.181640625 0.3623046875
vt 0.181640625 0.3505859375
vt 0.263671875 0.3505859375
vt 0.345703125 0.3505859375
vt 0.263671875 0.3505859375
vt 0.263671875 0.3623046875
vt 0.345703125 0.3623046875
vn 0 0 -1
vn 1 0 0
vn 0 0 1
vn -1 0 0
vn 0 1 0
vn 0 -1 0
usemtl m_7c4fd87a-d0f1-9ad7-7479-aa72dea38889
f 1201/3601/901 1202/3602/901 1203/3603/901 1204/3604/901
f 1205/3605/902 1201/3606/902 1204/3607/902 1206/3608/902
f 1207/3609/903 1205/3610/903 1206/3611/903 1208/3612/903
f 1202/3613/904 1207/3614/904 1208/3615/904 1203/3616/904
f 1208/3617/905 1206/3618/905 1204/3619/905 1203/3620/905
f 1202/3621/906 1201/3622/906 1205/3623/906 1207/3624/906
o cube
v 3 12 -0.09375
v 1.6875 12 -0.09375
v 1.6875 12.5625 -0.09375
v 3 12.5625 -0.09375
v 3 12 0.09375
v 3 12.5625 0.09375
v 1.6875 12 0.09375
v 1.6875 12.5625 0.09375
vt 0.401592254638672 0.6582412719726562
vt 0.483623504638672 0.6582412719726562
vt 0.483623504638672 0.6933975219726562
vt 0.401592254638672 0.6933975219726562
vt 0.251953125 0.2919921875
vt 0.263671875 0.2919921875
vt 0.263671875 0.3271484375
vt 0.251953125 0.3271484375
vt 0.017578125 0.7841796875
vt 0.099609375 0.7841796875
vt 0.099609375 0.8193359375
vt 0.017578125 0.8193359375
vt 0.263671875 0.2919921875
vt 0.275390625 0.2919921875
vt 0.275390625 0.3271484375
vt 0.263671875 0.3271484375
vt 0.099609375 0.3505859375
vt 0.017578125 0.3505859375
vt 0.017578125 0.3388671875
vt 0.099609375 0.3388671875
vt 0.181640625 0.3388671875
vt 0.099609375 0.3388671875
vt 0.099609375 0.3505859375
vt 0.181640625 0.3505859375
vn 0 0 -1
vn 1 0 0
vn 0 0 1
vn -1 0 0
vn 0 1 0
vn 0 -1 0
usemtl m_7c4fd87a-d0f1-9ad7-7479-aa72dea38889
f 1209/3625/907 1210/3626/907 1211/3627/907 1212/3628/907
f 1213/3629/908 1209/3630/908 1212/3631/908 1214/3632/908
f 1215/3633/909 1213/3634/909 1214/3635/909 1216/3636/909
f 1210/3637/910 1215/3638/910 1216/3639/910 1211/3640/910
f 1216/3641/911 1214/3642/911 1212/3643/911 1211/3644/911
f 1210/3645/912 1209/3646/912 1213/3647/912 1215/3648/912
o cube
v 2.25 12.75 -0.09375
v 0.9375 12.75 -0.09375
v 0.9375 13.3125 -0.09375
v 2.25 13.3125 -0.09375
v 2.25 12.75 0.09375
v 2.25 13.3125 0.09375
v 0.9375 12.75 0.09375
v 0.9375 13.3125 0.09375
vt 0.401592254638672 0.5172042846679688
vt 0.483623504638672 0.5172042846679688
vt 0.483623504638672 0.5523605346679688
vt 0.401592254638672 0.5523605346679688
vt 0.275390625 0.2919921875
vt 0.287109375 0.2919921875
vt 0.287109375 0.3271484375
vt 0.275390625 0.3271484375
vt 0.017578125 0.7138671875
vt 0.099609375 0.7138671875
vt 0.099609375 0.7490234375
vt 0.017578125 0.7490234375
vt 0.287109375 0.2919921875
vt 0.298828125 0.2919921875
vt 0.298828125 0.3271484375
vt 0.287109375 0.3271484375
vt 0.263671875 0.3505859375
vt 0.181640625 0.3505859375
vt 0.181640625 0.3388671875
vt 0.263671875 0.3388671875
vt 0.345703125 0.3388671875
vt 0.263671875 0.3388671875
vt 0.263671875 0.3505859375
vt 0.345703125 0.3505859375
vn 0 0 -1
vn 1 0 0
vn 0 0 1
vn -1 0 0
vn 0 1 0
vn 0 -1 0
usemtl m_7c4fd87a-d0f1-9ad7-7479-aa72dea38889
f 1217/3649/913 1218/3650/913 1219/3651/913 1220/3652/913
f 1221/3653/914 1217/3654/914 1220/3655/914 1222/3656/914
f 1223/3657/915 1221/3658/915 1222/3659/915 1224/3660/915
f 1218/3661/916 1223/3662/916 1224/3663/916 1219/3664/916
f 1224/3665/917 1222/3666/917 1220/3667/917 1219/3668/917
f 1218/3669/918 1217/3670/918 1221/3671/918 1223/3672/918
o cube
v 1.5 12 -0.09375
v 0.1875 12 -0.09375
v 0.1875 12.5625 -0.09375
v 1.5 12.5625 -0.09375
v 1.5 12 0.09375
v 1.5 12.5625 0.09375
v 0.1875 12 0.09375
v 0.1875 12.5625 0.09375
vt 0.401592254638672 0.37616729736328125
vt 0.483623504638672 0.37616729736328125
vt 0.483623504638672 0.41132354736328125
vt 0.401592254638672 0.41132354736328125
vt 0.298828125 0.2919921875
vt 0.310546875 0.2919921875
vt 0.310546875 0.3271484375
vt 0.298828125 0.3271484375
vt 0.017578125 0.6435546875
vt 0.099609375 0.6435546875
vt 0.099609375 0.6787109375
vt 0.017578125 0.6787109375
vt 0.310546875 0.2919921875
vt 0.322265625 0.2919921875
vt 0.322265625 0.3271484375
vt 0.310546875 0.3271484375
vt 0.380859375 0.6435546875
vt 0.298828125 0.6435546875
vt 0.298828125 0.6318359375
vt 0.380859375 0.6318359375
vt 0.380859375 0.6201171875
vt 0.298828125 0.6201171875
vt 0.298828125 0.6318359375
vt 0.380859375 0.6318359375
vn 0 0 -1
vn 1 0 0
vn 0 0 1
vn -1 0 0
vn 0 1 0
vn 0 -1 0
usemtl m_7c4fd87a-d0f1-9ad7-7479-aa72dea38889
f 1225/3673/919 1226/3674/919 1227/3675/919 1228/3676/919
f 1229/3677/920 1225/3678/920 1228/3679/920 1230/3680/920
f 1231/3681/921 1229/3682/921 1230/3683/921 1232/3684/921
f 1226/3685/922 1231/3686/922 1232/3687/922 1227/3688/922
f 1232/3689/923 1230/3690/923 1228/3691/923 1227/3692/923
f 1226/3693/924 1225/3694/924 1229/3695/924 1231/3696/924
o cube
v 3.75 12.75 -0.09375
v 2.4375 12.75 -0.09375
v 2.4375 13.3125 -0.09375
v 3.75 13.3125 -0.09375
v 3.75 12.75 0.09375
v 3.75 13.3125 0.09375
v 2.4375 12.75 0.09375
v 2.4375 13.3125 0.09375
vt 0.401592254638672 0.23513031005859375
vt 0.483623504638672 0.23513031005859375
vt 0.483623504638672 0.27028656005859375
vt 0.401592254638672 0.27028656005859375
vt 0.322265625 0.2919921875
vt 0.333984375 0.2919921875
vt 0.333984375 0.3271484375
vt 0.322265625 0.3271484375
vt 0.017578125 0.5732421875
vt 0.099609375 0.5732421875
vt 0.099609375 0.6083984375
vt 0.017578125 0.6083984375
vt 0.017578125 0.2802734375
vt 0.029296875 0.2802734375
vt 0.029296875 0.3154296875
vt 0.017578125 0.3154296875
vt 0.380859375 0.6201171875
vt 0.298828125 0.6201171875
vt 0.298828125 0.6083984375
vt 0.380859375 0.6083984375
vt 0.380859375 0.5966796875
vt 0.298828125 0.5966796875
vt 0.298828125 0.6083984375
vt 0.380859375 0.6083984375
vn 0 0 -1
vn 1 0 0
vn 0 0 1
vn -1 0 0
vn 0 1 0
vn 0 -1 0
usemtl m_7c4fd87a-d0f1-9ad7-7479-aa72dea38889
f 1233/3697/925 1234/3698/925 1235/3699/925 1236/3700/925
f 1237/3701/926 1233/3702/926 1236/3703/926 1238/3704/926
f 1239/3705/927 1237/3706/927 1238/3707/927 1240/3708/927
f 1234/3709/928 1239/3710/928 1240/3711/928 1235/3712/928
f 1240/3713/929 1238/3714/929 1236/3715/929 1235/3716/929
f 1234/3717/930 1233/3718/930 1237/3719/930 1239/3720/930
o cube
v 5.25 12.75 -0.09375
v 3.9375 12.75 -0.09375
v 3.9375 13.3125 -0.09375
v 5.25 13.3125 -0.09375
v 5.25 12.75 0.09375
v 5.25 13.3125 0.09375
v 3.9375 12.75 0.09375
v 3.9375 13.3125 0.09375
vt 0.401592254638672 0.09409332275390625
vt 0.483623504638672 0.09409332275390625
vt 0.483623504638672 0.12924957275390625
vt 0.401592254638672 0.12924957275390625
vt 0.029296875 0.2802734375
vt 0.041015625 0.2802734375
vt 0.041015625 0.3154296875
vt 0.029296875 0.3154296875
vt 0.099609375 0.9599609375
vt 0.181640625 0.9599609375
vt 0.181640625 0.9951171875
vt 0.099609375 0.9951171875
vt 0.041015625 0.2802734375
vt 0.052734375 0.2802734375
vt 0.052734375 0.3154296875
vt 0.041015625 0.3154296875
vt 0.380859375 0.5966796875
vt 0.298828125 0.5966796875
vt 0.298828125 0.5849609375
vt 0.380859375 0.5849609375
vt 0.380859375 0.5732421875
vt 0.298828125 0.5732421875
vt 0.298828125 0.5849609375
vt 0.380859375 0.5849609375
vn 0 0 -1
vn 1 0 0
vn 0 0 1
vn -1 0 0
vn 0 1 0
vn 0 -1 0
usemtl m_7c4fd87a-d0f1-9ad7-7479-aa72dea38889
f 1241/3721/931 1242/3722/931 1243/3723/931 1244/3724/931
f 1245/3725/932 1241/3726/932 1244/3727/932 1246/3728/932
f 1247/3729/933 1245/3730/933 1246/3731/933 1248/3732/933
f 1242/3733/934 1247/3734/934 1248/3735/934 1243/3736/934
f 1248/3737/935 1246/3738/935 1244/3739/935 1243/3740/935
f 1242/3741/936 1241/3742/936 1245/3743/936 1247/3744/936
o cube
v 6 12.75 -0.09375
v 5.4375 12.75 -0.09375
v 5.4375 13.3125 -0.09375
v 6 13.3125 -0.09375
v 6 12.75 0.09375
v 6 13.3125 0.09375
v 5.4375 12.75 0.09375
v 5.4375 13.3125 0.09375
vt 0.5615921020507814 0.23513031005859375
vt 0.5967483520507814 0.23513031005859375
vt 0.5967483520507814 0.27028656005859375
vt 0.5615921020507814 0.27028656005859375
vt 0.052734375 0.2802734375
vt 0.064453125 0.2802734375
vt 0.064453125 0.3154296875
vt 0.052734375 0.3154296875
vt 0.263671875 0.5732421875
vt 0.298828125 0.5732421875
vt 0.298828125 0.6083984375
vt 0.263671875 0.6083984375
vt 0.064453125 0.2802734375
vt 0.076171875 0.2802734375
vt 0.076171875 0.3154296875
vt 0.064453125 0.3154296875
vt 0.111328125 0.3154296875
vt 0.076171875 0.3154296875
vt 0.076171875 0.3037109375
vt 0.111328125 0.3037109375
vt 0.146484375 0.3037109375
vt 0.111328125 0.3037109375
vt 0.111328125 0.3154296875
vt 0.146484375 0.3154296875
vn 0 0 -1
vn 1 0 0
vn 0 0 1
vn -1 0 0
vn 0 1 0
vn 0 -1 0
usemtl m_7c4fd87a-d0f1-9ad7-7479-aa72dea38889
f 1249/3745/937 1250/3746/937 1251/3747/937 1252/3748/937
f 1253/3749/938 1249/3750/938 1252/3751/938 1254/3752/938
f 1255/3753/939 1253/3754/939 1254/3755/939 1256/3756/939
f 1250/3757/940 1255/3758/940 1256/3759/940 1251/3760/940
f 1256/3761/941 1254/3762/941 1252/3763/941 1251/3764/941
f 1250/3765/942 1249/3766/942 1253/3767/942 1255/3768/942
o cube
v 6 13.5 -0.09375
v 4.6875 13.5 -0.09375
v 4.6875 14.0625 -0.09375
v 6 14.0625 -0.09375
v 6 13.5 0.09375
v 6 14.0625 0.09375
v 4.6875 13.5 0.09375
v 4.6875 14.0625 0.09375
vt 0.46793365478515636 0.8697967529296875
vt 0.5499649047851564 0.8697967529296875
vt 0.5499649047851564 0.9049530029296875
vt 0.46793365478515636 0.9049530029296875
vt 0.169921875 0.2802734375
vt 0.181640625 0.2802734375
vt 0.181640625 0.3154296875
vt 0.169921875 0.3154296875
vt 0.099609375 0.8896484375
vt 0.181640625 0.8896484375
vt 0.181640625 0.9248046875
vt 0.099609375 0.9248046875
vt 0.181640625 0.2802734375
vt 0.193359375 0.2802734375
vt 0.193359375 0.3154296875
vt 0.181640625 0.3154296875
vt 0.380859375 0.5732421875
vt 0.298828125 0.5732421875
vt 0.298828125 0.5615234375
vt 0.380859375 0.5615234375
vt 0.380859375 0.5498046875
vt 0.298828125 0.5498046875
vt 0.298828125 0.5615234375
vt 0.380859375 0.5615234375
vn 0 0 -1
vn 1 0 0
vn 0 0 1
vn -1 0 0
vn 0 1 0
vn 0 -1 0
usemtl m_7c4fd87a-d0f1-9ad7-7479-aa72dea38889
f 1257/3769/943 1258/3770/943 1259/3771/943 1260/3772/943
f 1261/3773/944 1257/3774/944 1260/3775/944 1262/3776/944
f 1263/3777/945 1261/3778/945 1262/3779/945 1264/3780/945
f 1258/3781/946 1263/3782/946 1264/3783/946 1259/3784/946
f 1264/3785/947 1262/3786/947 1260/3787/947 1259/3788/947
f 1258/3789/948 1257/3790/948 1261/3791/948 1263/3792/948
o cube
v 4.5 13.5 -0.09375
v 3.1875 13.5 -0.09375
v 3.1875 14.0625 -0.09375
v 4.5 14.0625 -0.09375
v 4.5 13.5 0.09375
v 4.5 14.0625 0.09375
v 3.1875 13.5 0.09375
v 3.1875 14.0625 0.09375
vt 0.46793365478515636 0.728759765625
vt 0.5499649047851564 0.728759765625
vt 0.5499649047851564 0.763916015625
vt 0.46793365478515636 0.763916015625
vt 0.193359375 0.2802734375
vt 0.205078125 0.2802734375
vt 0.205078125 0.3154296875
vt 0.193359375 0.3154296875
vt 0.099609375 0.8193359375
vt 0.181640625 0.8193359375
vt 0.181640625 0.8544921875
vt 0.099609375 0.8544921875
vt 0.333984375 0.2919921875
vt 0.345703125 0.2919921875
vt 0.345703125 0.3271484375
vt 0.333984375 0.3271484375
vt 0.380859375 0.5498046875
vt 0.298828125 0.5498046875
vt 0.298828125 0.5380859375
vt 0.380859375 0.5380859375
vt 0.380859375 0.5263671875
vt 0.298828125 0.5263671875
vt 0.298828125 0.5380859375
vt 0.380859375 0.5380859375
vn 0 0 -1
vn 1 0 0
vn 0 0 1
vn -1 0 0
vn 0 1 0
vn 0 -1 0
usemtl m_7c4fd87a-d0f1-9ad7-7479-aa72dea38889
f 1265/3793/949 1266/3794/949 1267/3795/949 1268/3796/949
f 1269/3797/950 1265/3798/950 1268/3799/950 1270/3800/950
f 1271/3801/951 1269/3802/951 1270/3803/951 1272/3804/951
f 1266/3805/952 1271/3806/952 1272/3807/952 1267/3808/952
f 1272/3809/953 1270/3810/953 1268/3811/953 1267/3812/953
f 1266/3813/954 1265/3814/954 1269/3815/954 1271/3816/954
o cube
v 3 13.5 -0.09375
v 1.6875 13.5 -0.09375
v 1.6875 14.0625 -0.09375
v 3 14.0625 -0.09375
v 3 13.5 0.09375
v 3 14.0625 0.09375
v 1.6875 13.5 0.09375
v 1.6875 14.0625 0.09375
vt 0.46793365478515636 0.5877227783203125
vt 0.5499649047851564 0.5877227783203125
vt 0.5499649047851564 0.6228790283203125
vt 0.46793365478515636 0.6228790283203125
vt 0.076171875 0.2685546875
vt 0.087890625 0.2685546875
vt 0.087890625 0.3037109375
vt 0.076171875 0.3037109375
vt 0.099609375 0.7490234375
vt 0.181640625 0.7490234375
vt 0.181640625 0.7841796875
vt 0.099609375 0.7841796875
vt 0.087890625 0.2685546875
vt 0.099609375 0.2685546875
vt 0.099609375 0.3037109375
vt 0.087890625 0.3037109375
vt 0.380859375 0.5263671875
vt 0.298828125 0.5263671875
vt 0.298828125 0.5146484375
vt 0.380859375 0.5146484375
vt 0.380859375 0.5029296875
vt 0.298828125 0.5029296875
vt 0.298828125 0.5146484375
vt 0.380859375 0.5146484375
vn 0 0 -1
vn 1 0 0
vn 0 0 1
vn -1 0 0
vn 0 1 0
vn 0 -1 0
usemtl m_7c4fd87a-d0f1-9ad7-7479-aa72dea38889
f 1273/3817/955 1274/3818/955 1275/3819/955 1276/3820/955
f 1277/3821/956 1273/3822/956 1276/3823/956 1278/3824/956
f 1279/3825/957 1277/3826/957 1278/3827/957 1280/3828/957
f 1274/3829/958 1279/3830/958 1280/3831/958 1275/3832/958
f 1280/3833/959 1278/3834/959 1276/3835/959 1275/3836/959
f 1274/3837/960 1273/3838/960 1277/3839/960 1279/3840/960
o cube
v 1.5 13.5 -0.09375
v 0.1875 13.5 -0.09375
v 0.1875 14.0625 -0.09375
v 1.5 14.0625 -0.09375
v 1.5 13.5 0.09375
v 1.5 14.0625 0.09375
v 0.1875 13.5 0.09375
v 0.1875 14.0625 0.09375
vt 0.46793365478515636 0.446685791015625
vt 0.5499649047851564 0.446685791015625
vt 0.5499649047851564 0.481842041015625
vt 0.46793365478515636 0.481842041015625
vt 0.099609375 0.2685546875
vt 0.111328125 0.2685546875
vt 0.111328125 0.3037109375
vt 0.099609375 0.3037109375
vt 0.099609375 0.6787109375
vt 0.181640625 0.6787109375
vt 0.181640625 0.7138671875
vt 0.099609375 0.7138671875
vt 0.111328125 0.2685546875
vt 0.123046875 0.2685546875
vt 0.123046875 0.3037109375
vt 0.111328125 0.3037109375
vt 0.380859375 0.5029296875
vt 0.298828125 0.5029296875
vt 0.298828125 0.4912109375
vt 0.380859375 0.4912109375
vt 0.380859375 0.4794921875
vt 0.298828125 0.4794921875
vt 0.298828125 0.4912109375
vt 0.380859375 0.4912109375
vn 0 0 -1
vn 1 0 0
vn 0 0 1
vn -1 0 0
vn 0 1 0
vn 0 -1 0
usemtl m_7c4fd87a-d0f1-9ad7-7479-aa72dea38889
f 1281/3841/961 1282/3842/961 1283/3843/961 1284/3844/961
f 1285/3845/962 1281/3846/962 1284/3847/962 1286/3848/962
f 1287/3849/963 1285/3850/963 1286/3851/963 1288/3852/963
f 1282/3853/964 1287/3854/964 1288/3855/964 1283/3856/964
f 1288/3857/965 1286/3858/965 1284/3859/965 1283/3860/965
f 1282/3861/966 1281/3862/966 1285/3863/966 1287/3864/966
o cube
v 0.75 14.25 -0.09375
v 0 14.25 -0.09375
v 0 14.8125 -0.09375
v 0.75 14.8125 -0.09375
v 0.75 14.25 0.09375
v 0.75 14.8125 0.09375
v 0 14.25 0.09375
v 0 14.8125 0.09375
vt 0.5381774902343751 0.6582412719726562
vt 0.5850524902343751 0.6582412719726562
vt 0.5850524902343751 0.6933975219726562
vt 0.5381774902343751 0.6933975219726562
vt 0.123046875 0.2685546875
vt 0.134765625 0.2685546875
vt 0.134765625 0.3037109375
vt 0.123046875 0.3037109375
vt 0.263671875 0.7841796875
vt 0.310546875 0.7841796875
vt 0.310546875 0.8193359375
vt 0.263671875 0.8193359375
vt 0.134765625 0.2685546875
vt 0.146484375 0.2685546875
vt 0.146484375 0.3037109375
vt 0.134765625 0.3037109375
vt 0.357421875 0.6669921875
vt 0.310546875 0.6669921875
vt 0.310546875 0.6552734375
vt 0.357421875 0.6552734375
vt 0.357421875 0.6435546875
vt 0.310546875 0.6435546875
vt 0.310546875 0.6552734375
vt 0.357421875 0.6552734375
vn 0 0 -1
vn 1 0 0
vn 0 0 1
vn -1 0 0
vn 0 1 0
vn 0 -1 0
usemtl m_7c4fd87a-d0f1-9ad7-7479-aa72dea38889
f 1289/3865/967 1290/3866/967 1291/3867/967 1292/3868/967
f 1293/3869/968 1289/3870/968 1292/3871/968 1294/3872/968
f 1295/3873/969 1293/3874/969 1294/3875/969 1296/3876/969
f 1290/3877/970 1295/3878/970 1296/3879/970 1291/3880/970
f 1296/3881/971 1294/3882/971 1292/3883/971 1291/3884/971
f 1290/3885/972 1289/3886/972 1293/3887/972 1295/3888/972
o cube
v 2.25 14.25 -0.09375
v 0.9375 14.25 -0.09375
v 0.9375 14.8125 -0.09375
v 2.25 14.8125 -0.09375
v 2.25 14.25 0.09375
v 2.25 14.8125 0.09375
v 0.9375 14.25 0.09375
v 0.9375 14.8125 0.09375
vt 0.46793365478515636 0.3056488037109375
vt 0.5499649047851564 0.3056488037109375
vt 0.5499649047851564 0.3408050537109375
vt 0.46793365478515636 0.3408050537109375
vt 0.345703125 0.9599609375
vt 0.357421875 0.9599609375
vt 0.357421875 0.9951171875
vt 0.345703125 0.9951171875
vt 0.099609375 0.6083984375
vt 0.181640625 0.6083984375
vt 0.181640625 0.6435546875
vt 0.099609375 0.6435546875
vt 0.345703125 0.9248046875
vt 0.357421875 0.9248046875
vt 0.357421875 0.9599609375
vt 0.345703125 0.9599609375
vt 0.380859375 0.4794921875
vt 0.298828125 0.4794921875
vt 0.298828125 0.4677734375
vt 0.380859375 0.4677734375
vt 0.380859375 0.4560546875
vt 0.298828125 0.4560546875
vt 0.298828125 0.4677734375
vt 0.380859375 0.4677734375
vn 0 0 -1
vn 1 0 0
vn 0 0 1
vn -1 0 0
vn 0 1 0
vn 0 -1 0
usemtl m_7c4fd87a-d0f1-9ad7-7479-aa72dea38889
f 1297/3889/973 1298/3890/973 1299/3891/973 1300/3892/973
f 1301/3893/974 1297/3894/974 1300/3895/974 1302/3896/974
f 1303/3897/975 1301/3898/975 1302/3899/975 1304/3900/975
f 1298/3901/976 1303/3902/976 1304/3903/976 1299/3904/976
f 1304/3905/977 1302/3906/977 1300/3907/977 1299/3908/977
f 1298/3909/978 1297/3910/978 1301/3911/978 1303/3912/978
o cube
v 3.75 14.25 -0.09375
v 2.4375 14.25 -0.09375
v 2.4375 14.8125 -0.09375
v 3.75 14.8125 -0.09375
v 3.75 14.25 0.09375
v 3.75 14.8125 0.09375
v 2.4375 14.25 0.09375
v 2.4375 14.8125 0.09375
vt 0.46793365478515636 0.16461181640625
vt 0.5499649047851564 0.16461181640625
vt 0.5499649047851564 0.19976806640625
vt 0.46793365478515636 0.19976806640625
vt 0.345703125 0.3271484375
vt 0.357421875 0.3271484375
vt 0.357421875 0.3623046875
vt 0.345703125 0.3623046875
vt 0.099609375 0.5380859375
vt 0.181640625 0.5380859375
vt 0.181640625 0.5732421875
vt 0.099609375 0.5732421875
vt 0.345703125 0.2919921875
vt 0.357421875 0.2919921875
vt 0.357421875 0.3271484375
vt 0.345703125 0.3271484375
vt 0.380859375 0.4560546875
vt 0.298828125 0.4560546875
vt 0.298828125 0.4443359375
vt 0.380859375 0.4443359375
vt 0.380859375 0.4326171875
vt 0.298828125 0.4326171875
vt 0.298828125 0.4443359375
vt 0.380859375 0.4443359375
vn 0 0 -1
vn 1 0 0
vn 0 0 1
vn -1 0 0
vn 0 1 0
vn 0 -1 0
usemtl m_7c4fd87a-d0f1-9ad7-7479-aa72dea38889
f 1305/3913/979 1306/3914/979 1307/3915/979 1308/3916/979
f 1309/3917/980 1305/3918/980 1308/3919/980 1310/3920/980
f 1311/3921/981 1309/3922/981 1310/3923/981 1312/3924/981
f 1306/3925/982 1311/3926/982 1312/3927/982 1307/3928/982
f 1312/3929/983 1310/3930/983 1308/3931/983 1307/3932/983
f 1306/3933/984 1305/3934/984 1309/3935/984 1311/3936/984
o cube
v 5.25 14.25 -0.09375
v 3.9375 14.25 -0.09375
v 3.9375 14.8125 -0.09375
v 5.25 14.8125 -0.09375
v 5.25 14.25 0.09375
v 5.25 14.8125 0.09375
v 3.9375 14.25 0.09375
v 3.9375 14.8125 0.09375
vt 0.401592254638672 0.04708099365234375
vt 0.483623504638672 0.04708099365234375
vt 0.483623504638672 0.08223724365234375
vt 0.401592254638672 0.08223724365234375
vt 0.205078125 0.2568359375
vt 0.216796875 0.2568359375
vt 0.216796875 0.2919921875
vt 0.205078125 0.2919921875
vt 0.099609375 0.5029296875
vt 0.181640625 0.5029296875
vt 0.181640625 0.5380859375
vt 0.099609375 0.5380859375
vt 0.216796875 0.2568359375
vt 0.228515625 0.2568359375
vt 0.228515625 0.2919921875
vt 0.216796875 0.2919921875
vt 0.380859375 0.4326171875
vt 0.298828125 0.4326171875
vt 0.298828125 0.4208984375
vt 0.380859375 0.4208984375
vt 0.380859375 0.4091796875
vt 0.298828125 0.4091796875
vt 0.298828125 0.4208984375
vt 0.380859375 0.4208984375
vn 0 0 -1
vn 1 0 0
vn 0 0 1
vn -1 0 0
vn 0 1 0
vn 0 -1 0
usemtl m_7c4fd87a-d0f1-9ad7-7479-aa72dea38889
f 1313/3937/985 1314/3938/985 1315/3939/985 1316/3940/985
f 1317/3941/986 1313/3942/986 1316/3943/986 1318/3944/986
f 1319/3945/987 1317/3946/987 1318/3947/987 1320/3948/987
f 1314/3949/988 1319/3950/988 1320/3951/988 1315/3952/988
f 1320/3953/989 1318/3954/989 1316/3955/989 1315/3956/989
f 1314/3957/990 1313/3958/990 1317/3959/990 1319/3960/990
o cube
v 6 14.25 -0.09375
v 5.4375 14.25 -0.09375
v 5.4375 14.8125 -0.09375
v 6 14.8125 -0.09375
v 6 14.25 0.09375
v 6 14.8125 0.09375
v 5.4375 14.25 0.09375
v 5.4375 14.8125 0.09375
vt 0.5615921020507814 0.09409332275390625
vt 0.5967483520507814 0.09409332275390625
vt 0.5967483520507814 0.12924957275390625
vt 0.5615921020507814 0.12924957275390625
vt 0.228515625 0.2568359375
vt 0.240234375 0.2568359375
vt 0.240234375 0.2919921875
vt 0.228515625 0.2919921875
vt 0.263671875 0.5029296875
vt 0.298828125 0.5029296875
vt 0.298828125 0.5380859375
vt 0.263671875 0.5380859375
vt 0.240234375 0.2568359375
vt 0.251953125 0.2568359375
vt 0.251953125 0.2919921875
vt 0.240234375 0.2919921875
vt 0.287109375 0.2919921875
vt 0.251953125 0.2919921875
vt 0.251953125 0.2802734375
vt 0.287109375 0.2802734375
vt 0.322265625 0.2802734375
vt 0.287109375 0.2802734375
vt 0.287109375 0.2919921875
vt 0.322265625 0.2919921875
vn 0 0 -1
vn 1 0 0
vn 0 0 1
vn -1 0 0
vn 0 1 0
vn 0 -1 0
usemtl m_7c4fd87a-d0f1-9ad7-7479-aa72dea38889
f 1321/3961/991 1322/3962/991 1323/3963/991 1324/3964/991
f 1325/3965/992 1321/3966/992 1324/3967/992 1326/3968/992
f 1327/3969/993 1325/3970/993 1326/3971/993 1328/3972/993
f 1322/3973/994 1327/3974/994 1328/3975/994 1323/3976/994
f 1328/3977/995 1326/3978/995 1324/3979/995 1323/3980/995
f 1322/3981/996 1321/3982/996 1325/3983/996 1327/3984/996
o cube
v 1.5 15 -0.09375
v 0.1875 15 -0.09375
v 0.1875 15.5625 -0.09375
v 1.5 15.5625 -0.09375
v 1.5 15 0.09375
v 1.5 15.5625 0.09375
v 0.1875 15 0.09375
v 0.1875 15.5625 0.09375
vt 0.401592254638672 0.04708099365234375
vt 0.483623504638672 0.04708099365234375
vt 0.483623504638672 0.08223724365234375
vt 0.401592254638672 0.08223724365234375
vt 0.322265625 0.2568359375
vt 0.333984375 0.2568359375
vt 0.333984375 0.2919921875
vt 0.322265625 0.2919921875
vt 0.099609375 0.4677734375
vt 0.181640625 0.4677734375
vt 0.181640625 0.5029296875
vt 0.099609375 0.5029296875
vt 0.333984375 0.2568359375
vt 0.345703125 0.2568359375
vt 0.345703125 0.2919921875
vt 0.333984375 0.2919921875
vt 0.380859375 0.4091796875
vt 0.298828125 0.4091796875
vt 0.298828125 0.3974609375
vt 0.380859375 0.3974609375
vt 0.380859375 0.3857421875
vt 0.298828125 0.3857421875
vt 0.298828125 0.3974609375
vt 0.380859375 0.3974609375
vn 0 0 -1
vn 1 0 0
vn 0 0 1
vn -1 0 0
vn 0 1 0
vn 0 -1 0
usemtl m_7c4fd87a-d0f1-9ad7-7479-aa72dea38889
f 1329/3985/997 1330/3986/997 1331/3987/997 1332/3988/997
f 1333/3989/998 1329/3990/998 1332/3991/998 1334/3992/998
f 1335/3993/999 1333/3994/999 1334/3995/999 1336/3996/999
f 1330/3997/1000 1335/3998/1000 1336/3999/1000 1331/4000/1000
f 1336/4001/1001 1334/4002/1001 1332/4003/1001 1331/4004/1001
f 1330/4005/1002 1329/4006/1002 1333/4007/1002 1335/4008/1002
o cube
v 3 15 -0.09375
v 1.6875 15 -0.09375
v 1.6875 15.5625 -0.09375
v 3 15.5625 -0.09375
v 3 15 0.09375
v 3 15.5625 0.09375
v 1.6875 15 0.09375
v 1.6875 15.5625 0.09375
vt 0.401592254638672 0.04708099365234375
vt 0.483623504638672 0.04708099365234375
vt 0.483623504638672 0.08223724365234375
vt 0.401592254638672 0.08223724365234375
vt 0.345703125 0.2568359375
vt 0.357421875 0.2568359375
vt 0.357421875 0.2919921875
vt 0.345703125 0.2919921875
vt 0.099609375 0.4326171875
vt 0.181640625 0.4326171875
vt 0.181640625 0.4677734375
vt 0.099609375 0.4677734375
vt 0.357421875 0.9599609375
vt 0.369140625 0.9599609375
vt 0.369140625 0.9951171875
vt 0.357421875 0.9951171875
vt 0.380859375 0.3857421875
vt 0.298828125 0.3857421875
vt 0.298828125 0.3740234375
vt 0.380859375 0.3740234375
vt 0.380859375 0.3623046875
vt 0.298828125 0.3623046875
vt 0.298828125 0.3740234375
vt 0.380859375 0.3740234375
vn 0 0 -1
vn 1 0 0
vn 0 0 1
vn -1 0 0
vn 0 1 0
vn 0 -1 0
usemtl m_7c4fd87a-d0f1-9ad7-7479-aa72dea38889
f 1337/4009/1003 1338/4010/1003 1339/4011/1003 1340/4012/1003
f 1341/4013/1004 1337/4014/1004 1340/4015/1004 1342/4016/1004
f 1343/4017/1005 1341/4018/1005 1342/4019/1005 1344/4020/1005
f 1338/4021/1006 1343/4022/1006 1344/4023/1006 1339/4024/1006
f 1344/4025/1007 1342/4026/1007 1340/4027/1007 1339/4028/1007
f 1338/4029/1008 1337/4030/1008 1341/4031/1008 1343/4032/1008
o cube
v 4.5 15 -0.09375
v 3.1875 15 -0.09375
v 3.1875 15.5625 -0.09375
v 4.5 15.5625 -0.09375
v 4.5 15 0.09375
v 4.5 15.5625 0.09375
v 3.1875 15 0.09375
v 3.1875 15.5625 0.09375
vt 0.46793365478515636 0.9403152465820312
vt 0.5499649047851564 0.9403152465820312
vt 0.5499649047851564 0.9754714965820312
vt 0.46793365478515636 0.9754714965820312
vt 0.357421875 0.9248046875
vt 0.369140625 0.9248046875
vt 0.369140625 0.9599609375
vt 0.357421875 0.9599609375
vt 0.181640625 0.9248046875
vt 0.263671875 0.9248046875
vt 0.263671875 0.9599609375
vt 0.181640625 0.9599609375
vt 0.357421875 0.6552734375
vt 0.369140625 0.6552734375
vt 0.369140625 0.6904296875
vt 0.357421875 0.6904296875
vt 0.099609375 0.3388671875
vt 0.017578125 0.3388671875
vt 0.017578125 0.3271484375
vt 0.099609375 0.3271484375
vt 0.181640625 0.3271484375
vt 0.099609375 0.3271484375
vt 0.099609375 0.3388671875
vt 0.181640625 0.3388671875
vn 0 0 -1
vn 1 0 0
vn 0 0 1
vn -1 0 0
vn 0 1 0
vn 0 -1 0
usemtl m_7c4fd87a-d0f1-9ad7-7479-aa72dea38889
f 1345/4033/1009 1346/4034/1009 1347/4035/1009 1348/4036/1009
f 1349/4037/1010 1345/4038/1010 1348/4039/1010 1350/4040/1010
f 1351/4041/1011 1349/4042/1011 1350/4043/1011 1352/4044/1011
f 1346/4045/1012 1351/4046/1012 1352/4047/1012 1347/4048/1012
f 1352/4049/1013 1350/4050/1013 1348/4051/1013 1347/4052/1013
f 1346/4053/1014 1345/4054/1014 1349/4055/1014 1351/4056/1014
o cube
v 6 15 -0.09375
v 4.6875 15 -0.09375
v 4.6875 15.5625 -0.09375
v 6 15.5625 -0.09375
v 6 15 0.09375
v 6 15.5625 0.09375
v 4.6875 15 0.09375
v 4.6875 15.5625 0.09375
vt 0.46793365478515636 0.7992782592773438
vt 0.5499649047851564 0.7992782592773438
vt 0.5499649047851564 0.8344345092773438
vt 0.46793365478515636 0.8344345092773438
vt 0.357421875 0.3271484375
vt 0.369140625 0.3271484375
vt 0.369140625 0.3623046875
vt 0.357421875 0.3623046875
vt 0.181640625 0.8544921875
vt 0.263671875 0.8544921875
vt 0.263671875 0.8896484375
vt 0.181640625 0.8896484375
vt 0.357421875 0.2919921875
vt 0.369140625 0.2919921875
vt 0.369140625 0.3271484375
vt 0.357421875 0.3271484375
vt 0.263671875 0.3388671875
vt 0.181640625 0.3388671875
vt 0.181640625 0.3271484375
vt 0.263671875 0.3271484375
vt 0.345703125 0.3271484375
vt 0.263671875 0.3271484375
vt 0.263671875 0.3388671875
vt 0.345703125 0.3388671875
vn 0 0 -1
vn 1 0 0
vn 0 0 1
vn -1 0 0
vn 0 1 0
vn 0 -1 0
usemtl m_7c4fd87a-d0f1-9ad7-7479-aa72dea38889
f 1353/4057/1015 1354/4058/1015 1355/4059/1015 1356/4060/1015
f 1357/4061/1016 1353/4062/1016 1356/4063/1016 1358/4064/1016
f 1359/4065/1017 1357/4066/1017 1358/4067/1017 1360/4068/1017
f 1354/4069/1018 1359/4070/1018 1360/4071/1018 1355/4072/1018
f 1360/4073/1019 1358/4074/1019 1356/4075/1019 1355/4076/1019
f 1354/4077/1020 1353/4078/1020 1357/4079/1020 1359/4080/1020
o cube
v 0.75 15.75 -0.09375
v 0 15.75 -0.09375
v 0 16.3125 -0.09375
v 0.75 16.3125 -0.09375
v 0.75 15.75 0.09375
v 0.75 16.3125 0.09375
v 0 15.75 0.09375
v 0 16.3125 0.09375
vt 0.5381774902343751 0.5172042846679688
vt 0.5850524902343751 0.5172042846679688
vt 0.5850524902343751 0.5523605346679688
vt 0.5381774902343751 0.5523605346679688
vt 0.357421875 0.2568359375
vt 0.369140625 0.2568359375
vt 0.369140625 0.2919921875
vt 0.357421875 0.2919921875
vt 0.263671875 0.7138671875
vt 0.310546875 0.7138671875
vt 0.310546875 0.7490234375
vt 0.263671875 0.7490234375
vt 0.017578125 0.2451171875
vt 0.029296875 0.2451171875
vt 0.029296875 0.2802734375
vt 0.017578125 0.2802734375
vt 0.064453125 0.3271484375
vt 0.017578125 0.3271484375
vt 0.017578125 0.3154296875
vt 0.064453125 0.3154296875
vt 0.111328125 0.3154296875
vt 0.064453125 0.3154296875
vt 0.064453125 0.3271484375
vt 0.111328125 0.3271484375
vn 0 0 -1
vn 1 0 0
vn 0 0 1
vn -1 0 0
vn 0 1 0
vn 0 -1 0
usemtl m_7c4fd87a-d0f1-9ad7-7479-aa72dea38889
f 1361/4081/1021 1362/4082/1021 1363/4083/1021 1364/4084/1021
f 1365/4085/1022 1361/4086/1022 1364/4087/1022 1366/4088/1022
f 1367/4089/1023 1365/4090/1023 1366/4091/1023 1368/4092/1023
f 1362/4093/1024 1367/4094/1024 1368/4095/1024 1363/4096/1024
f 1368/4097/1025 1366/4098/1025 1364/4099/1025 1363/4100/1025
f 1362/4101/1026 1361/4102/1026 1365/4103/1026 1367/4104/1026
o cube
v 2.25 15.75 -0.09375
v 0.9375 15.75 -0.09375
v 0.9375 16.3125 -0.09375
v 2.25 16.3125 -0.09375
v 2.25 15.75 0.09375
v 2.25 16.3125 0.09375
v 0.9375 15.75 0.09375
v 0.9375 16.3125 0.09375
vt 0.12125396728515636 0.8057022094726562
vt 0.20328521728515636 0.8057022094726562
vt 0.20328521728515636 0.8408584594726562
vt 0.12125396728515636 0.8408584594726562
vt 0.029296875 0.2451171875
vt 0.041015625 0.2451171875
vt 0.041015625 0.2802734375
vt 0.029296875 0.2802734375
vt 0.181640625 0.7841796875
vt 0.263671875 0.7841796875
vt 0.263671875 0.8193359375
vt 0.181640625 0.8193359375
vt 0.041015625 0.2451171875
vt 0.052734375 0.2451171875
vt 0.052734375 0.2802734375
vt 0.041015625 0.2802734375
vt 0.392578125 0.9248046875
vt 0.310546875 0.9248046875
vt 0.310546875 0.9130859375
vt 0.392578125 0.9130859375
vt 0.392578125 0.9013671875
vt 0.310546875 0.9013671875
vt 0.310546875 0.9130859375
vt 0.392578125 0.9130859375
vn 0 0 -1
vn 1 0 0
vn 0 0 1
vn -1 0 0
vn 0 1 0
vn 0 -1 0
usemtl m_7c4fd87a-d0f1-9ad7-7479-aa72dea38889
f 1369/4105/1027 1370/4106/1027 1371/4107/1027 1372/4108/1027
f 1373/4109/1028 1369/4110/1028 1372/4111/1028 1374/4112/1028
f 1375/4113/1029 1373/4114/1029 1374/4115/1029 1376/4116/1029
f 1370/4117/1030 1375/4118/1030 1376/4119/1030 1371/4120/1030
f 1376/4121/1031 1374/4122/1031 1372/4123/1031 1371/4124/1031
f 1370/4125/1032 1369/4126/1032 1373/4127/1032 1375/4128/1032
o cube
v 3.75 15.75 -0.09375
v 2.4375 15.75 -0.09375
v 2.4375 16.3125 -0.09375
v 3.75 16.3125 -0.09375
v 3.75 15.75 0.09375
v 3.75 16.3125 0.09375
v 2.4375 15.75 0.09375
v 2.4375 16.3125 0.09375
vt 0.35172271728515636 0.21739959716796875
vt 0.43375396728515636 0.21739959716796875
vt 0.43375396728515636 0.25255584716796875
vt 0.35172271728515636 0.25255584716796875
vt 0.052734375 0.2451171875
vt 0.064453125 0.2451171875
vt 0.064453125 0.2802734375
vt 0.052734375 0.2802734375
vt 0.181640625 0.7138671875
vt 0.263671875 0.7138671875
vt 0.263671875 0.7490234375
vt 0.181640625 0.7490234375
vt 0.064453125 0.2451171875
vt 0.076171875 0.2451171875
vt 0.076171875 0.2802734375
vt 0.064453125 0.2802734375
vt 0.392578125 0.9013671875
vt 0.310546875 0.9013671875
vt 0.310546875 0.8896484375
vt 0.392578125 0.8896484375
vt 0.392578125 0.8779296875
vt 0.310546875 0.8779296875
vt 0.310546875 0.8896484375
vt 0.392578125 0.8896484375
vn 0 0 -1
vn 1 0 0
vn 0 0 1
vn -1 0 0
vn 0 1 0
vn 0 -1 0
usemtl m_7c4fd87a-d0f1-9ad7-7479-aa72dea38889
f 1377/4129/1033 1378/4130/1033 1379/4131/1033 1380/4132/1033
f 1381/4133/1034 1377/4134/1034 1380/4135/1034 1382/4136/1034
f 1383/4137/1035 1381/4138/1035 1382/4139/1035 1384/4140/1035
f 1378/4141/1036 1383/4142/1036 1384/4143/1036 1379/4144/1036
f 1384/4145/1037 1382/4146/1037 1380/4147/1037 1379/4148/1037
f 1378/4149/1038 1377/4150/1038 1381/4151/1038 1383/4152/1038
o cube
v 5.25 15.75 -0.09375
v 3.9375 15.75 -0.09375
v 3.9375 16.3125 -0.09375
v 5.25 16.3125 -0.09375
v 5.25 15.75 0.09375
v 5.25 16.3125 0.09375
v 3.9375 15.75 0.09375
v 3.9375 16.3125 0.09375
vt 0.5372695922851564 0.7287063598632812
vt 0.6193008422851564 0.7287063598632812
vt 0.6193008422851564 0.7638626098632812
vt 0.5372695922851564 0.7638626098632812
vt 0.146484375 0.2451171875
vt 0.158203125 0.2451171875
vt 0.158203125 0.2802734375
vt 0.146484375 0.2802734375
vt 0.181640625 0.6435546875
vt 0.263671875 0.6435546875
vt 0.263671875 0.6787109375
vt 0.181640625 0.6787109375
vt 0.158203125 0.2451171875
vt 0.169921875 0.2451171875
vt 0.169921875 0.2802734375
vt 0.158203125 0.2802734375
vt 0.392578125 0.8779296875
vt 0.310546875 0.8779296875
vt 0.310546875 0.8662109375
vt 0.392578125 0.8662109375
vt 0.392578125 0.8544921875
vt 0.310546875 0.8544921875
vt 0.310546875 0.8662109375
vt 0.392578125 0.8662109375
vn 0 0 -1
vn 1 0 0
vn 0 0 1
vn -1 0 0
vn 0 1 0
vn 0 -1 0
usemtl m_7c4fd87a-d0f1-9ad7-7479-aa72dea38889
f 1385/4153/1039 1386/4154/1039 1387/4155/1039 1388/4156/1039
f 1389/4157/1040 1385/4158/1040 1388/4159/1040 1390/4160/1040
f 1391/4161/1041 1389/4162/1041 1390/4163/1041 1392/4164/1041
f 1386/4165/1042 1391/4166/1042 1392/4167/1042 1387/4168/1042
f 1392/4169/1043 1390/4170/1043 1388/4171/1043 1387/4172/1043
f 1386/4173/1044 1385/4174/1044 1389/4175/1044 1391/4176/1044
o cube
v 6 15.75 -0.09375
v 5.4375 15.75 -0.09375
v 5.4375 16.3125 -0.09375
v 6 16.3125 -0.09375
v 6 15.75 0.09375
v 6 16.3125 0.09375
v 5.4375 15.75 0.09375
v 5.4375 16.3125 0.09375
vt 0.5615921020507814 0.04708099365234375
vt 0.5967483520507814 0.04708099365234375
vt 0.5967483520507814 0.08223724365234375
vt 0.5615921020507814 0.08223724365234375
vt 0.169921875 0.2451171875
vt 0.181640625 0.2451171875
vt 0.181640625 0.2802734375
vt 0.169921875 0.2802734375
vt 0.263671875 0.4326171875
vt 0.298828125 0.4326171875
vt 0.298828125 0.4677734375
vt 0.263671875 0.4677734375
vt 0.181640625 0.2451171875
vt 0.193359375 0.2451171875
vt 0.193359375 0.2802734375
vt 0.181640625 0.2802734375
vt 0.392578125 0.6552734375
vt 0.357421875 0.6552734375
vt 0.357421875 0.6435546875
vt 0.392578125 0.6435546875
vt 0.287109375 0.2685546875
vt 0.251953125 0.2685546875
vt 0.251953125 0.2802734375
vt 0.287109375 0.2802734375
vn 0 0 -1
vn 1 0 0
vn 0 0 1
vn -1 0 0
vn 0 1 0
vn 0 -1 0
usemtl m_7c4fd87a-d0f1-9ad7-7479-aa72dea38889
f 1393/4177/1045 1394/4178/1045 1395/4179/1045 1396/4180/1045
f 1397/4181/1046 1393/4182/1046 1396/4183/1046 1398/4184/1046
f 1399/4185/1047 1397/4186/1047 1398/4187/1047 1400/4188/1047
f 1394/4189/1048 1399/4190/1048 1400/4191/1048 1395/4192/1048
f 1400/4193/1049 1398/4194/1049 1396/4195/1049 1395/4196/1049
f 1394/4197/1050 1393/4198/1050 1397/4199/1050 1399/4200/1050
o cube
v 1.5 16.5 -0.09375
v 0.1875 16.5 -0.09375
v 0.1875 17.0625 -0.09375
v 1.5 17.0625 -0.09375
v 1.5 16.5 0.09375
v 1.5 17.0625 0.09375
v 0.1875 16.5 0.09375
v 0.1875 17.0625 0.09375
vt 0.46793365478515636 0.23513031005859375
vt 0.5499649047851564 0.23513031005859375
vt 0.5499649047851564 0.27028656005859375
vt 0.46793365478515636 0.27028656005859375
vt 0.193359375 0.2451171875
vt 0.205078125 0.2451171875
vt 0.205078125 0.2802734375
vt 0.193359375 0.2802734375
vt 0.181640625 0.5732421875
vt 0.263671875 0.5732421875
vt 0.263671875 0.6083984375
vt 0.181640625 0.6083984375
vt 0.287109375 0.2451171875
vt 0.298828125 0.2451171875
vt 0.298828125 0.2802734375
vt 0.287109375 0.2802734375
vt 0.392578125 0.8544921875
vt 0.310546875 0.8544921875
vt 0.310546875 0.8427734375
vt 0.392578125 0.8427734375
vt 0.392578125 0.8310546875
vt 0.310546875 0.8310546875
vt 0.310546875 0.8427734375
vt 0.392578125 0.8427734375
vn 0 0 -1
vn 1 0 0
vn 0 0 1
vn -1 0 0
vn 0 1 0
vn 0 -1 0
usemtl m_7c4fd87a-d0f1-9ad7-7479-aa72dea38889
f 1401/4201/1051 1402/4202/1051 1403/4203/1051 1404/4204/1051
f 1405/4205/1052 1401/4206/1052 1404/4207/1052 1406/4208/1052
f 1407/4209/1053 1405/4210/1053 1406/4211/1053 1408/4212/1053
f 1402/4213/1054 1407/4214/1054 1408/4215/1054 1403/4216/1054
f 1408/4217/1055 1406/4218/1055 1404/4219/1055 1403/4220/1055
f 1402/4221/1056 1401/4222/1056 1405/4223/1056 1407/4224/1056
o cube
v 3 16.5 -0.09375
v 1.6875 16.5 -0.09375
v 1.6875 17.0625 -0.09375
v 3 17.0625 -0.09375
v 3 16.5 0.09375
v 3 17.0625 0.09375
v 1.6875 16.5 0.09375
v 1.6875 17.0625 0.09375
vt 0.46793365478515636 0.09409332275390625
vt 0.5499649047851564 0.09409332275390625
vt 0.5499649047851564 0.12924957275390625
vt 0.46793365478515636 0.12924957275390625
vt 0.298828125 0.2451171875
vt 0.310546875 0.2451171875
vt 0.310546875 0.2802734375
vt 0.298828125 0.2802734375
vt 0.181640625 0.5029296875
vt 0.263671875 0.5029296875
vt 0.263671875 0.5380859375
vt 0.181640625 0.5380859375
vt 0.310546875 0.2451171875
vt 0.322265625 0.2451171875
vt 0.322265625 0.2802734375
vt 0.310546875 0.2802734375
vt 0.392578125 0.8310546875
vt 0.310546875 0.8310546875
vt 0.310546875 0.8193359375
vt 0.392578125 0.8193359375
vt 0.392578125 0.8076171875
vt 0.310546875 0.8076171875
vt 0.310546875 0.8193359375
vt 0.392578125 0.8193359375
vn 0 0 -1
vn 1 0 0
vn 0 0 1
vn -1 0 0
vn 0 1 0
vn 0 -1 0
usemtl m_7c4fd87a-d0f1-9ad7-7479-aa72dea38889
f 1409/4225/1057 1410/4226/1057 1411/4227/1057 1412/4228/1057
f 1413/4229/1058 1409/4230/1058 1412/4231/1058 1414/4232/1058
f 1415/4233/1059 1413/4234/1059 1414/4235/1059 1416/4236/1059
f 1410/4237/1060 1415/4238/1060 1416/4239/1060 1411/4240/1060
f 1416/4241/1061 1414/4242/1061 1412/4243/1061 1411/4244/1061
f 1410/4245/1062 1409/4246/1062 1413/4247/1062 1415/4248/1062
o cube
v 4.5 16.5 -0.09375
v 3.1875 16.5 -0.09375
v 3.1875 17.0625 -0.09375
v 4.5 17.0625 -0.09375
v 4.5 16.5 0.09375
v 4.5 17.0625 0.09375
v 3.1875 16.5 0.09375
v 3.1875 17.0625 0.09375
vt 0.46793365478515636 0.04708099365234375
vt 0.5499649047851564 0.04708099365234375
vt 0.5499649047851564 0.08223724365234375
vt 0.46793365478515636 0.08223724365234375
vt 0.369140625 0.9599609375
vt 0.380859375 0.9599609375
vt 0.380859375 0.9951171875
vt 0.369140625 0.9951171875
vt 0.181640625 0.4326171875
vt 0.263671875 0.4326171875
vt 0.263671875 0.4677734375
vt 0.181640625 0.4677734375
vt 0.369140625 0.9248046875
vt 0.380859375 0.9248046875
vt 0.380859375 0.9599609375
vt 0.369140625 0.9599609375
vt 0.392578125 0.8076171875
vt 0.310546875 0.8076171875
vt 0.310546875 0.7958984375
vt 0.392578125 0.7958984375
vt 0.392578125 0.7841796875
vt 0.310546875 0.7841796875
vt 0.310546875 0.7958984375
vt 0.392578125 0.7958984375
vn 0 0 -1
vn 1 0 0
vn 0 0 1
vn -1 0 0
vn 0 1 0
vn 0 -1 0
usemtl m_7c4fd87a-d0f1-9ad7-7479-aa72dea38889
f 1417/4249/1063 1418/4250/1063 1419/4251/1063 1420/4252/1063
f 1421/4253/1064 1417/4254/1064 1420/4255/1064 1422/4256/1064
f 1423/4257/1065 1421/4258/1065 1422/4259/1065 1424/4260/1065
f 1418/4261/1066 1423/4262/1066 1424/4263/1066 1419/4264/1066
f 1424/4265/1067 1422/4266/1067 1420/4267/1067 1419/4268/1067
f 1418/4269/1068 1417/4270/1068 1421/4271/1068 1423/4272/1068
o cube
v 6 16.5 -0.09375
v 4.6875 16.5 -0.09375
v 4.6875 17.0625 -0.09375
v 6 17.0625 -0.09375
v 6 16.5 0.09375
v 6 17.0625 0.09375
v 4.6875 16.5 0.09375
v 4.6875 17.0625 0.09375
vt 0.401592254638672 0.04708099365234375
vt 0.483623504638672 0.04708099365234375
vt 0.483623504638672 0.08223724365234375
vt 0.401592254638672 0.08223724365234375
vt 0.369140625 0.6552734375
vt 0.380859375 0.6552734375
vt 0.380859375 0.6904296875
vt 0.369140625 0.6904296875
vt 0.099609375 0.3974609375
vt 0.181640625 0.3974609375
vt 0.181640625 0.4326171875
vt 0.099609375 0.4326171875
vt 0.369140625 0.3271484375
vt 0.380859375 0.3271484375
vt 0.380859375 0.3623046875
vt 0.369140625 0.3623046875
vt 0.392578125 0.7841796875
vt 0.310546875 0.7841796875
vt 0.310546875 0.7724609375
vt 0.392578125 0.7724609375
vt 0.392578125 0.7607421875
vt 0.310546875 0.7607421875
vt 0.310546875 0.7724609375
vt 0.392578125 0.7724609375
vn 0 0 -1
vn 1 0 0
vn 0 0 1
vn -1 0 0
vn 0 1 0
vn 0 -1 0
usemtl m_7c4fd87a-d0f1-9ad7-7479-aa72dea38889
f 1425/4273/1069 1426/4274/1069 1427/4275/1069 1428/4276/1069
f 1429/4277/1070 1425/4278/1070 1428/4279/1070 1430/4280/1070
f 1431/4281/1071 1429/4282/1071 1430/4283/1071 1432/4284/1071
f 1426/4285/1072 1431/4286/1072 1432/4287/1072 1427/4288/1072
f 1432/4289/1073 1430/4290/1073 1428/4291/1073 1427/4292/1073
f 1426/4293/1074 1425/4294/1074 1429/4295/1074 1431/4296/1074
o cube
v 0.75 17.25 -0.09375
v 0 17.25 -0.09375
v 0 17.8125 -0.09375
v 0.75 17.8125 -0.09375
v 0.75 17.25 0.09375
v 0.75 17.8125 0.09375
v 0 17.25 0.09375
v 0 17.8125 0.09375
vt 0.5381774902343751 0.37616729736328125
vt 0.5850524902343751 0.37616729736328125
vt 0.5850524902343751 0.41132354736328125
vt 0.5381774902343751 0.41132354736328125
vt 0.369140625 0.2919921875
vt 0.380859375 0.2919921875
vt 0.380859375 0.3271484375
vt 0.369140625 0.3271484375
vt 0.263671875 0.6435546875
vt 0.310546875 0.6435546875
vt 0.310546875 0.6787109375
vt 0.263671875 0.6787109375
vt 0.369140625 0.2568359375
vt 0.380859375 0.2568359375
vt 0.380859375 0.2919921875
vt 0.369140625 0.2919921875
vt 0.158203125 0.3271484375
vt 0.111328125 0.3271484375
vt 0.111328125 0.3154296875
vt 0.158203125 0.3154296875
vt 0.205078125 0.3154296875
vt 0.158203125 0.3154296875
vt 0.158203125 0.3271484375
vt 0.205078125 0.3271484375
vn 0 0 -1
vn 1 0 0
vn 0 0 1
vn -1 0 0
vn 0 1 0
vn 0 -1 0
usemtl m_7c4fd87a-d0f1-9ad7-7479-aa72dea38889
f 1433/4297/1075 1434/4298/1075 1435/4299/1075 1436/4300/1075
f 1437/4301/1076 1433/4302/1076 1436/4303/1076 1438/4304/1076
f 1439/4305/1077 1437/4306/1077 1438/4307/1077 1440/4308/1077
f 1434/4309/1078 1439/4310/1078 1440/4311/1078 1435/4312/1078
f 1440/4313/1079 1438/4314/1079 1436/4315/1079 1435/4316/1079
f 1434/4317/1080 1433/4318/1080 1437/4319/1080 1439/4320/1080
o cube
v 2.25 17.25 -0.09375
v 0.9375 17.25 -0.09375
v 0.9375 17.8125 -0.09375
v 2.25 17.8125 -0.09375
v 2.25 17.25 0.09375
v 2.25 17.8125 0.09375
v 0.9375 17.25 0.09375
v 0.9375 17.8125 0.09375
vt 0.46793365478515636 0.04708099365234375
vt 0.5499649047851564 0.04708099365234375
vt 0.5499649047851564 0.08223724365234375
vt 0.46793365478515636 0.08223724365234375
vt 0.076171875 0.2333984375
vt 0.087890625 0.2333984375
vt 0.087890625 0.2685546875
vt 0.076171875 0.2685546875
vt 0.017578125 0.3623046875
vt 0.099609375 0.3623046875
vt 0.099609375 0.3974609375
vt 0.017578125 0.3974609375
vt 0.087890625 0.2333984375
vt 0.099609375 0.2333984375
vt 0.099609375 0.2685546875
vt 0.087890625 0.2685546875
vt 0.392578125 0.7607421875
vt 0.310546875 0.7607421875
vt 0.310546875 0.7490234375
vt 0.392578125 0.7490234375
vt 0.392578125 0.7373046875
vt 0.310546875 0.7373046875
vt 0.310546875 0.7490234375
vt 0.392578125 0.7490234375
vn 0 0 -1
vn 1 0 0
vn 0 0 1
vn -1 0 0
vn 0 1 0
vn 0 -1 0
usemtl m_7c4fd87a-d0f1-9ad7-7479-aa72dea38889
f 1441/4321/1081 1442/4322/1081 1443/4323/1081 1444/4324/1081
f 1445/4325/1082 1441/4326/1082 1444/4327/1082 1446/4328/1082
f 1447/4329/1083 1445/4330/1083 1446/4331/1083 1448/4332/1083
f 1442/4333/1084 1447/4334/1084 1448/4335/1084 1443/4336/1084
f 1448/4337/1085 1446/4338/1085 1444/4339/1085 1443/4340/1085
f 1442/4341/1086 1441/4342/1086 1445/4343/1086 1447/4344/1086
o cube
v 3.75 17.25 -0.09375
v 2.4375 17.25 -0.09375
v 2.4375 17.8125 -0.09375
v 3.75 17.8125 -0.09375
v 3.75 17.25 0.09375
v 3.75 17.8125 0.09375
v 2.4375 17.25 0.09375
v 2.4375 17.8125 0.09375
vt 0.46793365478515636 0.04708099365234375
vt 0.5499649047851564 0.04708099365234375
vt 0.5499649047851564 0.08223724365234375
vt 0.46793365478515636 0.08223724365234375
vt 0.099609375 0.2333984375
vt 0.111328125 0.2333984375
vt 0.111328125 0.2685546875
vt 0.099609375 0.2685546875
vt 0.181640625 0.3623046875
vt 0.263671875 0.3623046875
vt 0.263671875 0.3974609375
vt 0.181640625 0.3974609375
vt 0.111328125 0.2333984375
vt 0.123046875 0.2333984375
vt 0.123046875 0.2685546875
vt 0.111328125 0.2685546875
vt 0.392578125 0.7373046875
vt 0.310546875 0.7373046875
vt 0.310546875 0.7255859375
vt 0.392578125 0.7255859375
vt 0.392578125 0.7138671875
vt 0.310546875 0.7138671875
vt 0.310546875 0.7255859375
vt 0.392578125 0.7255859375
vn 0 0 -1
vn 1 0 0
vn 0 0 1
vn -1 0 0
vn 0 1 0
vn 0 -1 0
usemtl m_7c4fd87a-d0f1-9ad7-7479-aa72dea38889
f 1449/4345/1087 1450/4346/1087 1451/4347/1087 1452/4348/1087
f 1453/4349/1088 1449/4350/1088 1452/4351/1088 1454/4352/1088
f 1455/4353/1089 1453/4354/1089 1454/4355/1089 1456/4356/1089
f 1450/4357/1090 1455/4358/1090 1456/4359/1090 1451/4360/1090
f 1456/4361/1091 1454/4362/1091 1452/4363/1091 1451/4364/1091
f 1450/4365/1092 1449/4366/1092 1453/4367/1092 1455/4368/1092
o cube
v 5.25 17.25 -0.09375
v 3.9375 17.25 -0.09375
v 3.9375 17.8125 -0.09375
v 5.25 17.8125 -0.09375
v 5.25 17.25 0.09375
v 5.25 17.8125 0.09375
v 3.9375 17.25 0.09375
v 3.9375 17.8125 0.09375
vt 0.46793365478515636 0.9403152465820312
vt 0.5499649047851564 0.9403152465820312
vt 0.5499649047851564 0.9754714965820312
vt 0.46793365478515636 0.9754714965820312
vt 0.123046875 0.2333984375
vt 0.134765625 0.2333984375
vt 0.134765625 0.2685546875
vt 0.123046875 0.2685546875
vt 0.263671875 0.9248046875
vt 0.345703125 0.9248046875
vt 0.345703125 0.9599609375
vt 0.263671875 0.9599609375
vt 0.134765625 0.2333984375
vt 0.146484375 0.2333984375
vt 0.146484375 0.2685546875
vt 0.134765625 0.2685546875
vt 0.392578125 0.7138671875
vt 0.310546875 0.7138671875
vt 0.310546875 0.7021484375
vt 0.392578125 0.7021484375
vt 0.392578125 0.6904296875
vt 0.310546875 0.6904296875
vt 0.310546875 0.7021484375
vt 0.392578125 0.7021484375
vn 0 0 -1
vn 1 0 0
vn 0 0 1
vn -1 0 0
vn 0 1 0
vn 0 -1 0
usemtl m_7c4fd87a-d0f1-9ad7-7479-aa72dea38889
f 1457/4369/1093 1458/4370/1093 1459/4371/1093 1460/4372/1093
f 1461/4373/1094 1457/4374/1094 1460/4375/1094 1462/4376/1094
f 1463/4377/1095 1461/4378/1095 1462/4379/1095 1464/4380/1095
f 1458/4381/1096 1463/4382/1096 1464/4383/1096 1459/4384/1096
f 1464/4385/1097 1462/4386/1097 1460/4387/1097 1459/4388/1097
f 1458/4389/1098 1457/4390/1098 1461/4391/1098 1463/4392/1098
o cube
v 6 17.25 -0.09375
v 5.4375 17.25 -0.09375
v 5.4375 17.8125 -0.09375
v 6 17.8125 -0.09375
v 6 17.25 0.09375
v 6 17.8125 0.09375
v 5.4375 17.25 0.09375
v 5.4375 17.8125 0.09375
vt 0.5615921020507814 0.04708099365234375
vt 0.5967483520507814 0.04708099365234375
vt 0.5967483520507814 0.08223724365234375
vt 0.5615921020507814 0.08223724365234375
vt 0.251953125 0.2333984375
vt 0.263671875 0.2333984375
vt 0.263671875 0.2685546875
vt 0.251953125 0.2685546875
vt 0.263671875 0.3623046875
vt 0.298828125 0.3623046875
vt 0.298828125 0.3974609375
vt 0.263671875 0.3974609375
vt 0.263671875 0.2333984375
vt 0.275390625 0.2333984375
vt 0.275390625 0.2685546875
vt 0.263671875 0.2685546875
vt 0.416015625 0.9951171875
vt 0.380859375 0.9951171875
vt 0.380859375 0.9833984375
vt 0.416015625 0.9833984375
vt 0.416015625 0.9716796875
vt 0.380859375 0.9716796875
vt 0.380859375 0.9833984375
vt 0.416015625 0.9833984375
vn 0 0 -1
vn 1 0 0
vn 0 0 1
vn -1 0 0
vn 0 1 0
vn 0 -1 0
usemtl m_7c4fd87a-d0f1-9ad7-7479-aa72dea38889
f 1465/4393/1099 1466/4394/1099 1467/4395/1099 1468/4396/1099
f 1469/4397/1100 1465/4398/1100 1468/4399/1100 1470/4400/1100
f 1471/4401/1101 1469/4402/1101 1470/4403/1101 1472/4404/1101
f 1466/4405/1102 1471/4406/1102 1472/4407/1102 1467/4408/1102
f 1472/4409/1103 1470/4410/1103 1468/4411/1103 1467/4412/1103
f 1466/4413/1104 1465/4414/1104 1469/4415/1104 1471/4416/1104
o cube
v 6 12 0
v 0 12 0
v 0 18 0
v 6 18 0
v 6 12 0.15625
v 6 18 0.15625
v 0 12 0.15625
v 0 18 0.15625
vt 0 0.625
vt 0.375 0.625
vt 0.375 1
vt 0 1
vt 0.375 0.625
vt 0.384765625 0.625
vt 0.384765625 1
vt 0.375 1
vt 0 0.625
vt 0.375 0.625
vt 0.375 1
vt 0 1
vt 0.375 0.25
vt 0.384765625 0.25
vt 0.384765625 0.625
vt 0.375 0.625
vt 0.759765625 1
vt 0.384765625 1
vt 0.384765625 0.990234375
vt 0.759765625 0.990234375
vt 0.759765625 0.98046875
vt 0.384765625 0.98046875
vt 0.384765625 0.990234375
vt 0.759765625 0.990234375
vn 0 0 -1
vn 1 0 0
vn 0 0 1
vn -1 0 0
vn 0 1 0
vn 0 -1 0
usemtl m_7c4fd87a-d0f1-9ad7-7479-aa72dea38889
f 1473/4417/1105 1474/4418/1105 1475/4419/1105 1476/4420/1105
f 1477/4421/1106 1473/4422/1106 1476/4423/1106 1478/4424/1106
f 1479/4425/1107 1477/4426/1107 1478/4427/1107 1480/4428/1107
f 1474/4429/1108 1479/4430/1108 1480/4431/1108 1475/4432/1108
f 1480/4433/1109 1478/4434/1109 1476/4435/1109 1475/4436/1109
f 1474/4437/1110 1473/4438/1110 1477/4439/1110 1479/4440/1110
o cube
v -11.25 12.75 -0.09375
v -12 12.75 -0.09375
v -12 13.3125 -0.09375
v -11.25 13.3125 -0.09375
v -11.25 12.75 0.09375
v -11.25 13.3125 0.09375
v -12 12.75 0.09375
v -12 13.3125 0.09375
vt 0.5381774902343751 0.7992782592773438
vt 0.5850524902343751 0.7992782592773438
vt 0.5850524902343751 0.8344345092773438
vt 0.5381774902343751 0.8344345092773438
vt 0.146484375 0.2802734375
vt 0.158203125 0.2802734375
vt 0.158203125 0.3154296875
vt 0.146484375 0.3154296875
vt 0.263671875 0.8544921875
vt 0.310546875 0.8544921875
vt 0.310546875 0.8896484375
vt 0.263671875 0.8896484375
vt 0.158203125 0.2802734375
vt 0.169921875 0.2802734375
vt 0.169921875 0.3154296875
vt 0.158203125 0.3154296875
vt 0.357421875 0.6904296875
vt 0.310546875 0.6904296875
vt 0.310546875 0.6787109375
vt 0.357421875 0.6787109375
vt 0.357421875 0.6669921875
vt 0.310546875 0.6669921875
vt 0.310546875 0.6787109375
vt 0.357421875 0.6787109375
vn 0 0 -1
vn 1 0 0
vn 0 0 1
vn -1 0 0
vn 0 1 0
vn 0 -1 0
usemtl m_7c4fd87a-d0f1-9ad7-7479-aa72dea38889
f 1481/4441/1111 1482/4442/1111 1483/4443/1111 1484/4444/1111
f 1485/4445/1112 1481/4446/1112 1484/4447/1112 1486/4448/1112
f 1487/4449/1113 1485/4450/1113 1486/4451/1113 1488/4452/1113
f 1482/4453/1114 1487/4454/1114 1488/4455/1114 1483/4456/1114
f 1488/4457/1115 1486/4458/1115 1484/4459/1115 1483/4460/1115
f 1482/4461/1116 1481/4462/1116 1485/4463/1116 1487/4464/1116
o cube
v -7.5 12 -0.09375
v -8.8125 12 -0.09375
v -8.8125 12.5625 -0.09375
v -7.5 12.5625 -0.09375
v -7.5 12 0.09375
v -7.5 12.5625 0.09375
v -8.8125 12 0.09375
v -8.8125 12.5625 0.09375
vt 0.401592254638672 0.9403152465820312
vt 0.483623504638672 0.9403152465820312
vt 0.483623504638672 0.9754714965820312
vt 0.401592254638672 0.9754714965820312
vt 0.205078125 0.2919921875
vt 0.216796875 0.2919921875
vt 0.216796875 0.3271484375
vt 0.205078125 0.3271484375
vt 0.017578125 0.9248046875
vt 0.099609375 0.9248046875
vt 0.099609375 0.9599609375
vt 0.017578125 0.9599609375
vt 0.216796875 0.2919921875
vt 0.228515625 0.2919921875
vt 0.228515625 0.3271484375
vt 0.216796875 0.3271484375
vt 0.099609375 0.3623046875
vt 0.017578125 0.3623046875
vt 0.017578125 0.3505859375
vt 0.099609375 0.3505859375
vt 0.181640625 0.3505859375
vt 0.099609375 0.3505859375
vt 0.099609375 0.3623046875
vt 0.181640625 0.3623046875
vn 0 0 -1
vn 1 0 0
vn 0 0 1
vn -1 0 0
vn 0 1 0
vn 0 -1 0
usemtl m_7c4fd87a-d0f1-9ad7-7479-aa72dea38889
f 1489/4465/1117 1490/4466/1117 1491/4467/1117 1492/4468/1117
f 1493/4469/1118 1489/4470/1118 1492/4471/1118 1494/4472/1118
f 1495/4473/1119 1493/4474/1119 1494/4475/1119 1496/4476/1119
f 1490/4477/1120 1495/4478/1120 1496/4479/1120 1491/4480/1120
f 1496/4481/1121 1494/4482/1121 1492/4483/1121 1491/4484/1121
f 1490/4485/1122 1489/4486/1122 1493/4487/1122 1495/4488/1122
o cube
v -6 12 -0.09375
v -7.3125 12 -0.09375
v -7.3125 12.5625 -0.09375
v -6 12.5625 -0.09375
v -6 12 0.09375
v -6 12.5625 0.09375
v -7.3125 12 0.09375
v -7.3125 12.5625 0.09375
vt 0.401592254638672 0.7992782592773438
vt 0.483623504638672 0.7992782592773438
vt 0.483623504638672 0.8344345092773438
vt 0.401592254638672 0.8344345092773438
vt 0.228515625 0.2919921875
vt 0.240234375 0.2919921875
vt 0.240234375 0.3271484375
vt 0.228515625 0.3271484375
vt 0.017578125 0.8544921875
vt 0.099609375 0.8544921875
vt 0.099609375 0.8896484375
vt 0.017578125 0.8896484375
vt 0.240234375 0.2919921875
vt 0.251953125 0.2919921875
vt 0.251953125 0.3271484375
vt 0.240234375 0.3271484375
vt 0.263671875 0.3623046875
vt 0.181640625 0.3623046875
vt 0.181640625 0.3505859375
vt 0.263671875 0.3505859375
vt 0.345703125 0.3505859375
vt 0.263671875 0.3505859375
vt 0.263671875 0.3623046875
vt 0.345703125 0.3623046875
vn 0 0 -1
vn 1 0 0
vn 0 0 1
vn -1 0 0
vn 0 1 0
vn 0 -1 0
usemtl m_7c4fd87a-d0f1-9ad7-7479-aa72dea38889
f 1497/4489/1123 1498/4490/1123 1499/4491/1123 1500/4492/1123
f 1501/4493/1124 1497/4494/1124 1500/4495/1124 1502/4496/1124
f 1503/4497/1125 1501/4498/1125 1502/4499/1125 1504/4500/1125
f 1498/4501/1126 1503/4502/1126 1504/4503/1126 1499/4504/1126
f 1504/4505/1127 1502/4506/1127 1500/4507/1127 1499/4508/1127
f 1498/4509/1128 1497/4510/1128 1501/4511/1128 1503/4512/1128
o cube
v -9 12 -0.09375
v -10.3125 12 -0.09375
v -10.3125 12.5625 -0.09375
v -9 12.5625 -0.09375
v -9 12 0.09375
v -9 12.5625 0.09375
v -10.3125 12 0.09375
v -10.3125 12.5625 0.09375
vt 0.401592254638672 0.6582412719726562
vt 0.483623504638672 0.6582412719726562
vt 0.483623504638672 0.6933975219726562
vt 0.401592254638672 0.6933975219726562
vt 0.251953125 0.2919921875
vt 0.263671875 0.2919921875
vt 0.263671875 0.3271484375
vt 0.251953125 0.3271484375
vt 0.017578125 0.7841796875
vt 0.099609375 0.7841796875
vt 0.099609375 0.8193359375
vt 0.017578125 0.8193359375
vt 0.263671875 0.2919921875
vt 0.275390625 0.2919921875
vt 0.275390625 0.3271484375
vt 0.263671875 0.3271484375
vt 0.099609375 0.3505859375
vt 0.017578125 0.3505859375
vt 0.017578125 0.3388671875
vt 0.099609375 0.3388671875
vt 0.181640625 0.3388671875
vt 0.099609375 0.3388671875
vt 0.099609375 0.3505859375
vt 0.181640625 0.3505859375
vn 0 0 -1
vn 1 0 0
vn 0 0 1
vn -1 0 0
vn 0 1 0
vn 0 -1 0
usemtl m_7c4fd87a-d0f1-9ad7-7479-aa72dea38889
f 1505/4513/1129 1506/4514/1129 1507/4515/1129 1508/4516/1129
f 1509/4517/1130 1505/4518/1130 1508/4519/1130 1510/4520/1130
f 1511/4521/1131 1509/4522/1131 1510/4523/1131 1512/4524/1131
f 1506/4525/1132 1511/4526/1132 1512/4527/1132 1507/4528/1132
f 1512/4529/1133 1510/4530/1133 1508/4531/1133 1507/4532/1133
f 1506/4533/1134 1505/4534/1134 1509/4535/1134 1511/4536/1134
o cube
v -9.75 12.75 -0.09375
v -11.0625 12.75 -0.09375
v -11.0625 13.3125 -0.09375
v -9.75 13.3125 -0.09375
v -9.75 12.75 0.09375
v -9.75 13.3125 0.09375
v -11.0625 12.75 0.09375
v -11.0625 13.3125 0.09375
vt 0.401592254638672 0.5172042846679688
vt 0.483623504638672 0.5172042846679688
vt 0.483623504638672 0.5523605346679688
vt 0.401592254638672 0.5523605346679688
vt 0.275390625 0.2919921875
vt 0.287109375 0.2919921875
vt 0.287109375 0.3271484375
vt 0.275390625 0.3271484375
vt 0.017578125 0.7138671875
vt 0.099609375 0.7138671875
vt 0.099609375 0.7490234375
vt 0.017578125 0.7490234375
vt 0.287109375 0.2919921875
vt 0.298828125 0.2919921875
vt 0.298828125 0.3271484375
vt 0.287109375 0.3271484375
vt 0.263671875 0.3505859375
vt 0.181640625 0.3505859375
vt 0.181640625 0.3388671875
vt 0.263671875 0.3388671875
vt 0.345703125 0.3388671875
vt 0.263671875 0.3388671875
vt 0.263671875 0.3505859375
vt 0.345703125 0.3505859375
vn 0 0 -1
vn 1 0 0
vn 0 0 1
vn -1 0 0
vn 0 1 0
vn 0 -1 0
usemtl m_7c4fd87a-d0f1-9ad7-7479-aa72dea38889
f 1513/4537/1135 1514/4538/1135 1515/4539/1135 1516/4540/1135
f 1517/4541/1136 1513/4542/1136 1516/4543/1136 1518/4544/1136
f 1519/4545/1137 1517/4546/1137 1518/4547/1137 1520/4548/1137
f 1514/4549/1138 1519/4550/1138 1520/4551/1138 1515/4552/1138
f 1520/4553/1139 1518/4554/1139 1516/4555/1139 1515/4556/1139
f 1514/4557/1140 1513/4558/1140 1517/4559/1140 1519/4560/1140
o cube
v -10.5 12 -0.09375
v -11.8125 12 -0.09375
v -11.8125 12.5625 -0.09375
v -10.5 12.5625 -0.09375
v -10.5 12 0.09375
v -10.5 12.5625 0.09375
v -11.8125 12 0.09375
v -11.8125 12.5625 0.09375
vt 0.401592254638672 0.37616729736328125
vt 0.483623504638672 0.37616729736328125
vt 0.483623504638672 0.41132354736328125
vt 0.401592254638672 0.41132354736328125
vt 0.298828125 0.2919921875
vt 0.310546875 0.2919921875
vt 0.310546875 0.3271484375
vt 0.298828125 0.3271484375
vt 0.017578125 0.6435546875
vt 0.099609375 0.6435546875
vt 0.099609375 0.6787109375
vt 0.017578125 0.6787109375
vt 0.310546875 0.2919921875
vt 0.322265625 0.2919921875
vt 0.322265625 0.3271484375
vt 0.310546875 0.3271484375
vt 0.380859375 0.6435546875
vt 0.298828125 0.6435546875
vt 0.298828125 0.6318359375
vt 0.380859375 0.6318359375
vt 0.380859375 0.6201171875
vt 0.298828125 0.6201171875
vt 0.298828125 0.6318359375
vt 0.380859375 0.6318359375
vn 0 0 -1
vn 1 0 0
vn 0 0 1
vn -1 0 0
vn 0 1 0
vn 0 -1 0
usemtl m_7c4fd87a-d0f1-9ad7-7479-aa72dea38889
f 1521/4561/1141 1522/4562/1141 1523/4563/1141 1524/4564/1141
f 1525/4565/1142 1521/4566/1142 1524/4567/1142 1526/4568/1142
f 1527/4569/1143 1525/4570/1143 1526/4571/1143 1528/4572/1143
f 1522/4573/1144 1527/4574/1144 1528/4575/1144 1523/4576/1144
f 1528/4577/1145 1526/4578/1145 1524/4579/1145 1523/4580/1145
f 1522/4581/1146 1521/4582/1146 1525/4583/1146 1527/4584/1146
o cube
v -8.25 12.75 -0.09375
v -9.5625 12.75 -0.09375
v -9.5625 13.3125 -0.09375
v -8.25 13.3125 -0.09375
v -8.25 12.75 0.09375
v -8.25 13.3125 0.09375
v -9.5625 12.75 0.09375
v -9.5625 13.3125 0.09375
vt 0.401592254638672 0.23513031005859375
vt 0.483623504638672 0.23513031005859375
vt 0.483623504638672 0.27028656005859375
vt 0.401592254638672 0.27028656005859375
vt 0.322265625 0.2919921875
vt 0.333984375 0.2919921875
vt 0.333984375 0.3271484375
vt 0.322265625 0.3271484375
vt 0.017578125 0.5732421875
vt 0.099609375 0.5732421875
vt 0.099609375 0.6083984375
vt 0.017578125 0.6083984375
vt 0.017578125 0.2802734375
vt 0.029296875 0.2802734375
vt 0.029296875 0.3154296875
vt 0.017578125 0.3154296875
vt 0.380859375 0.6201171875
vt 0.298828125 0.6201171875
vt 0.298828125 0.6083984375
vt 0.380859375 0.6083984375
vt 0.380859375 0.5966796875
vt 0.298828125 0.5966796875
vt 0.298828125 0.6083984375
vt 0.380859375 0.6083984375
vn 0 0 -1
vn 1 0 0
vn 0 0 1
vn -1 0 0
vn 0 1 0
vn 0 -1 0
usemtl m_7c4fd87a-d0f1-9ad7-7479-aa72dea38889
f 1529/4585/1147 1530/4586/1147 1531/4587/1147 1532/4588/1147
f 1533/4589/1148 1529/4590/1148 1532/4591/1148 1534/4592/1148
f 1535/4593/1149 1533/4594/1149 1534/4595/1149 1536/4596/1149
f 1530/4597/1150 1535/4598/1150 1536/4599/1150 1531/4600/1150
f 1536/4601/1151 1534/4602/1151 1532/4603/1151 1531/4604/1151
f 1530/4605/1152 1529/4606/1152 1533/4607/1152 1535/4608/1152
o cube
v -6.75 12.75 -0.09375
v -8.0625 12.75 -0.09375
v -8.0625 13.3125 -0.09375
v -6.75 13.3125 -0.09375
v -6.75 12.75 0.09375
v -6.75 13.3125 0.09375
v -8.0625 12.75 0.09375
v -8.0625 13.3125 0.09375
vt 0.401592254638672 0.09409332275390625
vt 0.483623504638672 0.09409332275390625
vt 0.483623504638672 0.12924957275390625
vt 0.401592254638672 0.12924957275390625
vt 0.029296875 0.2802734375
vt 0.041015625 0.2802734375
vt 0.041015625 0.3154296875
vt 0.029296875 0.3154296875
vt 0.099609375 0.9599609375
vt 0.181640625 0.9599609375
vt 0.181640625 0.9951171875
vt 0.099609375 0.9951171875
vt 0.041015625 0.2802734375
vt 0.052734375 0.2802734375
vt 0.052734375 0.3154296875
vt 0.041015625 0.3154296875
vt 0.380859375 0.5966796875
vt 0.298828125 0.5966796875
vt 0.298828125 0.5849609375
vt 0.380859375 0.5849609375
vt 0.380859375 0.5732421875
vt 0.298828125 0.5732421875
vt 0.298828125 0.5849609375
vt 0.380859375 0.5849609375
vn 0 0 -1
vn 1 0 0
vn 0 0 1
vn -1 0 0
vn 0 1 0
vn 0 -1 0
usemtl m_7c4fd87a-d0f1-9ad7-7479-aa72dea38889
f 1537/4609/1153 1538/4610/1153 1539/4611/1153 1540/4612/1153
f 1541/4613/1154 1537/4614/1154 1540/4615/1154 1542/4616/1154
f 1543/4617/1155 1541/4618/1155 1542/4619/1155 1544/4620/1155
f 1538/4621/1156 1543/4622/1156 1544/4623/1156 1539/4624/1156
f 1544/4625/1157 1542/4626/1157 1540/4627/1157 1539/4628/1157
f 1538/4629/1158 1537/4630/1158 1541/4631/1158 1543/4632/1158
o cube
v -6 12.75 -0.09375
v -6.5625 12.75 -0.09375
v -6.5625 13.3125 -0.09375
v -6 13.3125 -0.09375
v -6 12.75 0.09375
v -6 13.3125 0.09375
v -6.5625 12.75 0.09375
v -6.5625 13.3125 0.09375
vt 0.5615921020507814 0.23513031005859375
vt 0.5967483520507814 0.23513031005859375
vt 0.5967483520507814 0.27028656005859375
vt 0.5615921020507814 0.27028656005859375
vt 0.052734375 0.2802734375
vt 0.064453125 0.2802734375
vt 0.064453125 0.3154296875
vt 0.052734375 0.3154296875
vt 0.263671875 0.5732421875
vt 0.298828125 0.5732421875
vt 0.298828125 0.6083984375
vt 0.263671875 0.6083984375
vt 0.064453125 0.2802734375
vt 0.076171875 0.2802734375
vt 0.076171875 0.3154296875
vt 0.064453125 0.3154296875
vt 0.111328125 0.3154296875
vt 0.076171875 0.3154296875
vt 0.076171875 0.3037109375
vt 0.111328125 0.3037109375
vt 0.146484375 0.3037109375
vt 0.111328125 0.3037109375
vt 0.111328125 0.3154296875
vt 0.146484375 0.3154296875
vn 0 0 -1
vn 1 0 0
vn 0 0 1
vn -1 0 0
vn 0 1 0
vn 0 -1 0
usemtl m_7c4fd87a-d0f1-9ad7-7479-aa72dea38889
f 1545/4633/1159 1546/4634/1159 1547/4635/1159 1548/4636/1159
f 1549/4637/1160 1545/4638/1160 1548/4639/1160 1550/4640/1160
f 1551/4641/1161 1549/4642/1161 1550/4643/1161 1552/4644/1161
f 1546/4645/1162 1551/4646/1162 1552/4647/1162 1547/4648/1162
f 1552/4649/1163 1550/4650/1163 1548/4651/1163 1547/4652/1163
f 1546/4653/1164 1545/4654/1164 1549/4655/1164 1551/4656/1164
o cube
v -6 13.5 -0.09375
v -7.3125 13.5 -0.09375
v -7.3125 14.0625 -0.09375
v -6 14.0625 -0.09375
v -6 13.5 0.09375
v -6 14.0625 0.09375
v -7.3125 13.5 0.09375
v -7.3125 14.0625 0.09375
vt 0.46793365478515636 0.8697967529296875
vt 0.5499649047851564 0.8697967529296875
vt 0.5499649047851564 0.9049530029296875
vt 0.46793365478515636 0.9049530029296875
vt 0.169921875 0.2802734375
vt 0.181640625 0.2802734375
vt 0.181640625 0.3154296875
vt 0.169921875 0.3154296875
vt 0.099609375 0.8896484375
vt 0.181640625 0.8896484375
vt 0.181640625 0.9248046875
vt 0.099609375 0.9248046875
vt 0.181640625 0.2802734375
vt 0.193359375 0.2802734375
vt 0.193359375 0.3154296875
vt 0.181640625 0.3154296875
vt 0.380859375 0.5732421875
vt 0.298828125 0.5732421875
vt 0.298828125 0.5615234375
vt 0.380859375 0.5615234375
vt 0.380859375 0.5498046875
vt 0.298828125 0.5498046875
vt 0.298828125 0.5615234375
vt 0.380859375 0.5615234375
vn 0 0 -1
vn 1 0 0
vn 0 0 1
vn -1 0 0
vn 0 1 0
vn 0 -1 0
usemtl m_7c4fd87a-d0f1-9ad7-7479-aa72dea38889
f 1553/4657/1165 1554/4658/1165 1555/4659/1165 1556/4660/1165
f 1557/4661/1166 1553/4662/1166 1556/4663/1166 1558/4664/1166
f 1559/4665/1167 1557/4666/1167 1558/4667/1167 1560/4668/1167
f 1554/4669/1168 1559/4670/1168 1560/4671/1168 1555/4672/1168
f 1560/4673/1169 1558/4674/1169 1556/4675/1169 1555/4676/1169
f 1554/4677/1170 1553/4678/1170 1557/4679/1170 1559/4680/1170
o cube
v -7.5 13.5 -0.09375
v -8.8125 13.5 -0.09375
v -8.8125 14.0625 -0.09375
v -7.5 14.0625 -0.09375
v -7.5 13.5 0.09375
v -7.5 14.0625 0.09375
v -8.8125 13.5 0.09375
v -8.8125 14.0625 0.09375
vt 0.46793365478515636 0.728759765625
vt 0.5499649047851564 0.728759765625
vt 0.5499649047851564 0.763916015625
vt 0.46793365478515636 0.763916015625
vt 0.193359375 0.2802734375
vt 0.205078125 0.2802734375
vt 0.205078125 0.3154296875
vt 0.193359375 0.3154296875
vt 0.099609375 0.8193359375
vt 0.181640625 0.8193359375
vt 0.181640625 0.8544921875
vt 0.099609375 0.8544921875
vt 0.333984375 0.2919921875
vt 0.345703125 0.2919921875
vt 0.345703125 0.3271484375
vt 0.333984375 0.3271484375
vt 0.380859375 0.5498046875
vt 0.298828125 0.5498046875
vt 0.298828125 0.5380859375
vt 0.380859375 0.5380859375
vt 0.380859375 0.5263671875
vt 0.298828125 0.5263671875
vt 0.298828125 0.5380859375
vt 0.380859375 0.5380859375
vn 0 0 -1
vn 1 0 0
vn 0 0 1
vn -1 0 0
vn 0 1 0
vn 0 -1 0
usemtl m_7c4fd87a-d0f1-9ad7-7479-aa72dea38889
f 1561/4681/1171 1562/4682/1171 1563/4683/1171 1564/4684/1171
f 1565/4685/1172 1561/4686/1172 1564/4687/1172 1566/4688/1172
f 1567/4689/1173 1565/4690/1173 1566/4691/1173 1568/4692/1173
f 1562/4693/1174 1567/4694/1174 1568/4695/1174 1563/4696/1174
f 1568/4697/1175 1566/4698/1175 1564/4699/1175 1563/4700/1175
f 1562/4701/1176 1561/4702/1176 1565/4703/1176 1567/4704/1176
o cube
v -9 13.5 -0.09375
v -10.3125 13.5 -0.09375
v -10.3125 14.0625 -0.09375
v -9 14.0625 -0.09375
v -9 13.5 0.09375
v -9 14.0625 0.09375
v -10.3125 13.5 0.09375
v -10.3125 14.0625 0.09375
vt 0.46793365478515636 0.5877227783203125
vt 0.5499649047851564 0.5877227783203125
vt 0.5499649047851564 0.6228790283203125
vt 0.46793365478515636 0.6228790283203125
vt 0.076171875 0.2685546875
vt 0.087890625 0.2685546875
vt 0.087890625 0.3037109375
vt 0.076171875 0.3037109375
vt 0.099609375 0.7490234375
vt 0.181640625 0.7490234375
vt 0.181640625 0.7841796875
vt 0.099609375 0.7841796875
vt 0.087890625 0.2685546875
vt 0.099609375 0.2685546875
vt 0.099609375 0.3037109375
vt 0.087890625 0.3037109375
vt 0.380859375 0.5263671875
vt 0.298828125 0.5263671875
vt 0.298828125 0.5146484375
vt 0.380859375 0.5146484375
vt 0.380859375 0.5029296875
vt 0.298828125 0.5029296875
vt 0.298828125 0.5146484375
vt 0.380859375 0.5146484375
vn 0 0 -1
vn 1 0 0
vn 0 0 1
vn -1 0 0
vn 0 1 0
vn 0 -1 0
usemtl m_7c4fd87a-d0f1-9ad7-7479-aa72dea38889
f 1569/4705/1177 1570/4706/1177 1571/4707/1177 1572/4708/1177
f 1573/4709/1178 1569/4710/1178 1572/4711/1178 1574/4712/1178
f 1575/4713/1179 1573/4714/1179 1574/4715/1179 1576/4716/1179
f 1570/4717/1180 1575/4718/1180 1576/4719/1180 1571/4720/1180
f 1576/4721/1181 1574/4722/1181 1572/4723/1181 1571/4724/1181
f 1570/4725/1182 1569/4726/1182 1573/4727/1182 1575/4728/1182
o cube
v -10.5 13.5 -0.09375
v -11.8125 13.5 -0.09375
v -11.8125 14.0625 -0.09375
v -10.5 14.0625 -0.09375
v -10.5 13.5 0.09375
v -10.5 14.0625 0.09375
v -11.8125 13.5 0.09375
v -11.8125 14.0625 0.09375
vt 0.46793365478515636 0.446685791015625
vt 0.5499649047851564 0.446685791015625
vt 0.5499649047851564 0.481842041015625
vt 0.46793365478515636 0.481842041015625
vt 0.099609375 0.2685546875
vt 0.111328125 0.2685546875
vt 0.111328125 0.3037109375
vt 0.099609375 0.3037109375
vt 0.099609375 0.6787109375
vt 0.181640625 0.6787109375
vt 0.181640625 0.7138671875
vt 0.099609375 0.7138671875
vt 0.111328125 0.2685546875
vt 0.123046875 0.2685546875
vt 0.123046875 0.3037109375
vt 0.111328125 0.3037109375
vt 0.380859375 0.5029296875
vt 0.298828125 0.5029296875
vt 0.298828125 0.4912109375
vt 0.380859375 0.4912109375
vt 0.380859375 0.4794921875
vt 0.298828125 0.4794921875
vt 0.298828125 0.4912109375
vt 0.380859375 0.4912109375
vn 0 0 -1
vn 1 0 0
vn 0 0 1
vn -1 0 0
vn 0 1 0
vn 0 -1 0
usemtl m_7c4fd87a-d0f1-9ad7-7479-aa72dea38889
f 1577/4729/1183 1578/4730/1183 1579/4731/1183 1580/4732/1183
f 1581/4733/1184 1577/4734/1184 1580/4735/1184 1582/4736/1184
f 1583/4737/1185 1581/4738/1185 1582/4739/1185 1584/4740/1185
f 1578/4741/1186 1583/4742/1186 1584/4743/1186 1579/4744/1186
f 1584/4745/1187 1582/4746/1187 1580/4747/1187 1579/4748/1187
f 1578/4749/1188 1577/4750/1188 1581/4751/1188 1583/4752/1188
o cube
v -11.25 14.25 -0.09375
v -12 14.25 -0.09375
v -12 14.8125 -0.09375
v -11.25 14.8125 -0.09375
v -11.25 14.25 0.09375
v -11.25 14.8125 0.09375
v -12 14.25 0.09375
v -12 14.8125 0.09375
vt 0.5381774902343751 0.6582412719726562
vt 0.5850524902343751 0.6582412719726562
vt 0.5850524902343751 0.6933975219726562
vt 0.5381774902343751 0.6933975219726562
vt 0.123046875 0.2685546875
vt 0.134765625 0.2685546875
vt 0.134765625 0.3037109375
vt 0.123046875 0.3037109375
vt 0.263671875 0.7841796875
vt 0.310546875 0.7841796875
vt 0.310546875 0.8193359375
vt 0.263671875 0.8193359375
vt 0.134765625 0.2685546875
vt 0.146484375 0.2685546875
vt 0.146484375 0.3037109375
vt 0.134765625 0.3037109375
vt 0.357421875 0.6669921875
vt 0.310546875 0.6669921875
vt 0.310546875 0.6552734375
vt 0.357421875 0.6552734375
vt 0.357421875 0.6435546875
vt 0.310546875 0.6435546875
vt 0.310546875 0.6552734375
vt 0.357421875 0.6552734375
vn 0 0 -1
vn 1 0 0
vn 0 0 1
vn -1 0 0
vn 0 1 0
vn 0 -1 0
usemtl m_7c4fd87a-d0f1-9ad7-7479-aa72dea38889
f 1585/4753/1189 1586/4754/1189 1587/4755/1189 1588/4756/1189
f 1589/4757/1190 1585/4758/1190 1588/4759/1190 1590/4760/1190
f 1591/4761/1191 1589/4762/1191 1590/4763/1191 1592/4764/1191
f 1586/4765/1192 1591/4766/1192 1592/4767/1192 1587/4768/1192
f 1592/4769/1193 1590/4770/1193 1588/4771/1193 1587/4772/1193
f 1586/4773/1194 1585/4774/1194 1589/4775/1194 1591/4776/1194
o cube
v -9.75 14.25 -0.09375
v -11.0625 14.25 -0.09375
v -11.0625 14.8125 -0.09375
v -9.75 14.8125 -0.09375
v -9.75 14.25 0.09375
v -9.75 14.8125 0.09375
v -11.0625 14.25 0.09375
v -11.0625 14.8125 0.09375
vt 0.46793365478515636 0.3056488037109375
vt 0.5499649047851564 0.3056488037109375
vt 0.5499649047851564 0.3408050537109375
vt 0.46793365478515636 0.3408050537109375
vt 0.345703125 0.9599609375
vt 0.357421875 0.9599609375
vt 0.357421875 0.9951171875
vt 0.345703125 0.9951171875
vt 0.099609375 0.6083984375
vt 0.181640625 0.6083984375
vt 0.181640625 0.6435546875
vt 0.099609375 0.6435546875
vt 0.345703125 0.9248046875
vt 0.357421875 0.9248046875
vt 0.357421875 0.9599609375
vt 0.345703125 0.9599609375
vt 0.380859375 0.4794921875
vt 0.298828125 0.4794921875
vt 0.298828125 0.4677734375
vt 0.380859375 0.4677734375
vt 0.380859375 0.4560546875
vt 0.298828125 0.4560546875
vt 0.298828125 0.4677734375
vt 0.380859375 0.4677734375
vn 0 0 -1
vn 1 0 0
vn 0 0 1
vn -1 0 0
vn 0 1 0
vn 0 -1 0
usemtl m_7c4fd87a-d0f1-9ad7-7479-aa72dea38889
f 1593/4777/1195 1594/4778/1195 1595/4779/1195 1596/4780/1195
f 1597/4781/1196 1593/4782/1196 1596/4783/1196 1598/4784/1196
f 1599/4785/1197 1597/4786/1197 1598/4787/1197 1600/4788/1197
f 1594/4789/1198 1599/4790/1198 1600/4791/1198 1595/4792/1198
f 1600/4793/1199 1598/4794/1199 1596/4795/1199 1595/4796/1199
f 1594/4797/1200 1593/4798/1200 1597/4799/1200 1599/4800/1200
o cube
v -8.25 14.25 -0.09375
v -9.5625 14.25 -0.09375
v -9.5625 14.8125 -0.09375
v -8.25 14.8125 -0.09375
v -8.25 14.25 0.09375
v -8.25 14.8125 0.09375
v -9.5625 14.25 0.09375
v -9.5625 14.8125 0.09375
vt 0.46793365478515636 0.16461181640625
vt 0.5499649047851564 0.16461181640625
vt 0.5499649047851564 0.19976806640625
vt 0.46793365478515636 0.19976806640625
vt 0.345703125 0.3271484375
vt 0.357421875 0.3271484375
vt 0.357421875 0.3623046875
vt 0.345703125 0.3623046875
vt 0.099609375 0.5380859375
vt 0.181640625 0.5380859375
vt 0.181640625 0.5732421875
vt 0.099609375 0.5732421875
vt 0.345703125 0.2919921875
vt 0.357421875 0.2919921875
vt 0.357421875 0.3271484375
vt 0.345703125 0.3271484375
vt 0.380859375 0.4560546875
vt 0.298828125 0.4560546875
vt 0.298828125 0.4443359375
vt 0.380859375 0.4443359375
vt 0.380859375 0.4326171875
vt 0.298828125 0.4326171875
vt 0.298828125 0.4443359375
vt 0.380859375 0.4443359375
vn 0 0 -1
vn 1 0 0
vn 0 0 1
vn -1 0 0
vn 0 1 0
vn 0 -1 0
usemtl m_7c4fd87a-d0f1-9ad7-7479-aa72dea38889
f 1601/4801/1201 1602/4802/1201 1603/4803/1201 1604/4804/1201
f 1605/4805/1202 1601/4806/1202 1604/4807/1202 1606/4808/1202
f 1607/4809/1203 1605/4810/1203 1606/4811/1203 1608/4812/1203
f 1602/4813/1204 1607/4814/1204 1608/4815/1204 1603/4816/1204
f 1608/4817/1205 1606/4818/1205 1604/4819/1205 1603/4820/1205
f 1602/4821/1206 1601/4822/1206 1605/4823/1206 1607/4824/1206
o cube
v -6.75 14.25 -0.09375
v -8.0625 14.25 -0.09375
v -8.0625 14.8125 -0.09375
v -6.75 14.8125 -0.09375
v -6.75 14.25 0.09375
v -6.75 14.8125 0.09375
v -8.0625 14.25 0.09375
v -8.0625 14.8125 0.09375
vt 0.401592254638672 0.04708099365234375
vt 0.483623504638672 0.04708099365234375
vt 0.483623504638672 0.08223724365234375
vt 0.401592254638672 0.08223724365234375
vt 0.205078125 0.2568359375
vt 0.216796875 0.2568359375
vt 0.216796875 0.2919921875
vt 0.205078125 0.2919921875
vt 0.099609375 0.5029296875
vt 0.181640625 0.5029296875
vt 0.181640625 0.5380859375
vt 0.099609375 0.5380859375
vt 0.216796875 0.2568359375
vt 0.228515625 0.2568359375
vt 0.228515625 0.2919921875
vt 0.216796875 0.2919921875
vt 0.380859375 0.4326171875
vt 0.298828125 0.4326171875
vt 0.298828125 0.4208984375
vt 0.380859375 0.4208984375
vt 0.380859375 0.4091796875
vt 0.298828125 0.4091796875
vt 0.298828125 0.4208984375
vt 0.380859375 0.4208984375
vn 0 0 -1
vn 1 0 0
vn 0 0 1
vn -1 0 0
vn 0 1 0
vn 0 -1 0
usemtl m_7c4fd87a-d0f1-9ad7-7479-aa72dea38889
f 1609/4825/1207 1610/4826/1207 1611/4827/1207 1612/4828/1207
f 1613/4829/1208 1609/4830/1208 1612/4831/1208 1614/4832/1208
f 1615/4833/1209 1613/4834/1209 1614/4835/1209 1616/4836/1209
f 1610/4837/1210 1615/4838/1210 1616/4839/1210 1611/4840/1210
f 1616/4841/1211 1614/4842/1211 1612/4843/1211 1611/4844/1211
f 1610/4845/1212 1609/4846/1212 1613/4847/1212 1615/4848/1212
o cube
v -6 14.25 -0.09375
v -6.5625 14.25 -0.09375
v -6.5625 14.8125 -0.09375
v -6 14.8125 -0.09375
v -6 14.25 0.09375
v -6 14.8125 0.09375
v -6.5625 14.25 0.09375
v -6.5625 14.8125 0.09375
vt 0.5615921020507814 0.09409332275390625
vt 0.5967483520507814 0.09409332275390625
vt 0.5967483520507814 0.12924957275390625
vt 0.5615921020507814 0.12924957275390625
vt 0.228515625 0.2568359375
vt 0.240234375 0.2568359375
vt 0.240234375 0.2919921875
vt 0.228515625 0.2919921875
vt 0.263671875 0.5029296875
vt 0.298828125 0.5029296875
vt 0.298828125 0.5380859375
vt 0.263671875 0.5380859375
vt 0.240234375 0.2568359375
vt 0.251953125 0.2568359375
vt 0.251953125 0.2919921875
vt 0.240234375 0.2919921875
vt 0.287109375 0.2919921875
vt 0.251953125 0.2919921875
vt 0.251953125 0.2802734375
vt 0.287109375 0.2802734375
vt 0.322265625 0.2802734375
vt 0.287109375 0.2802734375
vt 0.287109375 0.2919921875
vt 0.322265625 0.2919921875
vn 0 0 -1
vn 1 0 0
vn 0 0 1
vn -1 0 0
vn 0 1 0
vn 0 -1 0
usemtl m_7c4fd87a-d0f1-9ad7-7479-aa72dea38889
f 1617/4849/1213 1618/4850/1213 1619/4851/1213 1620/4852/1213
f 1621/4853/1214 1617/4854/1214 1620/4855/1214 1622/4856/1214
f 1623/4857/1215 1621/4858/1215 1622/4859/1215 1624/4860/1215
f 1618/4861/1216 1623/4862/1216 1624/4863/1216 1619/4864/1216
f 1624/4865/1217 1622/4866/1217 1620/4867/1217 1619/4868/1217
f 1618/4869/1218 1617/4870/1218 1621/4871/1218 1623/4872/1218
o cube
v -10.5 15 -0.09375
v -11.8125 15 -0.09375
v -11.8125 15.5625 -0.09375
v -10.5 15.5625 -0.09375
v -10.5 15 0.09375
v -10.5 15.5625 0.09375
v -11.8125 15 0.09375
v -11.8125 15.5625 0.09375
vt 0.401592254638672 0.04708099365234375
vt 0.483623504638672 0.04708099365234375
vt 0.483623504638672 0.08223724365234375
vt 0.401592254638672 0.08223724365234375
vt 0.322265625 0.2568359375
vt 0.333984375 0.2568359375
vt 0.333984375 0.2919921875
vt 0.322265625 0.2919921875
vt 0.099609375 0.4677734375
vt 0.181640625 0.4677734375
vt 0.181640625 0.5029296875
vt 0.099609375 0.5029296875
vt 0.333984375 0.2568359375
vt 0.345703125 0.2568359375
vt 0.345703125 0.2919921875
vt 0.333984375 0.2919921875
vt 0.380859375 0.4091796875
vt 0.298828125 0.4091796875
vt 0.298828125 0.3974609375
vt 0.380859375 0.3974609375
vt 0.380859375 0.3857421875
vt 0.298828125 0.3857421875
vt 0.298828125 0.3974609375
vt 0.380859375 0.3974609375
vn 0 0 -1
vn 1 0 0
vn 0 0 1
vn -1 0 0
vn 0 1 0
vn 0 -1 0
usemtl m_7c4fd87a-d0f1-9ad7-7479-aa72dea38889
f 1625/4873/1219 1626/4874/1219 1627/4875/1219 1628/4876/1219
f 1629/4877/1220 1625/4878/1220 1628/4879/1220 1630/4880/1220
f 1631/4881/1221 1629/4882/1221 1630/4883/1221 1632/4884/1221
f 1626/4885/1222 1631/4886/1222 1632/4887/1222 1627/4888/1222
f 1632/4889/1223 1630/4890/1223 1628/4891/1223 1627/4892/1223
f 1626/4893/1224 1625/4894/1224 1629/4895/1224 1631/4896/1224
o cube
v -9 15 -0.09375
v -10.3125 15 -0.09375
v -10.3125 15.5625 -0.09375
v -9 15.5625 -0.09375
v -9 15 0.09375
v -9 15.5625 0.09375
v -10.3125 15 0.09375
v -10.3125 15.5625 0.09375
vt 0.401592254638672 0.04708099365234375
vt 0.483623504638672 0.04708099365234375
vt 0.483623504638672 0.08223724365234375
vt 0.401592254638672 0.08223724365234375
vt 0.345703125 0.2568359375
vt 0.357421875 0.2568359375
vt 0.357421875 0.2919921875
vt 0.345703125 0.2919921875
vt 0.099609375 0.4326171875
vt 0.181640625 0.4326171875
vt 0.181640625 0.4677734375
vt 0.099609375 0.4677734375
vt 0.357421875 0.9599609375
vt 0.369140625 0.9599609375
vt 0.369140625 0.9951171875
vt 0.357421875 0.9951171875
vt 0.380859375 0.3857421875
vt 0.298828125 0.3857421875
vt 0.298828125 0.3740234375
vt 0.380859375 0.3740234375
vt 0.380859375 0.3623046875
vt 0.298828125 0.3623046875
vt 0.298828125 0.3740234375
vt 0.380859375 0.3740234375
vn 0 0 -1
vn 1 0 0
vn 0 0 1
vn -1 0 0
vn 0 1 0
vn 0 -1 0
usemtl m_7c4fd87a-d0f1-9ad7-7479-aa72dea38889
f 1633/4897/1225 1634/4898/1225 1635/4899/1225 1636/4900/1225
f 1637/4901/1226 1633/4902/1226 1636/4903/1226 1638/4904/1226
f 1639/4905/1227 1637/4906/1227 1638/4907/1227 1640/4908/1227
f 1634/4909/1228 1639/4910/1228 1640/4911/1228 1635/4912/1228
f 1640/4913/1229 1638/4914/1229 1636/4915/1229 1635/4916/1229
f 1634/4917/1230 1633/4918/1230 1637/4919/1230 1639/4920/1230
o cube
v -7.5 15 -0.09375
v -8.8125 15 -0.09375
v -8.8125 15.5625 -0.09375
v -7.5 15.5625 -0.09375
v -7.5 15 0.09375
v -7.5 15.5625 0.09375
v -8.8125 15 0.09375
v -8.8125 15.5625 0.09375
vt 0.46793365478515636 0.9403152465820312
vt 0.5499649047851564 0.9403152465820312
vt 0.5499649047851564 0.9754714965820312
vt 0.46793365478515636 0.9754714965820312
vt 0.357421875 0.9248046875
vt 0.369140625 0.9248046875
vt 0.369140625 0.9599609375
vt 0.357421875 0.9599609375
vt 0.181640625 0.9248046875
vt 0.263671875 0.9248046875
vt 0.263671875 0.9599609375
vt 0.181640625 0.9599609375
vt 0.357421875 0.6552734375
vt 0.369140625 0.6552734375
vt 0.369140625 0.6904296875
vt 0.357421875 0.6904296875
vt 0.099609375 0.3388671875
vt 0.017578125 0.3388671875
vt 0.017578125 0.3271484375
vt 0.099609375 0.3271484375
vt 0.181640625 0.3271484375
vt 0.099609375 0.3271484375
vt 0.099609375 0.3388671875
vt 0.181640625 0.3388671875
vn 0 0 -1
vn 1 0 0
vn 0 0 1
vn -1 0 0
vn 0 1 0
vn 0 -1 0
usemtl m_7c4fd87a-d0f1-9ad7-7479-aa72dea38889
f 1641/4921/1231 1642/4922/1231 1643/4923/1231 1644/4924/1231
f 1645/4925/1232 1641/4926/1232 1644/4927/1232 1646/4928/1232
f 1647/4929/1233 1645/4930/1233 1646/4931/1233 1648/4932/1233
f 1642/4933/1234 1647/4934/1234 1648/4935/1234 1643/4936/1234
f 1648/4937/1235 1646/4938/1235 1644/4939/1235 1643/4940/1235
f 1642/4941/1236 1641/4942/1236 1645/4943/1236 1647/4944/1236
o cube
v -6 15 -0.09375
v -7.3125 15 -0.09375
v -7.3125 15.5625 -0.09375
v -6 15.5625 -0.09375
v -6 15 0.09375
v -6 15.5625 0.09375
v -7.3125 15 0.09375
v -7.3125 15.5625 0.09375
vt 0.46793365478515636 0.7992782592773438
vt 0.5499649047851564 0.7992782592773438
vt 0.5499649047851564 0.8344345092773438
vt 0.46793365478515636 0.8344345092773438
vt 0.357421875 0.3271484375
vt 0.369140625 0.3271484375
vt 0.369140625 0.3623046875
vt 0.357421875 0.3623046875
vt 0.181640625 0.8544921875
vt 0.263671875 0.8544921875
vt 0.263671875 0.8896484375
vt 0.181640625 0.8896484375
vt 0.357421875 0.2919921875
vt 0.369140625 0.2919921875
vt 0.369140625 0.3271484375
vt 0.357421875 0.3271484375
vt 0.263671875 0.3388671875
vt 0.181640625 0.3388671875
vt 0.181640625 0.3271484375
vt 0.263671875 0.3271484375
vt 0.345703125 0.3271484375
vt 0.263671875 0.3271484375
vt 0.263671875 0.3388671875
vt 0.345703125 0.3388671875
vn 0 0 -1
vn 1 0 0
vn 0 0 1
vn -1 0 0
vn 0 1 0
vn 0 -1 0
usemtl m_7c4fd87a-d0f1-9ad7-7479-aa72dea38889
f 1649/4945/1237 1650/4946/1237 1651/4947/1237 1652/4948/1237
f 1653/4949/1238 1649/4950/1238 1652/4951/1238 1654/4952/1238
f 1655/4953/1239 1653/4954/1239 1654/4955/1239 1656/4956/1239
f 1650/4957/1240 1655/4958/1240 1656/4959/1240 1651/4960/1240
f 1656/4961/1241 1654/4962/1241 1652/4963/1241 1651/4964/1241
f 1650/4965/1242 1649/4966/1242 1653/4967/1242 1655/4968/1242
o cube
v -11.25 15.75 -0.09375
v -12 15.75 -0.09375
v -12 16.3125 -0.09375
v -11.25 16.3125 -0.09375
v -11.25 15.75 0.09375
v -11.25 16.3125 0.09375
v -12 15.75 0.09375
v -12 16.3125 0.09375
vt 0.5381774902343751 0.5172042846679688
vt 0.5850524902343751 0.5172042846679688
vt 0.5850524902343751 0.5523605346679688
vt 0.5381774902343751 0.5523605346679688
vt 0.357421875 0.2568359375
vt 0.369140625 0.2568359375
vt 0.369140625 0.2919921875
vt 0.357421875 0.2919921875
vt 0.263671875 0.7138671875
vt 0.310546875 0.7138671875
vt 0.310546875 0.7490234375
vt 0.263671875 0.7490234375
vt 0.017578125 0.2451171875
vt 0.029296875 0.2451171875
vt 0.029296875 0.2802734375
vt 0.017578125 0.2802734375
vt 0.064453125 0.3271484375
vt 0.017578125 0.3271484375
vt 0.017578125 0.3154296875
vt 0.064453125 0.3154296875
vt 0.111328125 0.3154296875
vt 0.064453125 0.3154296875
vt 0.064453125 0.3271484375
vt 0.111328125 0.3271484375
vn 0 0 -1
vn 1 0 0
vn 0 0 1
vn -1 0 0
vn 0 1 0
vn 0 -1 0
usemtl m_7c4fd87a-d0f1-9ad7-7479-aa72dea38889
f 1657/4969/1243 1658/4970/1243 1659/4971/1243 1660/4972/1243
f 1661/4973/1244 1657/4974/1244 1660/4975/1244 1662/4976/1244
f 1663/4977/1245 1661/4978/1245 1662/4979/1245 1664/4980/1245
f 1658/4981/1246 1663/4982/1246 1664/4983/1246 1659/4984/1246
f 1664/4985/1247 1662/4986/1247 1660/4987/1247 1659/4988/1247
f 1658/4989/1248 1657/4990/1248 1661/4991/1248 1663/4992/1248
o cube
v -9.75 15.75 -0.09375
v -11.0625 15.75 -0.09375
v -11.0625 16.3125 -0.09375
v -9.75 16.3125 -0.09375
v -9.75 15.75 0.09375
v -9.75 16.3125 0.09375
v -11.0625 15.75 0.09375
v -11.0625 16.3125 0.09375
vt 0.12125396728515636 0.8057022094726562
vt 0.20328521728515636 0.8057022094726562
vt 0.20328521728515636 0.8408584594726562
vt 0.12125396728515636 0.8408584594726562
vt 0.029296875 0.2451171875
vt 0.041015625 0.2451171875
vt 0.041015625 0.2802734375
vt 0.029296875 0.2802734375
vt 0.181640625 0.7841796875
vt 0.263671875 0.7841796875
vt 0.263671875 0.8193359375
vt 0.181640625 0.8193359375
vt 0.041015625 0.2451171875
vt 0.052734375 0.2451171875
vt 0.052734375 0.2802734375
vt 0.041015625 0.2802734375
vt 0.392578125 0.9248046875
vt 0.310546875 0.9248046875
vt 0.310546875 0.9130859375
vt 0.392578125 0.9130859375
vt 0.392578125 0.9013671875
vt 0.310546875 0.9013671875
vt 0.310546875 0.9130859375
vt 0.392578125 0.9130859375
vn 0 0 -1
vn 1 0 0
vn 0 0 1
vn -1 0 0
vn 0 1 0
vn 0 -1 0
usemtl m_7c4fd87a-d0f1-9ad7-7479-aa72dea38889
f 1665/4993/1249 1666/4994/1249 1667/4995/1249 1668/4996/1249
f 1669/4997/1250 1665/4998/1250 1668/4999/1250 1670/5000/1250
f 1671/5001/1251 1669/5002/1251 1670/5003/1251 1672/5004/1251
f 1666/5005/1252 1671/5006/1252 1672/5007/1252 1667/5008/1252
f 1672/5009/1253 1670/5010/1253 1668/5011/1253 1667/5012/1253
f 1666/5013/1254 1665/5014/1254 1669/5015/1254 1671/5016/1254
o cube
v -8.25 15.75 -0.09375
v -9.5625 15.75 -0.09375
v -9.5625 16.3125 -0.09375
v -8.25 16.3125 -0.09375
v -8.25 15.75 0.09375
v -8.25 16.3125 0.09375
v -9.5625 15.75 0.09375
v -9.5625 16.3125 0.09375
vt 0.35172271728515636 0.21739959716796875
vt 0.43375396728515636 0.21739959716796875
vt 0.43375396728515636 0.25255584716796875
vt 0.35172271728515636 0.25255584716796875
vt 0.052734375 0.2451171875
vt 0.064453125 0.2451171875
vt 0.064453125 0.2802734375
vt 0.052734375 0.2802734375
vt 0.181640625 0.7138671875
vt 0.263671875 0.7138671875
vt 0.263671875 0.7490234375
vt 0.181640625 0.7490234375
vt 0.064453125 0.2451171875
vt 0.076171875 0.2451171875
vt 0.076171875 0.2802734375
vt 0.064453125 0.2802734375
vt 0.392578125 0.9013671875
vt 0.310546875 0.9013671875
vt 0.310546875 0.8896484375
vt 0.392578125 0.8896484375
vt 0.392578125 0.8779296875
vt 0.310546875 0.8779296875
vt 0.310546875 0.8896484375
vt 0.392578125 0.8896484375
vn 0 0 -1
vn 1 0 0
vn 0 0 1
vn -1 0 0
vn 0 1 0
vn 0 -1 0
usemtl m_7c4fd87a-d0f1-9ad7-7479-aa72dea38889
f 1673/5017/1255 1674/5018/1255 1675/5019/1255 1676/5020/1255
f 1677/5021/1256 1673/5022/1256 1676/5023/1256 1678/5024/1256
f 1679/5025/1257 1677/5026/1257 1678/5027/1257 1680/5028/1257
f 1674/5029/1258 1679/5030/1258 1680/5031/1258 1675/5032/1258
f 1680/5033/1259 1678/5034/1259 1676/5035/1259 1675/5036/1259
f 1674/5037/1260 1673/5038/1260 1677/5039/1260 1679/5040/1260
o cube
v -6.75 15.75 -0.09375
v -8.0625 15.75 -0.09375
v -8.0625 16.3125 -0.09375
v -6.75 16.3125 -0.09375
v -6.75 15.75 0.09375
v -6.75 16.3125 0.09375
v -8.0625 15.75 0.09375
v -8.0625 16.3125 0.09375
vt 0.5372695922851564 0.7287063598632812
vt 0.6193008422851564 0.7287063598632812
vt 0.6193008422851564 0.7638626098632812
vt 0.5372695922851564 0.7638626098632812
vt 0.146484375 0.2451171875
vt 0.158203125 0.2451171875
vt 0.158203125 0.2802734375
vt 0.146484375 0.2802734375
vt 0.181640625 0.6435546875
vt 0.263671875 0.6435546875
vt 0.263671875 0.6787109375
vt 0.181640625 0.6787109375
vt 0.158203125 0.2451171875
vt 0.169921875 0.2451171875
vt 0.169921875 0.2802734375
vt 0.158203125 0.2802734375
vt 0.392578125 0.8779296875
vt 0.310546875 0.8779296875
vt 0.310546875 0.8662109375
vt 0.392578125 0.8662109375
vt 0.392578125 0.8544921875
vt 0.310546875 0.8544921875
vt 0.310546875 0.8662109375
vt 0.392578125 0.8662109375
vn 0 0 -1
vn 1 0 0
vn 0 0 1
vn -1 0 0
vn 0 1 0
vn 0 -1 0
usemtl m_7c4fd87a-d0f1-9ad7-7479-aa72dea38889
f 1681/5041/1261 1682/5042/1261 1683/5043/1261 1684/5044/1261
f 1685/5045/1262 1681/5046/1262 1684/5047/1262 1686/5048/1262
f 1687/5049/1263 1685/5050/1263 1686/5051/1263 1688/5052/1263
f 1682/5053/1264 1687/5054/1264 1688/5055/1264 1683/5056/1264
f 1688/5057/1265 1686/5058/1265 1684/5059/1265 1683/5060/1265
f 1682/5061/1266 1681/5062/1266 1685/5063/1266 1687/5064/1266
o cube
v -6 15.75 -0.09375
v -6.5625 15.75 -0.09375
v -6.5625 16.3125 -0.09375
v -6 16.3125 -0.09375
v -6 15.75 0.09375
v -6 16.3125 0.09375
v -6.5625 15.75 0.09375
v -6.5625 16.3125 0.09375
vt 0.5615921020507814 0.04708099365234375
vt 0.5967483520507814 0.04708099365234375
vt 0.5967483520507814 0.08223724365234375
vt 0.5615921020507814 0.08223724365234375
vt 0.169921875 0.2451171875
vt 0.181640625 0.2451171875
vt 0.181640625 0.2802734375
vt 0.169921875 0.2802734375
vt 0.263671875 0.4326171875
vt 0.298828125 0.4326171875
vt 0.298828125 0.4677734375
vt 0.263671875 0.4677734375
vt 0.181640625 0.2451171875
vt 0.193359375 0.2451171875
vt 0.193359375 0.2802734375
vt 0.181640625 0.2802734375
vt 0.392578125 0.6552734375
vt 0.357421875 0.6552734375
vt 0.357421875 0.6435546875
vt 0.392578125 0.6435546875
vt 0.287109375 0.2685546875
vt 0.251953125 0.2685546875
vt 0.251953125 0.2802734375
vt 0.287109375 0.2802734375
vn 0 0 -1
vn 1 0 0
vn 0 0 1
vn -1 0 0
vn 0 1 0
vn 0 -1 0
usemtl m_7c4fd87a-d0f1-9ad7-7479-aa72dea38889
f 1689/5065/1267 1690/5066/1267 1691/5067/1267 1692/5068/1267
f 1693/5069/1268 1689/5070/1268 1692/5071/1268 1694/5072/1268
f 1695/5073/1269 1693/5074/1269 1694/5075/1269 1696/5076/1269
f 1690/5077/1270 1695/5078/1270 1696/5079/1270 1691/5080/1270
f 1696/5081/1271 1694/5082/1271 1692/5083/1271 1691/5084/1271
f 1690/5085/1272 1689/5086/1272 1693/5087/1272 1695/5088/1272
o cube
v -10.5 16.5 -0.09375
v -11.8125 16.5 -0.09375
v -11.8125 17.0625 -0.09375
v -10.5 17.0625 -0.09375
v -10.5 16.5 0.09375
v -10.5 17.0625 0.09375
v -11.8125 16.5 0.09375
v -11.8125 17.0625 0.09375
vt 0.46793365478515636 0.23513031005859375
vt 0.5499649047851564 0.23513031005859375
vt 0.5499649047851564 0.27028656005859375
vt 0.46793365478515636 0.27028656005859375
vt 0.193359375 0.2451171875
vt 0.205078125 0.2451171875
vt 0.205078125 0.2802734375
vt 0.193359375 0.2802734375
vt 0.181640625 0.5732421875
vt 0.263671875 0.5732421875
vt 0.263671875 0.6083984375
vt 0.181640625 0.6083984375
vt 0.287109375 0.2451171875
vt 0.298828125 0.2451171875
vt 0.298828125 0.2802734375
vt 0.287109375 0.2802734375
vt 0.392578125 0.8544921875
vt 0.310546875 0.8544921875
vt 0.310546875 0.8427734375
vt 0.392578125 0.8427734375
vt 0.392578125 0.8310546875
vt 0.310546875 0.8310546875
vt 0.310546875 0.8427734375
vt 0.392578125 0.8427734375
vn 0 0 -1
vn 1 0 0
vn 0 0 1
vn -1 0 0
vn 0 1 0
vn 0 -1 0
usemtl m_7c4fd87a-d0f1-9ad7-7479-aa72dea38889
f 1697/5089/1273 1698/5090/1273 1699/5091/1273 1700/5092/1273
f 1701/5093/1274 1697/5094/1274 1700/5095/1274 1702/5096/1274
f 1703/5097/1275 1701/5098/1275 1702/5099/1275 1704/5100/1275
f 1698/5101/1276 1703/5102/1276 1704/5103/1276 1699/5104/1276
f 1704/5105/1277 1702/5106/1277 1700/5107/1277 1699/5108/1277
f 1698/5109/1278 1697/5110/1278 1701/5111/1278 1703/5112/1278
o cube
v -9 16.5 -0.09375
v -10.3125 16.5 -0.09375
v -10.3125 17.0625 -0.09375
v -9 17.0625 -0.09375
v -9 16.5 0.09375
v -9 17.0625 0.09375
v -10.3125 16.5 0.09375
v -10.3125 17.0625 0.09375
vt 0.46793365478515636 0.09409332275390625
vt 0.5499649047851564 0.09409332275390625
vt 0.5499649047851564 0.12924957275390625
vt 0.46793365478515636 0.12924957275390625
vt 0.298828125 0.2451171875
vt 0.310546875 0.2451171875
vt 0.310546875 0.2802734375
vt 0.298828125 0.2802734375
vt 0.181640625 0.5029296875
vt 0.263671875 0.5029296875
vt 0.263671875 0.5380859375
vt 0.181640625 0.5380859375
vt 0.310546875 0.2451171875
vt 0.322265625 0.2451171875
vt 0.322265625 0.2802734375
vt 0.310546875 0.2802734375
vt 0.392578125 0.8310546875
vt 0.310546875 0.8310546875
vt 0.310546875 0.8193359375
vt 0.392578125 0.8193359375
vt 0.392578125 0.8076171875
vt 0.310546875 0.8076171875
vt 0.310546875 0.8193359375
vt 0.392578125 0.8193359375
vn 0 0 -1
vn 1 0 0
vn 0 0 1
vn -1 0 0
vn 0 1 0
vn 0 -1 0
usemtl m_7c4fd87a-d0f1-9ad7-7479-aa72dea38889
f 1705/5113/1279 1706/5114/1279 1707/5115/1279 1708/5116/1279
f 1709/5117/1280 1705/5118/1280 1708/5119/1280 1710/5120/1280
f 1711/5121/1281 1709/5122/1281 1710/5123/1281 1712/5124/1281
f 1706/5125/1282 1711/5126/1282 1712/5127/1282 1707/5128/1282
f 1712/5129/1283 1710/5130/1283 1708/5131/1283 1707/5132/1283
f 1706/5133/1284 1705/5134/1284 1709/5135/1284 1711/5136/1284
o cube
v -7.5 16.5 -0.09375
v -8.8125 16.5 -0.09375
v -8.8125 17.0625 -0.09375
v -7.5 17.0625 -0.09375
v -7.5 16.5 0.09375
v -7.5 17.0625 0.09375
v -8.8125 16.5 0.09375
v -8.8125 17.0625 0.09375
vt 0.46793365478515636 0.04708099365234375
vt 0.5499649047851564 0.04708099365234375
vt 0.5499649047851564 0.08223724365234375
vt 0.46793365478515636 0.08223724365234375
vt 0.369140625 0.9599609375
vt 0.380859375 0.9599609375
vt 0.380859375 0.9951171875
vt 0.369140625 0.9951171875
vt 0.181640625 0.4326171875
vt 0.263671875 0.4326171875
vt 0.263671875 0.4677734375
vt 0.181640625 0.4677734375
vt 0.369140625 0.9248046875
vt 0.380859375 0.9248046875
vt 0.380859375 0.9599609375
vt 0.369140625 0.9599609375
vt 0.392578125 0.8076171875
vt 0.310546875 0.8076171875
vt 0.310546875 0.7958984375
vt 0.392578125 0.7958984375
vt 0.392578125 0.7841796875
vt 0.310546875 0.7841796875
vt 0.310546875 0.7958984375
vt 0.392578125 0.7958984375
vn 0 0 -1
vn 1 0 0
vn 0 0 1
vn -1 0 0
vn 0 1 0
vn 0 -1 0
usemtl m_7c4fd87a-d0f1-9ad7-7479-aa72dea38889
f 1713/5137/1285 1714/5138/1285 1715/5139/1285 1716/5140/1285
f 1717/5141/1286 1713/5142/1286 1716/5143/1286 1718/5144/1286
f 1719/5145/1287 1717/5146/1287 1718/5147/1287 1720/5148/1287
f 1714/5149/1288 1719/5150/1288 1720/5151/1288 1715/5152/1288
f 1720/5153/1289 1718/5154/1289 1716/5155/1289 1715/5156/1289
f 1714/5157/1290 1713/5158/1290 1717/5159/1290 1719/5160/1290
o cube
v -6 16.5 -0.09375
v -7.3125 16.5 -0.09375
v -7.3125 17.0625 -0.09375
v -6 17.0625 -0.09375
v -6 16.5 0.09375
v -6 17.0625 0.09375
v -7.3125 16.5 0.09375
v -7.3125 17.0625 0.09375
vt 0.401592254638672 0.04708099365234375
vt 0.483623504638672 0.04708099365234375
vt 0.483623504638672 0.08223724365234375
vt 0.401592254638672 0.08223724365234375
vt 0.369140625 0.6552734375
vt 0.380859375 0.6552734375
vt 0.380859375 0.6904296875
vt 0.369140625 0.6904296875
vt 0.099609375 0.3974609375
vt 0.181640625 0.3974609375
vt 0.181640625 0.4326171875
vt 0.099609375 0.4326171875
vt 0.369140625 0.3271484375
vt 0.380859375 0.3271484375
vt 0.380859375 0.3623046875
vt 0.369140625 0.3623046875
vt 0.392578125 0.7841796875
vt 0.310546875 0.7841796875
vt 0.310546875 0.7724609375
vt 0.392578125 0.7724609375
vt 0.392578125 0.7607421875
vt 0.310546875 0.7607421875
vt 0.310546875 0.7724609375
vt 0.392578125 0.7724609375
vn 0 0 -1
vn 1 0 0
vn 0 0 1
vn -1 0 0
vn 0 1 0
vn 0 -1 0
usemtl m_7c4fd87a-d0f1-9ad7-7479-aa72dea38889
f 1721/5161/1291 1722/5162/1291 1723/5163/1291 1724/5164/1291
f 1725/5165/1292 1721/5166/1292 1724/5167/1292 1726/5168/1292
f 1727/5169/1293 1725/5170/1293 1726/5171/1293 1728/5172/1293
f 1722/5173/1294 1727/5174/1294 1728/5175/1294 1723/5176/1294
f 1728/5177/1295 1726/5178/1295 1724/5179/1295 1723/5180/1295
f 1722/5181/1296 1721/5182/1296 1725/5183/1296 1727/5184/1296
o cube
v -11.25 17.25 -0.09375
v -12 17.25 -0.09375
v -12 17.8125 -0.09375
v -11.25 17.8125 -0.09375
v -11.25 17.25 0.09375
v -11.25 17.8125 0.09375
v -12 17.25 0.09375
v -12 17.8125 0.09375
vt 0.5381774902343751 0.37616729736328125
vt 0.5850524902343751 0.37616729736328125
vt 0.5850524902343751 0.41132354736328125
vt 0.5381774902343751 0.41132354736328125
vt 0.369140625 0.2919921875
vt 0.380859375 0.2919921875
vt 0.380859375 0.3271484375
vt 0.369140625 0.3271484375
vt 0.263671875 0.6435546875
vt 0.310546875 0.6435546875
vt 0.310546875 0.6787109375
vt 0.263671875 0.6787109375
vt 0.369140625 0.2568359375
vt 0.380859375 0.2568359375
vt 0.380859375 0.2919921875
vt 0.369140625 0.2919921875
vt 0.158203125 0.3271484375
vt 0.111328125 0.3271484375
vt 0.111328125 0.3154296875
vt 0.158203125 0.3154296875
vt 0.205078125 0.3154296875
vt 0.158203125 0.3154296875
vt 0.158203125 0.3271484375
vt 0.205078125 0.3271484375
vn 0 0 -1
vn 1 0 0
vn 0 0 1
vn -1 0 0
vn 0 1 0
vn 0 -1 0
usemtl m_7c4fd87a-d0f1-9ad7-7479-aa72dea38889
f 1729/5185/1297 1730/5186/1297 1731/5187/1297 1732/5188/1297
f 1733/5189/1298 1729/5190/1298 1732/5191/1298 1734/5192/1298
f 1735/5193/1299 1733/5194/1299 1734/5195/1299 1736/5196/1299
f 1730/5197/1300 1735/5198/1300 1736/5199/1300 1731/5200/1300
f 1736/5201/1301 1734/5202/1301 1732/5203/1301 1731/5204/1301
f 1730/5205/1302 1729/5206/1302 1733/5207/1302 1735/5208/1302
o cube
v -9.75 17.25 -0.09375
v -11.0625 17.25 -0.09375
v -11.0625 17.8125 -0.09375
v -9.75 17.8125 -0.09375
v -9.75 17.25 0.09375
v -9.75 17.8125 0.09375
v -11.0625 17.25 0.09375
v -11.0625 17.8125 0.09375
vt 0.46793365478515636 0.04708099365234375
vt 0.5499649047851564 0.04708099365234375
vt 0.5499649047851564 0.08223724365234375
vt 0.46793365478515636 0.08223724365234375
vt 0.076171875 0.2333984375
vt 0.087890625 0.2333984375
vt 0.087890625 0.2685546875
vt 0.076171875 0.2685546875
vt 0.017578125 0.3623046875
vt 0.099609375 0.3623046875
vt 0.099609375 0.3974609375
vt 0.017578125 0.3974609375
vt 0.087890625 0.2333984375
vt 0.099609375 0.2333984375
vt 0.099609375 0.2685546875
vt 0.087890625 0.2685546875
vt 0.392578125 0.7607421875
vt 0.310546875 0.7607421875
vt 0.310546875 0.7490234375
vt 0.392578125 0.7490234375
vt 0.392578125 0.7373046875
vt 0.310546875 0.7373046875
vt 0.310546875 0.7490234375
vt 0.392578125 0.7490234375
vn 0 0 -1
vn 1 0 0
vn 0 0 1
vn -1 0 0
vn 0 1 0
vn 0 -1 0
usemtl m_7c4fd87a-d0f1-9ad7-7479-aa72dea38889
f 1737/5209/1303 1738/5210/1303 1739/5211/1303 1740/5212/1303
f 1741/5213/1304 1737/5214/1304 1740/5215/1304 1742/5216/1304
f 1743/5217/1305 1741/5218/1305 1742/5219/1305 1744/5220/1305
f 1738/5221/1306 1743/5222/1306 1744/5223/1306 1739/5224/1306
f 1744/5225/1307 1742/5226/1307 1740/5227/1307 1739/5228/1307
f 1738/5229/1308 1737/5230/1308 1741/5231/1308 1743/5232/1308
o cube
v -8.25 17.25 -0.09375
v -9.5625 17.25 -0.09375
v -9.5625 17.8125 -0.09375
v -8.25 17.8125 -0.09375
v -8.25 17.25 0.09375
v -8.25 17.8125 0.09375
v -9.5625 17.25 0.09375
v -9.5625 17.8125 0.09375
vt 0.46793365478515636 0.04708099365234375
vt 0.5499649047851564 0.04708099365234375
vt 0.5499649047851564 0.08223724365234375
vt 0.46793365478515636 0.08223724365234375
vt 0.099609375 0.2333984375
vt 0.111328125 0.2333984375
vt 0.111328125 0.2685546875
vt 0.099609375 0.2685546875
vt 0.181640625 0.3623046875
vt 0.263671875 0.3623046875
vt 0.263671875 0.3974609375
vt 0.181640625 0.3974609375
vt 0.111328125 0.2333984375
vt 0.123046875 0.2333984375
vt 0.123046875 0.2685546875
vt 0.111328125 0.2685546875
vt 0.392578125 0.7373046875
vt 0.310546875 0.7373046875
vt 0.310546875 0.7255859375
vt 0.392578125 0.7255859375
vt 0.392578125 0.7138671875
vt 0.310546875 0.7138671875
vt 0.310546875 0.7255859375
vt 0.392578125 0.7255859375
vn 0 0 -1
vn 1 0 0
vn 0 0 1
vn -1 0 0
vn 0 1 0
vn 0 -1 0
usemtl m_7c4fd87a-d0f1-9ad7-7479-aa72dea38889
f 1745/5233/1309 1746/5234/1309 1747/5235/1309 1748/5236/1309
f 1749/5237/1310 1745/5238/1310 1748/5239/1310 1750/5240/1310
f 1751/5241/1311 1749/5242/1311 1750/5243/1311 1752/5244/1311
f 1746/5245/1312 1751/5246/1312 1752/5247/1312 1747/5248/1312
f 1752/5249/1313 1750/5250/1313 1748/5251/1313 1747/5252/1313
f 1746/5253/1314 1745/5254/1314 1749/5255/1314 1751/5256/1314
o cube
v -6.75 17.25 -0.09375
v -8.0625 17.25 -0.09375
v -8.0625 17.8125 -0.09375
v -6.75 17.8125 -0.09375
v -6.75 17.25 0.09375
v -6.75 17.8125 0.09375
v -8.0625 17.25 0.09375
v -8.0625 17.8125 0.09375
vt 0.46793365478515636 0.9403152465820312
vt 0.5499649047851564 0.9403152465820312
vt 0.5499649047851564 0.9754714965820312
vt 0.46793365478515636 0.9754714965820312
vt 0.123046875 0.2333984375
vt 0.134765625 0.2333984375
vt 0.134765625 0.2685546875
vt 0.123046875 0.2685546875
vt 0.263671875 0.9248046875
vt 0.345703125 0.9248046875
vt 0.345703125 0.9599609375
vt 0.263671875 0.9599609375
vt 0.134765625 0.2333984375
vt 0.146484375 0.2333984375
vt 0.146484375 0.2685546875
vt 0.134765625 0.2685546875
vt 0.392578125 0.7138671875
vt 0.310546875 0.7138671875
vt 0.310546875 0.7021484375
vt 0.392578125 0.7021484375
vt 0.392578125 0.6904296875
vt 0.310546875 0.6904296875
vt 0.310546875 0.7021484375
vt 0.392578125 0.7021484375
vn 0 0 -1
vn 1 0 0
vn 0 0 1
vn -1 0 0
vn 0 1 0
vn 0 -1 0
usemtl m_7c4fd87a-d0f1-9ad7-7479-aa72dea38889
f 1753/5257/1315 1754/5258/1315 1755/5259/1315 1756/5260/1315
f 1757/5261/1316 1753/5262/1316 1756/5263/1316 1758/5264/1316
f 1759/5265/1317 1757/5266/1317 1758/5267/1317 1760/5268/1317
f 1754/5269/1318 1759/5270/1318 1760/5271/1318 1755/5272/1318
f 1760/5273/1319 1758/5274/1319 1756/5275/1319 1755/5276/1319
f 1754/5277/1320 1753/5278/1320 1757/5279/1320 1759/5280/1320
o cube
v -6 17.25 -0.09375
v -6.5625 17.25 -0.09375
v -6.5625 17.8125 -0.09375
v -6 17.8125 -0.09375
v -6 17.25 0.09375
v -6 17.8125 0.09375
v -6.5625 17.25 0.09375
v -6.5625 17.8125 0.09375
vt 0.5615921020507814 0.04708099365234375
vt 0.5967483520507814 0.04708099365234375
vt 0.5967483520507814 0.08223724365234375
vt 0.5615921020507814 0.08223724365234375
vt 0.251953125 0.2333984375
vt 0.263671875 0.2333984375
vt 0.263671875 0.2685546875
vt 0.251953125 0.2685546875
vt 0.263671875 0.3623046875
vt 0.298828125 0.3623046875
vt 0.298828125 0.3974609375
vt 0.263671875 0.3974609375
vt 0.263671875 0.2333984375
vt 0.275390625 0.2333984375
vt 0.275390625 0.2685546875
vt 0.263671875 0.2685546875
vt 0.416015625 0.9951171875
vt 0.380859375 0.9951171875
vt 0.380859375 0.9833984375
vt 0.416015625 0.9833984375
vt 0.416015625 0.9716796875
vt 0.380859375 0.9716796875
vt 0.380859375 0.9833984375
vt 0.416015625 0.9833984375
vn 0 0 -1
vn 1 0 0
vn 0 0 1
vn -1 0 0
vn 0 1 0
vn 0 -1 0
usemtl m_7c4fd87a-d0f1-9ad7-7479-aa72dea38889
f 1761/5281/1321 1762/5282/1321 1763/5283/1321 1764/5284/1321
f 1765/5285/1322 1761/5286/1322 1764/5287/1322 1766/5288/1322
f 1767/5289/1323 1765/5290/1323 1766/5291/1323 1768/5292/1323
f 1762/5293/1324 1767/5294/1324 1768/5295/1324 1763/5296/1324
f 1768/5297/1325 1766/5298/1325 1764/5299/1325 1763/5300/1325
f 1762/5301/1326 1761/5302/1326 1765/5303/1326 1767/5304/1326
o cube
v -6 12 0
v -12 12 0
v -12 18 0
v -6 18 0
v -6 12 0.15625
v -6 18 0.15625
v -12 12 0.15625
v -12 18 0.15625
vt 0 0.625
vt 0.375 0.625
vt 0.375 1
vt 0 1
vt 0.375 0.625
vt 0.384765625 0.625
vt 0.384765625 1
vt 0.375 1
vt 0 0.625
vt 0.375 0.625
vt 0.375 1
vt 0 1
vt 0.375 0.25
vt 0.384765625 0.25
vt 0.384765625 0.625
vt 0.375 0.625
vt 0.759765625 1
vt 0.384765625 1
vt 0.384765625 0.990234375
vt 0.759765625 0.990234375
vt 0.759765625 0.98046875
vt 0.384765625 0.98046875
vt 0.384765625 0.990234375
vt 0.759765625 0.990234375
vn 0 0 -1
vn 1 0 0
vn 0 0 1
vn -1 0 0
vn 0 1 0
vn 0 -1 0
usemtl m_7c4fd87a-d0f1-9ad7-7479-aa72dea38889
f 1769/5305/1327 1770/5306/1327 1771/5307/1327 1772/5308/1327
f 1773/5309/1328 1769/5310/1328 1772/5311/1328 1774/5312/1328
f 1775/5313/1329 1773/5314/1329 1774/5315/1329 1776/5316/1329
f 1770/5317/1330 1775/5318/1330 1776/5319/1330 1771/5320/1330
f 1776/5321/1331 1774/5322/1331 1772/5323/1331 1771/5324/1331
f 1770/5325/1332 1769/5326/1332 1773/5327/1332 1775/5328/1332
o cube
v 6.75 12.75 -0.09375
v 6 12.75 -0.09375
v 6 13.3125 -0.09375
v 6.75 13.3125 -0.09375
v 6.75 12.75 0.09375
v 6.75 13.3125 0.09375
v 6 12.75 0.09375
v 6 13.3125 0.09375
vt 0.5381774902343751 0.7992782592773438
vt 0.5850524902343751 0.7992782592773438
vt 0.5850524902343751 0.8344345092773438
vt 0.5381774902343751 0.8344345092773438
vt 0.146484375 0.2802734375
vt 0.158203125 0.2802734375
vt 0.158203125 0.3154296875
vt 0.146484375 0.3154296875
vt 0.263671875 0.8544921875
vt 0.310546875 0.8544921875
vt 0.310546875 0.8896484375
vt 0.263671875 0.8896484375
vt 0.158203125 0.2802734375
vt 0.169921875 0.2802734375
vt 0.169921875 0.3154296875
vt 0.158203125 0.3154296875
vt 0.357421875 0.6904296875
vt 0.310546875 0.6904296875
vt 0.310546875 0.6787109375
vt 0.357421875 0.6787109375
vt 0.357421875 0.6669921875
vt 0.310546875 0.6669921875
vt 0.310546875 0.6787109375
vt 0.357421875 0.6787109375
vn 0 0 -1
vn 1 0 0
vn 0 0 1
vn -1 0 0
vn 0 1 0
vn 0 -1 0
usemtl m_7c4fd87a-d0f1-9ad7-7479-aa72dea38889
f 1777/5329/1333 1778/5330/1333 1779/5331/1333 1780/5332/1333
f 1781/5333/1334 1777/5334/1334 1780/5335/1334 1782/5336/1334
f 1783/5337/1335 1781/5338/1335 1782/5339/1335 1784/5340/1335
f 1778/5341/1336 1783/5342/1336 1784/5343/1336 1779/5344/1336
f 1784/5345/1337 1782/5346/1337 1780/5347/1337 1779/5348/1337
f 1778/5349/1338 1777/5350/1338 1781/5351/1338 1783/5352/1338
o cube
v 10.5 12 -0.09375
v 9.1875 12 -0.09375
v 9.1875 12.5625 -0.09375
v 10.5 12.5625 -0.09375
v 10.5 12 0.09375
v 10.5 12.5625 0.09375
v 9.1875 12 0.09375
v 9.1875 12.5625 0.09375
vt 0.401592254638672 0.9403152465820312
vt 0.483623504638672 0.9403152465820312
vt 0.483623504638672 0.9754714965820312
vt 0.401592254638672 0.9754714965820312
vt 0.205078125 0.2919921875
vt 0.216796875 0.2919921875
vt 0.216796875 0.3271484375
vt 0.205078125 0.3271484375
vt 0.017578125 0.9248046875
vt 0.099609375 0.9248046875
vt 0.099609375 0.9599609375
vt 0.017578125 0.9599609375
vt 0.216796875 0.2919921875
vt 0.228515625 0.2919921875
vt 0.228515625 0.3271484375
vt 0.216796875 0.3271484375
vt 0.099609375 0.3623046875
vt 0.017578125 0.3623046875
vt 0.017578125 0.3505859375
vt 0.099609375 0.3505859375
vt 0.181640625 0.3505859375
vt 0.099609375 0.3505859375
vt 0.099609375 0.3623046875
vt 0.181640625 0.3623046875
vn 0 0 -1
vn 1 0 0
vn 0 0 1
vn -1 0 0
vn 0 1 0
vn 0 -1 0
usemtl m_7c4fd87a-d0f1-9ad7-7479-aa72dea38889
f 1785/5353/1339 1786/5354/1339 1787/5355/1339 1788/5356/1339
f 1789/5357/1340 1785/5358/1340 1788/5359/1340 1790/5360/1340
f 1791/5361/1341 1789/5362/1341 1790/5363/1341 1792/5364/1341
f 1786/5365/1342 1791/5366/1342 1792/5367/1342 1787/5368/1342
f 1792/5369/1343 1790/5370/1343 1788/5371/1343 1787/5372/1343
f 1786/5373/1344 1785/5374/1344 1789/5375/1344 1791/5376/1344
o cube
v 12 12 -0.09375
v 10.6875 12 -0.09375
v 10.6875 12.5625 -0.09375
v 12 12.5625 -0.09375
v 12 12 0.09375
v 12 12.5625 0.09375
v 10.6875 12 0.09375
v 10.6875 12.5625 0.09375
vt 0.401592254638672 0.7992782592773438
vt 0.483623504638672 0.7992782592773438
vt 0.483623504638672 0.8344345092773438
vt 0.401592254638672 0.8344345092773438
vt 0.228515625 0.2919921875
vt 0.240234375 0.2919921875
vt 0.240234375 0.3271484375
vt 0.228515625 0.3271484375
vt 0.017578125 0.8544921875
vt 0.099609375 0.8544921875
vt 0.099609375 0.8896484375
vt 0.017578125 0.8896484375
vt 0.240234375 0.2919921875
vt 0.251953125 0.2919921875
vt 0.251953125 0.3271484375
vt 0.240234375 0.3271484375
vt 0.263671875 0.3623046875
vt 0.181640625 0.3623046875
vt 0.181640625 0.3505859375
vt 0.263671875 0.3505859375
vt 0.345703125 0.3505859375
vt 0.263671875 0.3505859375
vt 0.263671875 0.3623046875
vt 0.345703125 0.3623046875
vn 0 0 -1
vn 1 0 0
vn 0 0 1
vn -1 0 0
vn 0 1 0
vn 0 -1 0
usemtl m_7c4fd87a-d0f1-9ad7-7479-aa72dea38889
f 1793/5377/1345 1794/5378/1345 1795/5379/1345 1796/5380/1345
f 1797/5381/1346 1793/5382/1346 1796/5383/1346 1798/5384/1346
f 1799/5385/1347 1797/5386/1347 1798/5387/1347 1800/5388/1347
f 1794/5389/1348 1799/5390/1348 1800/5391/1348 1795/5392/1348
f 1800/5393/1349 1798/5394/1349 1796/5395/1349 1795/5396/1349
f 1794/5397/1350 1793/5398/1350 1797/5399/1350 1799/5400/1350
o cube
v 9 12 -0.09375
v 7.6875 12 -0.09375
v 7.6875 12.5625 -0.09375
v 9 12.5625 -0.09375
v 9 12 0.09375
v 9 12.5625 0.09375
v 7.6875 12 0.09375
v 7.6875 12.5625 0.09375
vt 0.401592254638672 0.6582412719726562
vt 0.483623504638672 0.6582412719726562
vt 0.483623504638672 0.6933975219726562
vt 0.401592254638672 0.6933975219726562
vt 0.251953125 0.2919921875
vt 0.263671875 0.2919921875
vt 0.263671875 0.3271484375
vt 0.251953125 0.3271484375
vt 0.017578125 0.7841796875
vt 0.099609375 0.7841796875
vt 0.099609375 0.8193359375
vt 0.017578125 0.8193359375
vt 0.263671875 0.2919921875
vt 0.275390625 0.2919921875
vt 0.275390625 0.3271484375
vt 0.263671875 0.3271484375
vt 0.099609375 0.3505859375
vt 0.017578125 0.3505859375
vt 0.017578125 0.3388671875
vt 0.099609375 0.3388671875
vt 0.181640625 0.3388671875
vt 0.099609375 0.3388671875
vt 0.099609375 0.3505859375
vt 0.181640625 0.3505859375
vn 0 0 -1
vn 1 0 0
vn 0 0 1
vn -1 0 0
vn 0 1 0
vn 0 -1 0
usemtl m_7c4fd87a-d0f1-9ad7-7479-aa72dea38889
f 1801/5401/1351 1802/5402/1351 1803/5403/1351 1804/5404/1351
f 1805/5405/1352 1801/5406/1352 1804/5407/1352 1806/5408/1352
f 1807/5409/1353 1805/5410/1353 1806/5411/1353 1808/5412/1353
f 1802/5413/1354 1807/5414/1354 1808/5415/1354 1803/5416/1354
f 1808/5417/1355 1806/5418/1355 1804/5419/1355 1803/5420/1355
f 1802/5421/1356 1801/5422/1356 1805/5423/1356 1807/5424/1356
o cube
v 8.25 12.75 -0.09375
v 6.9375 12.75 -0.09375
v 6.9375 13.3125 -0.09375
v 8.25 13.3125 -0.09375
v 8.25 12.75 0.09375
v 8.25 13.3125 0.09375
v 6.9375 12.75 0.09375
v 6.9375 13.3125 0.09375
vt 0.401592254638672 0.5172042846679688
vt 0.483623504638672 0.5172042846679688
vt 0.483623504638672 0.5523605346679688
vt 0.401592254638672 0.5523605346679688
vt 0.275390625 0.2919921875
vt 0.287109375 0.2919921875
vt 0.287109375 0.3271484375
vt 0.275390625 0.3271484375
vt 0.017578125 0.7138671875
vt 0.099609375 0.7138671875
vt 0.099609375 0.7490234375
vt 0.017578125 0.7490234375
vt 0.287109375 0.2919921875
vt 0.298828125 0.2919921875
vt 0.298828125 0.3271484375
vt 0.287109375 0.3271484375
vt 0.263671875 0.3505859375
vt 0.181640625 0.3505859375
vt 0.181640625 0.3388671875
vt 0.263671875 0.3388671875
vt 0.345703125 0.3388671875
vt 0.263671875 0.3388671875
vt 0.263671875 0.3505859375
vt 0.345703125 0.3505859375
vn 0 0 -1
vn 1 0 0
vn 0 0 1
vn -1 0 0
vn 0 1 0
vn 0 -1 0
usemtl m_7c4fd87a-d0f1-9ad7-7479-aa72dea38889
f 1809/5425/1357 1810/5426/1357 1811/5427/1357 1812/5428/1357
f 1813/5429/1358 1809/5430/1358 1812/5431/1358 1814/5432/1358
f 1815/5433/1359 1813/5434/1359 1814/5435/1359 1816/5436/1359
f 1810/5437/1360 1815/5438/1360 1816/5439/1360 1811/5440/1360
f 1816/5441/1361 1814/5442/1361 1812/5443/1361 1811/5444/1361
f 1810/5445/1362 1809/5446/1362 1813/5447/1362 1815/5448/1362
o cube
v 7.5 12 -0.09375
v 6.1875 12 -0.09375
v 6.1875 12.5625 -0.09375
v 7.5 12.5625 -0.09375
v 7.5 12 0.09375
v 7.5 12.5625 0.09375
v 6.1875 12 0.09375
v 6.1875 12.5625 0.09375
vt 0.401592254638672 0.37616729736328125
vt 0.483623504638672 0.37616729736328125
vt 0.483623504638672 0.41132354736328125
vt 0.401592254638672 0.41132354736328125
vt 0.298828125 0.2919921875
vt 0.310546875 0.2919921875
vt 0.310546875 0.3271484375
vt 0.298828125 0.3271484375
vt 0.017578125 0.6435546875
vt 0.099609375 0.6435546875
vt 0.099609375 0.6787109375
vt 0.017578125 0.6787109375
vt 0.310546875 0.2919921875
vt 0.322265625 0.2919921875
vt 0.322265625 0.3271484375
vt 0.310546875 0.3271484375
vt 0.380859375 0.6435546875
vt 0.298828125 0.6435546875
vt 0.298828125 0.6318359375
vt 0.380859375 0.6318359375
vt 0.380859375 0.6201171875
vt 0.298828125 0.6201171875
vt 0.298828125 0.6318359375
vt 0.380859375 0.6318359375
vn 0 0 -1
vn 1 0 0
vn 0 0 1
vn -1 0 0
vn 0 1 0
vn 0 -1 0
usemtl m_7c4fd87a-d0f1-9ad7-7479-aa72dea38889
f 1817/5449/1363 1818/5450/1363 1819/5451/1363 1820/5452/1363
f 1821/5453/1364 1817/5454/1364 1820/5455/1364 1822/5456/1364
f 1823/5457/1365 1821/5458/1365 1822/5459/1365 1824/5460/1365
f 1818/5461/1366 1823/5462/1366 1824/5463/1366 1819/5464/1366
f 1824/5465/1367 1822/5466/1367 1820/5467/1367 1819/5468/1367
f 1818/5469/1368 1817/5470/1368 1821/5471/1368 1823/5472/1368
o cube
v 9.75 12.75 -0.09375
v 8.4375 12.75 -0.09375
v 8.4375 13.3125 -0.09375
v 9.75 13.3125 -0.09375
v 9.75 12.75 0.09375
v 9.75 13.3125 0.09375
v 8.4375 12.75 0.09375
v 8.4375 13.3125 0.09375
vt 0.401592254638672 0.23513031005859375
vt 0.483623504638672 0.23513031005859375
vt 0.483623504638672 0.27028656005859375
vt 0.401592254638672 0.27028656005859375
vt 0.322265625 0.2919921875
vt 0.333984375 0.2919921875
vt 0.333984375 0.3271484375
vt 0.322265625 0.3271484375
vt 0.017578125 0.5732421875
vt 0.099609375 0.5732421875
vt 0.099609375 0.6083984375
vt 0.017578125 0.6083984375
vt 0.017578125 0.2802734375
vt 0.029296875 0.2802734375
vt 0.029296875 0.3154296875
vt 0.017578125 0.3154296875
vt 0.380859375 0.6201171875
vt 0.298828125 0.6201171875
vt 0.298828125 0.6083984375
vt 0.380859375 0.6083984375
vt 0.380859375 0.5966796875
vt 0.298828125 0.5966796875
vt 0.298828125 0.6083984375
vt 0.380859375 0.6083984375
vn 0 0 -1
vn 1 0 0
vn 0 0 1
vn -1 0 0
vn 0 1 0
vn 0 -1 0
usemtl m_7c4fd87a-d0f1-9ad7-7479-aa72dea38889
f 1825/5473/1369 1826/5474/1369 1827/5475/1369 1828/5476/1369
f 1829/5477/1370 1825/5478/1370 1828/5479/1370 1830/5480/1370
f 1831/5481/1371 1829/5482/1371 1830/5483/1371 1832/5484/1371
f 1826/5485/1372 1831/5486/1372 1832/5487/1372 1827/5488/1372
f 1832/5489/1373 1830/5490/1373 1828/5491/1373 1827/5492/1373
f 1826/5493/1374 1825/5494/1374 1829/5495/1374 1831/5496/1374
o cube
v 11.25 12.75 -0.09375
v 9.9375 12.75 -0.09375
v 9.9375 13.3125 -0.09375
v 11.25 13.3125 -0.09375
v 11.25 12.75 0.09375
v 11.25 13.3125 0.09375
v 9.9375 12.75 0.09375
v 9.9375 13.3125 0.09375
vt 0.401592254638672 0.09409332275390625
vt 0.483623504638672 0.09409332275390625
vt 0.483623504638672 0.12924957275390625
vt 0.401592254638672 0.12924957275390625
vt 0.029296875 0.2802734375
vt 0.041015625 0.2802734375
vt 0.041015625 0.3154296875
vt 0.029296875 0.3154296875
vt 0.099609375 0.9599609375
vt 0.181640625 0.9599609375
vt 0.181640625 0.9951171875
vt 0.099609375 0.9951171875
vt 0.041015625 0.2802734375
vt 0.052734375 0.2802734375
vt 0.052734375 0.3154296875
vt 0.041015625 0.3154296875
vt 0.380859375 0.5966796875
vt 0.298828125 0.5966796875
vt 0.298828125 0.5849609375
vt 0.380859375 0.5849609375
vt 0.380859375 0.5732421875
vt 0.298828125 0.5732421875
vt 0.298828125 0.5849609375
vt 0.380859375 0.5849609375
vn 0 0 -1
vn 1 0 0
vn 0 0 1
vn -1 0 0
vn 0 1 0
vn 0 -1 0
usemtl m_7c4fd87a-d0f1-9ad7-7479-aa72dea38889
f 1833/5497/1375 1834/5498/1375 1835/5499/1375 1836/5500/1375
f 1837/5501/1376 1833/5502/1376 1836/5503/1376 1838/5504/1376
f 1839/5505/1377 1837/5506/1377 1838/5507/1377 1840/5508/1377
f 1834/5509/1378 1839/5510/1378 1840/5511/1378 1835/5512/1378
f 1840/5513/1379 1838/5514/1379 1836/5515/1379 1835/5516/1379
f 1834/5517/1380 1833/5518/1380 1837/5519/1380 1839/5520/1380
o cube
v 12 12.75 -0.09375
v 11.4375 12.75 -0.09375
v 11.4375 13.3125 -0.09375
v 12 13.3125 -0.09375
v 12 12.75 0.09375
v 12 13.3125 0.09375
v 11.4375 12.75 0.09375
v 11.4375 13.3125 0.09375
vt 0.5615921020507814 0.23513031005859375
vt 0.5967483520507814 0.23513031005859375
vt 0.5967483520507814 0.27028656005859375
vt 0.5615921020507814 0.27028656005859375
vt 0.052734375 0.2802734375
vt 0.064453125 0.2802734375
vt 0.064453125 0.3154296875
vt 0.052734375 0.3154296875
vt 0.263671875 0.5732421875
vt 0.298828125 0.5732421875
vt 0.298828125 0.6083984375
vt 0.263671875 0.6083984375
vt 0.064453125 0.2802734375
vt 0.076171875 0.2802734375
vt 0.076171875 0.3154296875
vt 0.064453125 0.3154296875
vt 0.111328125 0.3154296875
vt 0.076171875 0.3154296875
vt 0.076171875 0.3037109375
vt 0.111328125 0.3037109375
vt 0.146484375 0.3037109375
vt 0.111328125 0.3037109375
vt 0.111328125 0.3154296875
vt 0.146484375 0.3154296875
vn 0 0 -1
vn 1 0 0
vn 0 0 1
vn -1 0 0
vn 0 1 0
vn 0 -1 0
usemtl m_7c4fd87a-d0f1-9ad7-7479-aa72dea38889
f 1841/5521/1381 1842/5522/1381 1843/5523/1381 1844/5524/1381
f 1845/5525/1382 1841/5526/1382 1844/5527/1382 1846/5528/1382
f 1847/5529/1383 1845/5530/1383 1846/5531/1383 1848/5532/1383
f 1842/5533/1384 1847/5534/1384 1848/5535/1384 1843/5536/1384
f 1848/5537/1385 1846/5538/1385 1844/5539/1385 1843/5540/1385
f 1842/5541/1386 1841/5542/1386 1845/5543/1386 1847/5544/1386
o cube
v 12 13.5 -0.09375
v 10.6875 13.5 -0.09375
v 10.6875 14.0625 -0.09375
v 12 14.0625 -0.09375
v 12 13.5 0.09375
v 12 14.0625 0.09375
v 10.6875 13.5 0.09375
v 10.6875 14.0625 0.09375
vt 0.46793365478515636 0.8697967529296875
vt 0.5499649047851564 0.8697967529296875
vt 0.5499649047851564 0.9049530029296875
vt 0.46793365478515636 0.9049530029296875
vt 0.169921875 0.2802734375
vt 0.181640625 0.2802734375
vt 0.181640625 0.3154296875
vt 0.169921875 0.3154296875
vt 0.099609375 0.8896484375
vt 0.181640625 0.8896484375
vt 0.181640625 0.9248046875
vt 0.099609375 0.9248046875
vt 0.181640625 0.2802734375
vt 0.193359375 0.2802734375
vt 0.193359375 0.3154296875
vt 0.181640625 0.3154296875
vt 0.380859375 0.5732421875
vt 0.298828125 0.5732421875
vt 0.298828125 0.5615234375
vt 0.380859375 0.5615234375
vt 0.380859375 0.5498046875
vt 0.298828125 0.5498046875
vt 0.298828125 0.5615234375
vt 0.380859375 0.5615234375
vn 0 0 -1
vn 1 0 0
vn 0 0 1
vn -1 0 0
vn 0 1 0
vn 0 -1 0
usemtl m_7c4fd87a-d0f1-9ad7-7479-aa72dea38889
f 1849/5545/1387 1850/5546/1387 1851/5547/1387 1852/5548/1387
f 1853/5549/1388 1849/5550/1388 1852/5551/1388 1854/5552/1388
f 1855/5553/1389 1853/5554/1389 1854/5555/1389 1856/5556/1389
f 1850/5557/1390 1855/5558/1390 1856/5559/1390 1851/5560/1390
f 1856/5561/1391 1854/5562/1391 1852/5563/1391 1851/5564/1391
f 1850/5565/1392 1849/5566/1392 1853/5567/1392 1855/5568/1392
o cube
v 10.5 13.5 -0.09375
v 9.1875 13.5 -0.09375
v 9.1875 14.0625 -0.09375
v 10.5 14.0625 -0.09375
v 10.5 13.5 0.09375
v 10.5 14.0625 0.09375
v 9.1875 13.5 0.09375
v 9.1875 14.0625 0.09375
vt 0.46793365478515636 0.728759765625
vt 0.5499649047851564 0.728759765625
vt 0.5499649047851564 0.763916015625
vt 0.46793365478515636 0.763916015625
vt 0.193359375 0.2802734375
vt 0.205078125 0.2802734375
vt 0.205078125 0.3154296875
vt 0.193359375 0.3154296875
vt 0.099609375 0.8193359375
vt 0.181640625 0.8193359375
vt 0.181640625 0.8544921875
vt 0.099609375 0.8544921875
vt 0.333984375 0.2919921875
vt 0.345703125 0.2919921875
vt 0.345703125 0.3271484375
vt 0.333984375 0.3271484375
vt 0.380859375 0.5498046875
vt 0.298828125 0.5498046875
vt 0.298828125 0.5380859375
vt 0.380859375 0.5380859375
vt 0.380859375 0.5263671875
vt 0.298828125 0.5263671875
vt 0.298828125 0.5380859375
vt 0.380859375 0.5380859375
vn 0 0 -1
vn 1 0 0
vn 0 0 1
vn -1 0 0
vn 0 1 0
vn 0 -1 0
usemtl m_7c4fd87a-d0f1-9ad7-7479-aa72dea38889
f 1857/5569/1393 1858/5570/1393 1859/5571/1393 1860/5572/1393
f 1861/5573/1394 1857/5574/1394 1860/5575/1394 1862/5576/1394
f 1863/5577/1395 1861/5578/1395 1862/5579/1395 1864/5580/1395
f 1858/5581/1396 1863/5582/1396 1864/5583/1396 1859/5584/1396
f 1864/5585/1397 1862/5586/1397 1860/5587/1397 1859/5588/1397
f 1858/5589/1398 1857/5590/1398 1861/5591/1398 1863/5592/1398
o cube
v 9 13.5 -0.09375
v 7.6875 13.5 -0.09375
v 7.6875 14.0625 -0.09375
v 9 14.0625 -0.09375
v 9 13.5 0.09375
v 9 14.0625 0.09375
v 7.6875 13.5 0.09375
v 7.6875 14.0625 0.09375
vt 0.46793365478515636 0.5877227783203125
vt 0.5499649047851564 0.5877227783203125
vt 0.5499649047851564 0.6228790283203125
vt 0.46793365478515636 0.6228790283203125
vt 0.076171875 0.2685546875
vt 0.087890625 0.2685546875
vt 0.087890625 0.3037109375
vt 0.076171875 0.3037109375
vt 0.099609375 0.7490234375
vt 0.181640625 0.7490234375
vt 0.181640625 0.7841796875
vt 0.099609375 0.7841796875
vt 0.087890625 0.2685546875
vt 0.099609375 0.2685546875
vt 0.099609375 0.3037109375
vt 0.087890625 0.3037109375
vt 0.380859375 0.5263671875
vt 0.298828125 0.5263671875
vt 0.298828125 0.5146484375
vt 0.380859375 0.5146484375
vt 0.380859375 0.5029296875
vt 0.298828125 0.5029296875
vt 0.298828125 0.5146484375
vt 0.380859375 0.5146484375
vn 0 0 -1
vn 1 0 0
vn 0 0 1
vn -1 0 0
vn 0 1 0
vn 0 -1 0
usemtl m_7c4fd87a-d0f1-9ad7-7479-aa72dea38889
f 1865/5593/1399 1866/5594/1399 1867/5595/1399 1868/5596/1399
f 1869/5597/1400 1865/5598/1400 1868/5599/1400 1870/5600/1400
f 1871/5601/1401 1869/5602/1401 1870/5603/1401 1872/5604/1401
f 1866/5605/1402 1871/5606/1402 1872/5607/1402 1867/5608/1402
f 1872/5609/1403 1870/5610/1403 1868/5611/1403 1867/5612/1403
f 1866/5613/1404 1865/5614/1404 1869/5615/1404 1871/5616/1404
o cube
v 7.5 13.5 -0.09375
v 6.1875 13.5 -0.09375
v 6.1875 14.0625 -0.09375
v 7.5 14.0625 -0.09375
v 7.5 13.5 0.09375
v 7.5 14.0625 0.09375
v 6.1875 13.5 0.09375
v 6.1875 14.0625 0.09375
vt 0.46793365478515636 0.446685791015625
vt 0.5499649047851564 0.446685791015625
vt 0.5499649047851564 0.481842041015625
vt 0.46793365478515636 0.481842041015625
vt 0.099609375 0.2685546875
vt 0.111328125 0.2685546875
vt 0.111328125 0.3037109375
vt 0.099609375 0.3037109375
vt 0.099609375 0.6787109375
vt 0.181640625 0.6787109375
vt 0.181640625 0.7138671875
vt 0.099609375 0.7138671875
vt 0.111328125 0.2685546875
vt 0.123046875 0.2685546875
vt 0.123046875 0.3037109375
vt 0.111328125 0.3037109375
vt 0.380859375 0.5029296875
vt 0.298828125 0.5029296875
vt 0.298828125 0.4912109375
vt 0.380859375 0.4912109375
vt 0.380859375 0.4794921875
vt 0.298828125 0.4794921875
vt 0.298828125 0.4912109375
vt 0.380859375 0.4912109375
vn 0 0 -1
vn 1 0 0
vn 0 0 1
vn -1 0 0
vn 0 1 0
vn 0 -1 0
usemtl m_7c4fd87a-d0f1-9ad7-7479-aa72dea38889
f 1873/5617/1405 1874/5618/1405 1875/5619/1405 1876/5620/1405
f 1877/5621/1406 1873/5622/1406 1876/5623/1406 1878/5624/1406
f 1879/5625/1407 1877/5626/1407 1878/5627/1407 1880/5628/1407
f 1874/5629/1408 1879/5630/1408 1880/5631/1408 1875/5632/1408
f 1880/5633/1409 1878/5634/1409 1876/5635/1409 1875/5636/1409
f 1874/5637/1410 1873/5638/1410 1877/5639/1410 1879/5640/1410
o cube
v 6.75 14.25 -0.09375
v 6 14.25 -0.09375
v 6 14.8125 -0.09375
v 6.75 14.8125 -0.09375
v 6.75 14.25 0.09375
v 6.75 14.8125 0.09375
v 6 14.25 0.09375
v 6 14.8125 0.09375
vt 0.5381774902343751 0.6582412719726562
vt 0.5850524902343751 0.6582412719726562
vt 0.5850524902343751 0.6933975219726562
vt 0.5381774902343751 0.6933975219726562
vt 0.123046875 0.2685546875
vt 0.134765625 0.2685546875
vt 0.134765625 0.3037109375
vt 0.123046875 0.3037109375
vt 0.263671875 0.7841796875
vt 0.310546875 0.7841796875
vt 0.310546875 0.8193359375
vt 0.263671875 0.8193359375
vt 0.134765625 0.2685546875
vt 0.146484375 0.2685546875
vt 0.146484375 0.3037109375
vt 0.134765625 0.3037109375
vt 0.357421875 0.6669921875
vt 0.310546875 0.6669921875
vt 0.310546875 0.6552734375
vt 0.357421875 0.6552734375
vt 0.357421875 0.6435546875
vt 0.310546875 0.6435546875
vt 0.310546875 0.6552734375
vt 0.357421875 0.6552734375
vn 0 0 -1
vn 1 0 0
vn 0 0 1
vn -1 0 0
vn 0 1 0
vn 0 -1 0
usemtl m_7c4fd87a-d0f1-9ad7-7479-aa72dea38889
f 1881/5641/1411 1882/5642/1411 1883/5643/1411 1884/5644/1411
f 1885/5645/1412 1881/5646/1412 1884/5647/1412 1886/5648/1412
f 1887/5649/1413 1885/5650/1413 1886/5651/1413 1888/5652/1413
f 1882/5653/1414 1887/5654/1414 1888/5655/1414 1883/5656/1414
f 1888/5657/1415 1886/5658/1415 1884/5659/1415 1883/5660/1415
f 1882/5661/1416 1881/5662/1416 1885/5663/1416 1887/5664/1416
o cube
v 8.25 14.25 -0.09375
v 6.9375 14.25 -0.09375
v 6.9375 14.8125 -0.09375
v 8.25 14.8125 -0.09375
v 8.25 14.25 0.09375
v 8.25 14.8125 0.09375
v 6.9375 14.25 0.09375
v 6.9375 14.8125 0.09375
vt 0.46793365478515636 0.3056488037109375
vt 0.5499649047851564 0.3056488037109375
vt 0.5499649047851564 0.3408050537109375
vt 0.46793365478515636 0.3408050537109375
vt 0.345703125 0.9599609375
vt 0.357421875 0.9599609375
vt 0.357421875 0.9951171875
vt 0.345703125 0.9951171875
vt 0.099609375 0.6083984375
vt 0.181640625 0.6083984375
vt 0.181640625 0.6435546875
vt 0.099609375 0.6435546875
vt 0.345703125 0.9248046875
vt 0.357421875 0.9248046875
vt 0.357421875 0.9599609375
vt 0.345703125 0.9599609375
vt 0.380859375 0.4794921875
vt 0.298828125 0.4794921875
vt 0.298828125 0.4677734375
vt 0.380859375 0.4677734375
vt 0.380859375 0.4560546875
vt 0.298828125 0.4560546875
vt 0.298828125 0.4677734375
vt 0.380859375 0.4677734375
vn 0 0 -1
vn 1 0 0
vn 0 0 1
vn -1 0 0
vn 0 1 0
vn 0 -1 0
usemtl m_7c4fd87a-d0f1-9ad7-7479-aa72dea38889
f 1889/5665/1417 1890/5666/1417 1891/5667/1417 1892/5668/1417
f 1893/5669/1418 1889/5670/1418 1892/5671/1418 1894/5672/1418
f 1895/5673/1419 1893/5674/1419 1894/5675/1419 1896/5676/1419
f 1890/5677/1420 1895/5678/1420 1896/5679/1420 1891/5680/1420
f 1896/5681/1421 1894/5682/1421 1892/5683/1421 1891/5684/1421
f 1890/5685/1422 1889/5686/1422 1893/5687/1422 1895/5688/1422
o cube
v 9.75 14.25 -0.09375
v 8.4375 14.25 -0.09375
v 8.4375 14.8125 -0.09375
v 9.75 14.8125 -0.09375
v 9.75 14.25 0.09375
v 9.75 14.8125 0.09375
v 8.4375 14.25 0.09375
v 8.4375 14.8125 0.09375
vt 0.46793365478515636 0.16461181640625
vt 0.5499649047851564 0.16461181640625
vt 0.5499649047851564 0.19976806640625
vt 0.46793365478515636 0.19976806640625
vt 0.345703125 0.3271484375
vt 0.357421875 0.3271484375
vt 0.357421875 0.3623046875
vt 0.345703125 0.3623046875
vt 0.099609375 0.5380859375
vt 0.181640625 0.5380859375
vt 0.181640625 0.5732421875
vt 0.099609375 0.5732421875
vt 0.345703125 0.2919921875
vt 0.357421875 0.2919921875
vt 0.357421875 0.3271484375
vt 0.345703125 0.3271484375
vt 0.380859375 0.4560546875
vt 0.298828125 0.4560546875
vt 0.298828125 0.4443359375
vt 0.380859375 0.4443359375
vt 0.380859375 0.4326171875
vt 0.298828125 0.4326171875
vt 0.298828125 0.4443359375
vt 0.380859375 0.4443359375
vn 0 0 -1
vn 1 0 0
vn 0 0 1
vn -1 0 0
vn 0 1 0
vn 0 -1 0
usemtl m_7c4fd87a-d0f1-9ad7-7479-aa72dea38889
f 1897/5689/1423 1898/5690/1423 1899/5691/1423 1900/5692/1423
f 1901/5693/1424 1897/5694/1424 1900/5695/1424 1902/5696/1424
f 1903/5697/1425 1901/5698/1425 1902/5699/1425 1904/5700/1425
f 1898/5701/1426 1903/5702/1426 1904/5703/1426 1899/5704/1426
f 1904/5705/1427 1902/5706/1427 1900/5707/1427 1899/5708/1427
f 1898/5709/1428 1897/5710/1428 1901/5711/1428 1903/5712/1428
o cube
v 11.25 14.25 -0.09375
v 9.9375 14.25 -0.09375
v 9.9375 14.8125 -0.09375
v 11.25 14.8125 -0.09375
v 11.25 14.25 0.09375
v 11.25 14.8125 0.09375
v 9.9375 14.25 0.09375
v 9.9375 14.8125 0.09375
vt 0.401592254638672 0.04708099365234375
vt 0.483623504638672 0.04708099365234375
vt 0.483623504638672 0.08223724365234375
vt 0.401592254638672 0.08223724365234375
vt 0.205078125 0.2568359375
vt 0.216796875 0.2568359375
vt 0.216796875 0.2919921875
vt 0.205078125 0.2919921875
vt 0.099609375 0.5029296875
vt 0.181640625 0.5029296875
vt 0.181640625 0.5380859375
vt 0.099609375 0.5380859375
vt 0.216796875 0.2568359375
vt 0.228515625 0.2568359375
vt 0.228515625 0.2919921875
vt 0.216796875 0.2919921875
vt 0.380859375 0.4326171875
vt 0.298828125 0.4326171875
vt 0.298828125 0.4208984375
vt 0.380859375 0.4208984375
vt 0.380859375 0.4091796875
vt 0.298828125 0.4091796875
vt 0.298828125 0.4208984375
vt 0.380859375 0.4208984375
vn 0 0 -1
vn 1 0 0
vn 0 0 1
vn -1 0 0
vn 0 1 0
vn 0 -1 0
usemtl m_7c4fd87a-d0f1-9ad7-7479-aa72dea38889
f 1905/5713/1429 1906/5714/1429 1907/5715/1429 1908/5716/1429
f 1909/5717/1430 1905/5718/1430 1908/5719/1430 1910/5720/1430
f 1911/5721/1431 1909/5722/1431 1910/5723/1431 1912/5724/1431
f 1906/5725/1432 1911/5726/1432 1912/5727/1432 1907/5728/1432
f 1912/5729/1433 1910/5730/1433 1908/5731/1433 1907/5732/1433
f 1906/5733/1434 1905/5734/1434 1909/5735/1434 1911/5736/1434
o cube
v 12 14.25 -0.09375
v 11.4375 14.25 -0.09375
v 11.4375 14.8125 -0.09375
v 12 14.8125 -0.09375
v 12 14.25 0.09375
v 12 14.8125 0.09375
v 11.4375 14.25 0.09375
v 11.4375 14.8125 0.09375
vt 0.5615921020507814 0.09409332275390625
vt 0.5967483520507814 0.09409332275390625
vt 0.5967483520507814 0.12924957275390625
vt 0.5615921020507814 0.12924957275390625
vt 0.228515625 0.2568359375
vt 0.240234375 0.2568359375
vt 0.240234375 0.2919921875
vt 0.228515625 0.2919921875
vt 0.263671875 0.5029296875
vt 0.298828125 0.5029296875
vt 0.298828125 0.5380859375
vt 0.263671875 0.5380859375
vt 0.240234375 0.2568359375
vt 0.251953125 0.2568359375
vt 0.251953125 0.2919921875
vt 0.240234375 0.2919921875
vt 0.287109375 0.2919921875
vt 0.251953125 0.2919921875
vt 0.251953125 0.2802734375
vt 0.287109375 0.2802734375
vt 0.322265625 0.2802734375
vt 0.287109375 0.2802734375
vt 0.287109375 0.2919921875
vt 0.322265625 0.2919921875
vn 0 0 -1
vn 1 0 0
vn 0 0 1
vn -1 0 0
vn 0 1 0
vn 0 -1 0
usemtl m_7c4fd87a-d0f1-9ad7-7479-aa72dea38889
f 1913/5737/1435 1914/5738/1435 1915/5739/1435 1916/5740/1435
f 1917/5741/1436 1913/5742/1436 1916/5743/1436 1918/5744/1436
f 1919/5745/1437 1917/5746/1437 1918/5747/1437 1920/5748/1437
f 1914/5749/1438 1919/5750/1438 1920/5751/1438 1915/5752/1438
f 1920/5753/1439 1918/5754/1439 1916/5755/1439 1915/5756/1439
f 1914/5757/1440 1913/5758/1440 1917/5759/1440 1919/5760/1440
o cube
v 7.5 15 -0.09375
v 6.1875 15 -0.09375
v 6.1875 15.5625 -0.09375
v 7.5 15.5625 -0.09375
v 7.5 15 0.09375
v 7.5 15.5625 0.09375
v 6.1875 15 0.09375
v 6.1875 15.5625 0.09375
vt 0.401592254638672 0.04708099365234375
vt 0.483623504638672 0.04708099365234375
vt 0.483623504638672 0.08223724365234375
vt 0.401592254638672 0.08223724365234375
vt 0.322265625 0.2568359375
vt 0.333984375 0.2568359375
vt 0.333984375 0.2919921875
vt 0.322265625 0.2919921875
vt 0.099609375 0.4677734375
vt 0.181640625 0.4677734375
vt 0.181640625 0.5029296875
vt 0.099609375 0.5029296875
vt 0.333984375 0.2568359375
vt 0.345703125 0.2568359375
vt 0.345703125 0.2919921875
vt 0.333984375 0.2919921875
vt 0.380859375 0.4091796875
vt 0.298828125 0.4091796875
vt 0.298828125 0.3974609375
vt 0.380859375 0.3974609375
vt 0.380859375 0.3857421875
vt 0.298828125 0.3857421875
vt 0.298828125 0.3974609375
vt 0.380859375 0.3974609375
vn 0 0 -1
vn 1 0 0
vn 0 0 1
vn -1 0 0
vn 0 1 0
vn 0 -1 0
usemtl m_7c4fd87a-d0f1-9ad7-7479-aa72dea38889
f 1921/5761/1441 1922/5762/1441 1923/5763/1441 1924/5764/1441
f 1925/5765/1442 1921/5766/1442 1924/5767/1442 1926/5768/1442
f 1927/5769/1443 1925/5770/1443 1926/5771/1443 1928/5772/1443
f 1922/5773/1444 1927/5774/1444 1928/5775/1444 1923/5776/1444
f 1928/5777/1445 1926/5778/1445 1924/5779/1445 1923/5780/1445
f 1922/5781/1446 1921/5782/1446 1925/5783/1446 1927/5784/1446
o cube
v 9 15 -0.09375
v 7.6875 15 -0.09375
v 7.6875 15.5625 -0.09375
v 9 15.5625 -0.09375
v 9 15 0.09375
v 9 15.5625 0.09375
v 7.6875 15 0.09375
v 7.6875 15.5625 0.09375
vt 0.401592254638672 0.04708099365234375
vt 0.483623504638672 0.04708099365234375
vt 0.483623504638672 0.08223724365234375
vt 0.401592254638672 0.08223724365234375
vt 0.345703125 0.2568359375
vt 0.357421875 0.2568359375
vt 0.357421875 0.2919921875
vt 0.345703125 0.2919921875
vt 0.099609375 0.4326171875
vt 0.181640625 0.4326171875
vt 0.181640625 0.4677734375
vt 0.099609375 0.4677734375
vt 0.357421875 0.9599609375
vt 0.369140625 0.9599609375
vt 0.369140625 0.9951171875
vt 0.357421875 0.9951171875
vt 0.380859375 0.3857421875
vt 0.298828125 0.3857421875
vt 0.298828125 0.3740234375
vt 0.380859375 0.3740234375
vt 0.380859375 0.3623046875
vt 0.298828125 0.3623046875
vt 0.298828125 0.3740234375
vt 0.380859375 0.3740234375
vn 0 0 -1
vn 1 0 0
vn 0 0 1
vn -1 0 0
vn 0 1 0
vn 0 -1 0
usemtl m_7c4fd87a-d0f1-9ad7-7479-aa72dea38889
f 1929/5785/1447 1930/5786/1447 1931/5787/1447 1932/5788/1447
f 1933/5789/1448 1929/5790/1448 1932/5791/1448 1934/5792/1448
f 1935/5793/1449 1933/5794/1449 1934/5795/1449 1936/5796/1449
f 1930/5797/1450 1935/5798/1450 1936/5799/1450 1931/5800/1450
f 1936/5801/1451 1934/5802/1451 1932/5803/1451 1931/5804/1451
f 1930/5805/1452 1929/5806/1452 1933/5807/1452 1935/5808/1452
o cube
v 10.5 15 -0.09375
v 9.1875 15 -0.09375
v 9.1875 15.5625 -0.09375
v 10.5 15.5625 -0.09375
v 10.5 15 0.09375
v 10.5 15.5625 0.09375
v 9.1875 15 0.09375
v 9.1875 15.5625 0.09375
vt 0.46793365478515636 0.9403152465820312
vt 0.5499649047851564 0.9403152465820312
vt 0.5499649047851564 0.9754714965820312
vt 0.46793365478515636 0.9754714965820312
vt 0.357421875 0.9248046875
vt 0.369140625 0.9248046875
vt 0.369140625 0.9599609375
vt 0.357421875 0.9599609375
vt 0.181640625 0.9248046875
vt 0.263671875 0.9248046875
vt 0.263671875 0.9599609375
vt 0.181640625 0.9599609375
vt 0.357421875 0.6552734375
vt 0.369140625 0.6552734375
vt 0.369140625 0.6904296875
vt 0.357421875 0.6904296875
vt 0.099609375 0.3388671875
vt 0.017578125 0.3388671875
vt 0.017578125 0.3271484375
vt 0.099609375 0.3271484375
vt 0.181640625 0.3271484375
vt 0.099609375 0.3271484375
vt 0.099609375 0.3388671875
vt 0.181640625 0.3388671875
vn 0 0 -1
vn 1 0 0
vn 0 0 1
vn -1 0 0
vn 0 1 0
vn 0 -1 0
usemtl m_7c4fd87a-d0f1-9ad7-7479-aa72dea38889
f 1937/5809/1453 1938/5810/1453 1939/5811/1453 1940/5812/1453
f 1941/5813/1454 1937/5814/1454 1940/5815/1454 1942/5816/1454
f 1943/5817/1455 1941/5818/1455 1942/5819/1455 1944/5820/1455
f 1938/5821/1456 1943/5822/1456 1944/5823/1456 1939/5824/1456
f 1944/5825/1457 1942/5826/1457 1940/5827/1457 1939/5828/1457
f 1938/5829/1458 1937/5830/1458 1941/5831/1458 1943/5832/1458
o cube
v 12 15 -0.09375
v 10.6875 15 -0.09375
v 10.6875 15.5625 -0.09375
v 12 15.5625 -0.09375
v 12 15 0.09375
v 12 15.5625 0.09375
v 10.6875 15 0.09375
v 10.6875 15.5625 0.09375
vt 0.46793365478515636 0.7992782592773438
vt 0.5499649047851564 0.7992782592773438
vt 0.5499649047851564 0.8344345092773438
vt 0.46793365478515636 0.8344345092773438
vt 0.357421875 0.3271484375
vt 0.369140625 0.3271484375
vt 0.369140625 0.3623046875
vt 0.357421875 0.3623046875
vt 0.181640625 0.8544921875
vt 0.263671875 0.8544921875
vt 0.263671875 0.8896484375
vt 0.181640625 0.8896484375
vt 0.357421875 0.2919921875
vt 0.369140625 0.2919921875
vt 0.369140625 0.3271484375
vt 0.357421875 0.3271484375
vt 0.263671875 0.3388671875
vt 0.181640625 0.3388671875
vt 0.181640625 0.3271484375
vt 0.263671875 0.3271484375
vt 0.345703125 0.3271484375
vt 0.263671875 0.3271484375
vt 0.263671875 0.3388671875
vt 0.345703125 0.3388671875
vn 0 0 -1
vn 1 0 0
vn 0 0 1
vn -1 0 0
vn 0 1 0
vn 0 -1 0
usemtl m_7c4fd87a-d0f1-9ad7-7479-aa72dea38889
f 1945/5833/1459 1946/5834/1459 1947/5835/1459 1948/5836/1459
f 1949/5837/1460 1945/5838/1460 1948/5839/1460 1950/5840/1460
f 1951/5841/1461 1949/5842/1461 1950/5843/1461 1952/5844/1461
f 1946/5845/1462 1951/5846/1462 1952/5847/1462 1947/5848/1462
f 1952/5849/1463 1950/5850/1463 1948/5851/1463 1947/5852/1463
f 1946/5853/1464 1945/5854/1464 1949/5855/1464 1951/5856/1464
o cube
v 6.75 15.75 -0.09375
v 6 15.75 -0.09375
v 6 16.3125 -0.09375
v 6.75 16.3125 -0.09375
v 6.75 15.75 0.09375
v 6.75 16.3125 0.09375
v 6 15.75 0.09375
v 6 16.3125 0.09375
vt 0.5381774902343751 0.5172042846679688
vt 0.5850524902343751 0.5172042846679688
vt 0.5850524902343751 0.5523605346679688
vt 0.5381774902343751 0.5523605346679688
vt 0.357421875 0.2568359375
vt 0.369140625 0.2568359375
vt 0.369140625 0.2919921875
vt 0.357421875 0.2919921875
vt 0.263671875 0.7138671875
vt 0.310546875 0.7138671875
vt 0.310546875 0.7490234375
vt 0.263671875 0.7490234375
vt 0.017578125 0.2451171875
vt 0.029296875 0.2451171875
vt 0.029296875 0.2802734375
vt 0.017578125 0.2802734375
vt 0.064453125 0.3271484375
vt 0.017578125 0.3271484375
vt 0.017578125 0.3154296875
vt 0.064453125 0.3154296875
vt 0.111328125 0.3154296875
vt 0.064453125 0.3154296875
vt 0.064453125 0.3271484375
vt 0.111328125 0.3271484375
vn 0 0 -1
vn 1 0 0
vn 0 0 1
vn -1 0 0
vn 0 1 0
vn 0 -1 0
usemtl m_7c4fd87a-d0f1-9ad7-7479-aa72dea38889
f 1953/5857/1465 1954/5858/1465 1955/5859/1465 1956/5860/1465
f 1957/5861/1466 1953/5862/1466 1956/5863/1466 1958/5864/1466
f 1959/5865/1467 1957/5866/1467 1958/5867/1467 1960/5868/1467
f 1954/5869/1468 1959/5870/1468 1960/5871/1468 1955/5872/1468
f 1960/5873/1469 1958/5874/1469 1956/5875/1469 1955/5876/1469
f 1954/5877/1470 1953/5878/1470 1957/5879/1470 1959/5880/1470
o cube
v 8.25 15.75 -0.09375
v 6.9375 15.75 -0.09375
v 6.9375 16.3125 -0.09375
v 8.25 16.3125 -0.09375
v 8.25 15.75 0.09375
v 8.25 16.3125 0.09375
v 6.9375 15.75 0.09375
v 6.9375 16.3125 0.09375
vt 0.12125396728515636 0.8057022094726562
vt 0.20328521728515636 0.8057022094726562
vt 0.20328521728515636 0.8408584594726562
vt 0.12125396728515636 0.8408584594726562
vt 0.029296875 0.2451171875
vt 0.041015625 0.2451171875
vt 0.041015625 0.2802734375
vt 0.029296875 0.2802734375
vt 0.181640625 0.7841796875
vt 0.263671875 0.7841796875
vt 0.263671875 0.8193359375
vt 0.181640625 0.8193359375
vt 0.041015625 0.2451171875
vt 0.052734375 0.2451171875
vt 0.052734375 0.2802734375
vt 0.041015625 0.2802734375
vt 0.392578125 0.9248046875
vt 0.310546875 0.9248046875
vt 0.310546875 0.9130859375
vt 0.392578125 0.9130859375
vt 0.392578125 0.9013671875
vt 0.310546875 0.9013671875
vt 0.310546875 0.9130859375
vt 0.392578125 0.9130859375
vn 0 0 -1
vn 1 0 0
vn 0 0 1
vn -1 0 0
vn 0 1 0
vn 0 -1 0
usemtl m_7c4fd87a-d0f1-9ad7-7479-aa72dea38889
f 1961/5881/1471 1962/5882/1471 1963/5883/1471 1964/5884/1471
f 1965/5885/1472 1961/5886/1472 1964/5887/1472 1966/5888/1472
f 1967/5889/1473 1965/5890/1473 1966/5891/1473 1968/5892/1473
f 1962/5893/1474 1967/5894/1474 1968/5895/1474 1963/5896/1474
f 1968/5897/1475 1966/5898/1475 1964/5899/1475 1963/5900/1475
f 1962/5901/1476 1961/5902/1476 1965/5903/1476 1967/5904/1476
o cube
v 9.75 15.75 -0.09375
v 8.4375 15.75 -0.09375
v 8.4375 16.3125 -0.09375
v 9.75 16.3125 -0.09375
v 9.75 15.75 0.09375
v 9.75 16.3125 0.09375
v 8.4375 15.75 0.09375
v 8.4375 16.3125 0.09375
vt 0.35172271728515636 0.21739959716796875
vt 0.43375396728515636 0.21739959716796875
vt 0.43375396728515636 0.25255584716796875
vt 0.35172271728515636 0.25255584716796875
vt 0.052734375 0.2451171875
vt 0.064453125 0.2451171875
vt 0.064453125 0.2802734375
vt 0.052734375 0.2802734375
vt 0.181640625 0.7138671875
vt 0.263671875 0.7138671875
vt 0.263671875 0.7490234375
vt 0.181640625 0.7490234375
vt 0.064453125 0.2451171875
vt 0.076171875 0.2451171875
vt 0.076171875 0.2802734375
vt 0.064453125 0.2802734375
vt 0.392578125 0.9013671875
vt 0.310546875 0.9013671875
vt 0.310546875 0.8896484375
vt 0.392578125 0.8896484375
vt 0.392578125 0.8779296875
vt 0.310546875 0.8779296875
vt 0.310546875 0.8896484375
vt 0.392578125 0.8896484375
vn 0 0 -1
vn 1 0 0
vn 0 0 1
vn -1 0 0
vn 0 1 0
vn 0 -1 0
usemtl m_7c4fd87a-d0f1-9ad7-7479-aa72dea38889
f 1969/5905/1477 1970/5906/1477 1971/5907/1477 1972/5908/1477
f 1973/5909/1478 1969/5910/1478 1972/5911/1478 1974/5912/1478
f 1975/5913/1479 1973/5914/1479 1974/5915/1479 1976/5916/1479
f 1970/5917/1480 1975/5918/1480 1976/5919/1480 1971/5920/1480
f 1976/5921/1481 1974/5922/1481 1972/5923/1481 1971/5924/1481
f 1970/5925/1482 1969/5926/1482 1973/5927/1482 1975/5928/1482
o cube
v 11.25 15.75 -0.09375
v 9.9375 15.75 -0.09375
v 9.9375 16.3125 -0.09375
v 11.25 16.3125 -0.09375
v 11.25 15.75 0.09375
v 11.25 16.3125 0.09375
v 9.9375 15.75 0.09375
v 9.9375 16.3125 0.09375
vt 0.5372695922851564 0.7287063598632812
vt 0.6193008422851564 0.7287063598632812
vt 0.6193008422851564 0.7638626098632812
vt 0.5372695922851564 0.7638626098632812
vt 0.146484375 0.2451171875
vt 0.158203125 0.2451171875
vt 0.158203125 0.2802734375
vt 0.146484375 0.2802734375
vt 0.181640625 0.6435546875
vt 0.263671875 0.6435546875
vt 0.263671875 0.6787109375
vt 0.181640625 0.6787109375
vt 0.158203125 0.2451171875
vt 0.169921875 0.2451171875
vt 0.169921875 0.2802734375
vt 0.158203125 0.2802734375
vt 0.392578125 0.8779296875
vt 0.310546875 0.8779296875
vt 0.310546875 0.8662109375
vt 0.392578125 0.8662109375
vt 0.392578125 0.8544921875
vt 0.310546875 0.8544921875
vt 0.310546875 0.8662109375
vt 0.392578125 0.8662109375
vn 0 0 -1
vn 1 0 0
vn 0 0 1
vn -1 0 0
vn 0 1 0
vn 0 -1 0
usemtl m_7c4fd87a-d0f1-9ad7-7479-aa72dea38889
f 1977/5929/1483 1978/5930/1483 1979/5931/1483 1980/5932/1483
f 1981/5933/1484 1977/5934/1484 1980/5935/1484 1982/5936/1484
f 1983/5937/1485 1981/5938/1485 1982/5939/1485 1984/5940/1485
f 1978/5941/1486 1983/5942/1486 1984/5943/1486 1979/5944/1486
f 1984/5945/1487 1982/5946/1487 1980/5947/1487 1979/5948/1487
f 1978/5949/1488 1977/5950/1488 1981/5951/1488 1983/5952/1488
o cube
v 12 15.75 -0.09375
v 11.4375 15.75 -0.09375
v 11.4375 16.3125 -0.09375
v 12 16.3125 -0.09375
v 12 15.75 0.09375
v 12 16.3125 0.09375
v 11.4375 15.75 0.09375
v 11.4375 16.3125 0.09375
vt 0.5615921020507814 0.04708099365234375
vt 0.5967483520507814 0.04708099365234375
vt 0.5967483520507814 0.08223724365234375
vt 0.5615921020507814 0.08223724365234375
vt 0.169921875 0.2451171875
vt 0.181640625 0.2451171875
vt 0.181640625 0.2802734375
vt 0.169921875 0.2802734375
vt 0.263671875 0.4326171875
vt 0.298828125 0.4326171875
vt 0.298828125 0.4677734375
vt 0.263671875 0.4677734375
vt 0.181640625 0.2451171875
vt 0.193359375 0.2451171875
vt 0.193359375 0.2802734375
vt 0.181640625 0.2802734375
vt 0.392578125 0.6552734375
vt 0.357421875 0.6552734375
vt 0.357421875 0.6435546875
vt 0.392578125 0.6435546875
vt 0.287109375 0.2685546875
vt 0.251953125 0.2685546875
vt 0.251953125 0.2802734375
vt 0.287109375 0.2802734375
vn 0 0 -1
vn 1 0 0
vn 0 0 1
vn -1 0 0
vn 0 1 0
vn 0 -1 0
usemtl m_7c4fd87a-d0f1-9ad7-7479-aa72dea38889
f 1985/5953/1489 1986/5954/1489 1987/5955/1489 1988/5956/1489
f 1989/5957/1490 1985/5958/1490 1988/5959/1490 1990/5960/1490
f 1991/5961/1491 1989/5962/1491 1990/5963/1491 1992/5964/1491
f 1986/5965/1492 1991/5966/1492 1992/5967/1492 1987/5968/1492
f 1992/5969/1493 1990/5970/1493 1988/5971/1493 1987/5972/1493
f 1986/5973/1494 1985/5974/1494 1989/5975/1494 1991/5976/1494
o cube
v 7.5 16.5 -0.09375
v 6.1875 16.5 -0.09375
v 6.1875 17.0625 -0.09375
v 7.5 17.0625 -0.09375
v 7.5 16.5 0.09375
v 7.5 17.0625 0.09375
v 6.1875 16.5 0.09375
v 6.1875 17.0625 0.09375
vt 0.46793365478515636 0.23513031005859375
vt 0.5499649047851564 0.23513031005859375
vt 0.5499649047851564 0.27028656005859375
vt 0.46793365478515636 0.27028656005859375
vt 0.193359375 0.2451171875
vt 0.205078125 0.2451171875
vt 0.205078125 0.2802734375
vt 0.193359375 0.2802734375
vt 0.181640625 0.5732421875
vt 0.263671875 0.5732421875
vt 0.263671875 0.6083984375
vt 0.181640625 0.6083984375
vt 0.287109375 0.2451171875
vt 0.298828125 0.2451171875
vt 0.298828125 0.2802734375
vt 0.287109375 0.2802734375
vt 0.392578125 0.8544921875
vt 0.310546875 0.8544921875
vt 0.310546875 0.8427734375
vt 0.392578125 0.8427734375
vt 0.392578125 0.8310546875
vt 0.310546875 0.8310546875
vt 0.310546875 0.8427734375
vt 0.392578125 0.8427734375
vn 0 0 -1
vn 1 0 0
vn 0 0 1
vn -1 0 0
vn 0 1 0
vn 0 -1 0
usemtl m_7c4fd87a-d0f1-9ad7-7479-aa72dea38889
f 1993/5977/1495 1994/5978/1495 1995/5979/1495 1996/5980/1495
f 1997/5981/1496 1993/5982/1496 1996/5983/1496 1998/5984/1496
f 1999/5985/1497 1997/5986/1497 1998/5987/1497 2000/5988/1497
f 1994/5989/1498 1999/5990/1498 2000/5991/1498 1995/5992/1498
f 2000/5993/1499 1998/5994/1499 1996/5995/1499 1995/5996/1499
f 1994/5997/1500 1993/5998/1500 1997/5999/1500 1999/6000/1500
o cube
v 9 16.5 -0.09375
v 7.6875 16.5 -0.09375
v 7.6875 17.0625 -0.09375
v 9 17.0625 -0.09375
v 9 16.5 0.09375
v 9 17.0625 0.09375
v 7.6875 16.5 0.09375
v 7.6875 17.0625 0.09375
vt 0.46793365478515636 0.09409332275390625
vt 0.5499649047851564 0.09409332275390625
vt 0.5499649047851564 0.12924957275390625
vt 0.46793365478515636 0.12924957275390625
vt 0.298828125 0.2451171875
vt 0.310546875 0.2451171875
vt 0.310546875 0.2802734375
vt 0.298828125 0.2802734375
vt 0.181640625 0.5029296875
vt 0.263671875 0.5029296875
vt 0.263671875 0.5380859375
vt 0.181640625 0.5380859375
vt 0.310546875 0.2451171875
vt 0.322265625 0.2451171875
vt 0.322265625 0.2802734375
vt 0.310546875 0.2802734375
vt 0.392578125 0.8310546875
vt 0.310546875 0.8310546875
vt 0.310546875 0.8193359375
vt 0.392578125 0.8193359375
vt 0.392578125 0.8076171875
vt 0.310546875 0.8076171875
vt 0.310546875 0.8193359375
vt 0.392578125 0.8193359375
vn 0 0 -1
vn 1 0 0
vn 0 0 1
vn -1 0 0
vn 0 1 0
vn 0 -1 0
usemtl m_7c4fd87a-d0f1-9ad7-7479-aa72dea38889
f 2001/6001/1501 2002/6002/1501 2003/6003/1501 2004/6004/1501
f 2005/6005/1502 2001/6006/1502 2004/6007/1502 2006/6008/1502
f 2007/6009/1503 2005/6010/1503 2006/6011/1503 2008/6012/1503
f 2002/6013/1504 2007/6014/1504 2008/6015/1504 2003/6016/1504
f 2008/6017/1505 2006/6018/1505 2004/6019/1505 2003/6020/1505
f 2002/6021/1506 2001/6022/1506 2005/6023/1506 2007/6024/1506
o cube
v 10.5 16.5 -0.09375
v 9.1875 16.5 -0.09375
v 9.1875 17.0625 -0.09375
v 10.5 17.0625 -0.09375
v 10.5 16.5 0.09375
v 10.5 17.0625 0.09375
v 9.1875 16.5 0.09375
v 9.1875 17.0625 0.09375
vt 0.46793365478515636 0.04708099365234375
vt 0.5499649047851564 0.04708099365234375
vt 0.5499649047851564 0.08223724365234375
vt 0.46793365478515636 0.08223724365234375
vt 0.369140625 0.9599609375
vt 0.380859375 0.9599609375
vt 0.380859375 0.9951171875
vt 0.369140625 0.9951171875
vt 0.181640625 0.4326171875
vt 0.263671875 0.4326171875
vt 0.263671875 0.4677734375
vt 0.181640625 0.4677734375
vt 0.369140625 0.9248046875
vt 0.380859375 0.9248046875
vt 0.380859375 0.9599609375
vt 0.369140625 0.9599609375
vt 0.392578125 0.8076171875
vt 0.310546875 0.8076171875
vt 0.310546875 0.7958984375
vt 0.392578125 0.7958984375
vt 0.392578125 0.7841796875
vt 0.310546875 0.7841796875
vt 0.310546875 0.7958984375
vt 0.392578125 0.7958984375
vn 0 0 -1
vn 1 0 0
vn 0 0 1
vn -1 0 0
vn 0 1 0
vn 0 -1 0
usemtl m_7c4fd87a-d0f1-9ad7-7479-aa72dea38889
f 2009/6025/1507 2010/6026/1507 2011/6027/1507 2012/6028/1507
f 2013/6029/1508 2009/6030/1508 2012/6031/1508 2014/6032/1508
f 2015/6033/1509 2013/6034/1509 2014/6035/1509 2016/6036/1509
f 2010/6037/1510 2015/6038/1510 2016/6039/1510 2011/6040/1510
f 2016/6041/1511 2014/6042/1511 2012/6043/1511 2011/6044/1511
f 2010/6045/1512 2009/6046/1512 2013/6047/1512 2015/6048/1512
o cube
v 12 16.5 -0.09375
v 10.6875 16.5 -0.09375
v 10.6875 17.0625 -0.09375
v 12 17.0625 -0.09375
v 12 16.5 0.09375
v 12 17.0625 0.09375
v 10.6875 16.5 0.09375
v 10.6875 17.0625 0.09375
vt 0.401592254638672 0.04708099365234375
vt 0.483623504638672 0.04708099365234375
vt 0.483623504638672 0.08223724365234375
vt 0.401592254638672 0.08223724365234375
vt 0.369140625 0.6552734375
vt 0.380859375 0.6552734375
vt 0.380859375 0.6904296875
vt 0.369140625 0.6904296875
vt 0.099609375 0.3974609375
vt 0.181640625 0.3974609375
vt 0.181640625 0.4326171875
vt 0.099609375 0.4326171875
vt 0.369140625 0.3271484375
vt 0.380859375 0.3271484375
vt 0.380859375 0.3623046875
vt 0.369140625 0.3623046875
vt 0.392578125 0.7841796875
vt 0.310546875 0.7841796875
vt 0.310546875 0.7724609375
vt 0.392578125 0.7724609375
vt 0.392578125 0.7607421875
vt 0.310546875 0.7607421875
vt 0.310546875 0.7724609375
vt 0.392578125 0.7724609375
vn 0 0 -1
vn 1 0 0
vn 0 0 1
vn -1 0 0
vn 0 1 0
vn 0 -1 0
usemtl m_7c4fd87a-d0f1-9ad7-7479-aa72dea38889
f 2017/6049/1513 2018/6050/1513 2019/6051/1513 2020/6052/1513
f 2021/6053/1514 2017/6054/1514 2020/6055/1514 2022/6056/1514
f 2023/6057/1515 2021/6058/1515 2022/6059/1515 2024/6060/1515
f 2018/6061/1516 2023/6062/1516 2024/6063/1516 2019/6064/1516
f 2024/6065/1517 2022/6066/1517 2020/6067/1517 2019/6068/1517
f 2018/6069/1518 2017/6070/1518 2021/6071/1518 2023/6072/1518
o cube
v 6.75 17.25 -0.09375
v 6 17.25 -0.09375
v 6 17.8125 -0.09375
v 6.75 17.8125 -0.09375
v 6.75 17.25 0.09375
v 6.75 17.8125 0.09375
v 6 17.25 0.09375
v 6 17.8125 0.09375
vt 0.5381774902343751 0.37616729736328125
vt 0.5850524902343751 0.37616729736328125
vt 0.5850524902343751 0.41132354736328125
vt 0.5381774902343751 0.41132354736328125
vt 0.369140625 0.2919921875
vt 0.380859375 0.2919921875
vt 0.380859375 0.3271484375
vt 0.369140625 0.3271484375
vt 0.263671875 0.6435546875
vt 0.310546875 0.6435546875
vt 0.310546875 0.6787109375
vt 0.263671875 0.6787109375
vt 0.369140625 0.2568359375
vt 0.380859375 0.2568359375
vt 0.380859375 0.2919921875
vt 0.369140625 0.2919921875
vt 0.158203125 0.3271484375
vt 0.111328125 0.3271484375
vt 0.111328125 0.3154296875
vt 0.158203125 0.3154296875
vt 0.205078125 0.3154296875
vt 0.158203125 0.3154296875
vt 0.158203125 0.3271484375
vt 0.205078125 0.3271484375
vn 0 0 -1
vn 1 0 0
vn 0 0 1
vn -1 0 0
vn 0 1 0
vn 0 -1 0
usemtl m_7c4fd87a-d0f1-9ad7-7479-aa72dea38889
f 2025/6073/1519 2026/6074/1519 2027/6075/1519 2028/6076/1519
f 2029/6077/1520 2025/6078/1520 2028/6079/1520 2030/6080/1520
f 2031/6081/1521 2029/6082/1521 2030/6083/1521 2032/6084/1521
f 2026/6085/1522 2031/6086/1522 2032/6087/1522 2027/6088/1522
f 2032/6089/1523 2030/6090/1523 2028/6091/1523 2027/6092/1523
f 2026/6093/1524 2025/6094/1524 2029/6095/1524 2031/6096/1524
o cube
v 8.25 17.25 -0.09375
v 6.9375 17.25 -0.09375
v 6.9375 17.8125 -0.09375
v 8.25 17.8125 -0.09375
v 8.25 17.25 0.09375
v 8.25 17.8125 0.09375
v 6.9375 17.25 0.09375
v 6.9375 17.8125 0.09375
vt 0.46793365478515636 0.04708099365234375
vt 0.5499649047851564 0.04708099365234375
vt 0.5499649047851564 0.08223724365234375
vt 0.46793365478515636 0.08223724365234375
vt 0.076171875 0.2333984375
vt 0.087890625 0.2333984375
vt 0.087890625 0.2685546875
vt 0.076171875 0.2685546875
vt 0.017578125 0.3623046875
vt 0.099609375 0.3623046875
vt 0.099609375 0.3974609375
vt 0.017578125 0.3974609375
vt 0.087890625 0.2333984375
vt 0.099609375 0.2333984375
vt 0.099609375 0.2685546875
vt 0.087890625 0.2685546875
vt 0.392578125 0.7607421875
vt 0.310546875 0.7607421875
vt 0.310546875 0.7490234375
vt 0.392578125 0.7490234375
vt 0.392578125 0.7373046875
vt 0.310546875 0.7373046875
vt 0.310546875 0.7490234375
vt 0.392578125 0.7490234375
vn 0 0 -1
vn 1 0 0
vn 0 0 1
vn -1 0 0
vn 0 1 0
vn 0 -1 0
usemtl m_7c4fd87a-d0f1-9ad7-7479-aa72dea38889
f 2033/6097/1525 2034/6098/1525 2035/6099/1525 2036/6100/1525
f 2037/6101/1526 2033/6102/1526 2036/6103/1526 2038/6104/1526
f 2039/6105/1527 2037/6106/1527 2038/6107/1527 2040/6108/1527
f 2034/6109/1528 2039/6110/1528 2040/6111/1528 2035/6112/1528
f 2040/6113/1529 2038/6114/1529 2036/6115/1529 2035/6116/1529
f 2034/6117/1530 2033/6118/1530 2037/6119/1530 2039/6120/1530
o cube
v 9.75 17.25 -0.09375
v 8.4375 17.25 -0.09375
v 8.4375 17.8125 -0.09375
v 9.75 17.8125 -0.09375
v 9.75 17.25 0.09375
v 9.75 17.8125 0.09375
v 8.4375 17.25 0.09375
v 8.4375 17.8125 0.09375
vt 0.46793365478515636 0.04708099365234375
vt 0.5499649047851564 0.04708099365234375
vt 0.5499649047851564 0.08223724365234375
vt 0.46793365478515636 0.08223724365234375
vt 0.099609375 0.2333984375
vt 0.111328125 0.2333984375
vt 0.111328125 0.2685546875
vt 0.099609375 0.2685546875
vt 0.181640625 0.3623046875
vt 0.263671875 0.3623046875
vt 0.263671875 0.3974609375
vt 0.181640625 0.3974609375
vt 0.111328125 0.2333984375
vt 0.123046875 0.2333984375
vt 0.123046875 0.2685546875
vt 0.111328125 0.2685546875
vt 0.392578125 0.7373046875
vt 0.310546875 0.7373046875
vt 0.310546875 0.7255859375
vt 0.392578125 0.7255859375
vt 0.392578125 0.7138671875
vt 0.310546875 0.7138671875
vt 0.310546875 0.7255859375
vt 0.392578125 0.7255859375
vn 0 0 -1
vn 1 0 0
vn 0 0 1
vn -1 0 0
vn 0 1 0
vn 0 -1 0
usemtl m_7c4fd87a-d0f1-9ad7-7479-aa72dea38889
f 2041/6121/1531 2042/6122/1531 2043/6123/1531 2044/6124/1531
f 2045/6125/1532 2041/6126/1532 2044/6127/1532 2046/6128/1532
f 2047/6129/1533 2045/6130/1533 2046/6131/1533 2048/6132/1533
f 2042/6133/1534 2047/6134/1534 2048/6135/1534 2043/6136/1534
f 2048/6137/1535 2046/6138/1535 2044/6139/1535 2043/6140/1535
f 2042/6141/1536 2041/6142/1536 2045/6143/1536 2047/6144/1536
o cube
v 11.25 17.25 -0.09375
v 9.9375 17.25 -0.09375
v 9.9375 17.8125 -0.09375
v 11.25 17.8125 -0.09375
v 11.25 17.25 0.09375
v 11.25 17.8125 0.09375
v 9.9375 17.25 0.09375
v 9.9375 17.8125 0.09375
vt 0.46793365478515636 0.9403152465820312
vt 0.5499649047851564 0.9403152465820312
vt 0.5499649047851564 0.9754714965820312
vt 0.46793365478515636 0.9754714965820312
vt 0.123046875 0.2333984375
vt 0.134765625 0.2333984375
vt 0.134765625 0.2685546875
vt 0.123046875 0.2685546875
vt 0.263671875 0.9248046875
vt 0.345703125 0.9248046875
vt 0.345703125 0.9599609375
vt 0.263671875 0.9599609375
vt 0.134765625 0.2333984375
vt 0.146484375 0.2333984375
vt 0.146484375 0.2685546875
vt 0.134765625 0.2685546875
vt 0.392578125 0.7138671875
vt 0.310546875 0.7138671875
vt 0.310546875 0.7021484375
vt 0.392578125 0.7021484375
vt 0.392578125 0.6904296875
vt 0.310546875 0.6904296875
vt 0.310546875 0.7021484375
vt 0.392578125 0.7021484375
vn 0 0 -1
vn 1 0 0
vn 0 0 1
vn -1 0 0
vn 0 1 0
vn 0 -1 0
usemtl m_7c4fd87a-d0f1-9ad7-7479-aa72dea38889
f 2049/6145/1537 2050/6146/1537 2051/6147/1537 2052/6148/1537
f 2053/6149/1538 2049/6150/1538 2052/6151/1538 2054/6152/1538
f 2055/6153/1539 2053/6154/1539 2054/6155/1539 2056/6156/1539
f 2050/6157/1540 2055/6158/1540 2056/6159/1540 2051/6160/1540
f 2056/6161/1541 2054/6162/1541 2052/6163/1541 2051/6164/1541
f 2050/6165/1542 2049/6166/1542 2053/6167/1542 2055/6168/1542
o cube
v 12 17.25 -0.09375
v 11.4375 17.25 -0.09375
v 11.4375 17.8125 -0.09375
v 12 17.8125 -0.09375
v 12 17.25 0.09375
v 12 17.8125 0.09375
v 11.4375 17.25 0.09375
v 11.4375 17.8125 0.09375
vt 0.5615921020507814 0.04708099365234375
vt 0.5967483520507814 0.04708099365234375
vt 0.5967483520507814 0.08223724365234375
vt 0.5615921020507814 0.08223724365234375
vt 0.251953125 0.2333984375
vt 0.263671875 0.2333984375
vt 0.263671875 0.2685546875
vt 0.251953125 0.2685546875
vt 0.263671875 0.3623046875
vt 0.298828125 0.3623046875
vt 0.298828125 0.3974609375
vt 0.263671875 0.3974609375
vt 0.263671875 0.2333984375
vt 0.275390625 0.2333984375
vt 0.275390625 0.2685546875
vt 0.263671875 0.2685546875
vt 0.416015625 0.9951171875
vt 0.380859375 0.9951171875
vt 0.380859375 0.9833984375
vt 0.416015625 0.9833984375
vt 0.416015625 0.9716796875
vt 0.380859375 0.9716796875
vt 0.380859375 0.9833984375
vt 0.416015625 0.9833984375
vn 0 0 -1
vn 1 0 0
vn 0 0 1
vn -1 0 0
vn 0 1 0
vn 0 -1 0
usemtl m_7c4fd87a-d0f1-9ad7-7479-aa72dea38889
f 2057/6169/1543 2058/6170/1543 2059/6171/1543 2060/6172/1543
f 2061/6173/1544 2057/6174/1544 2060/6175/1544 2062/6176/1544
f 2063/6177/1545 2061/6178/1545 2062/6179/1545 2064/6180/1545
f 2058/6181/1546 2063/6182/1546 2064/6183/1546 2059/6184/1546
f 2064/6185/1547 2062/6186/1547 2060/6187/1547 2059/6188/1547
f 2058/6189/1548 2057/6190/1548 2061/6191/1548 2063/6192/1548
o cube
v 12 12 0
v 6 12 0
v 6 18 0
v 12 18 0
v 12 12 0.15625
v 12 18 0.15625
v 6 12 0.15625
v 6 18 0.15625
vt 0 0.625
vt 0.375 0.625
vt 0.375 1
vt 0 1
vt 0.375 0.625
vt 0.384765625 0.625
vt 0.384765625 1
vt 0.375 1
vt 0 0.625
vt 0.375 0.625
vt 0.375 1
vt 0 1
vt 0.375 0.25
vt 0.384765625 0.25
vt 0.384765625 0.625
vt 0.375 0.625
vt 0.759765625 1
vt 0.384765625 1
vt 0.384765625 0.990234375
vt 0.759765625 0.990234375
vt 0.759765625 0.98046875
vt 0.384765625 0.98046875
vt 0.384765625 0.990234375
vt 0.759765625 0.990234375
vn 0 0 -1
vn 1 0 0
vn 0 0 1
vn -1 0 0
vn 0 1 0
vn 0 -1 0
usemtl m_7c4fd87a-d0f1-9ad7-7479-aa72dea38889
f 2065/6193/1549 2066/6194/1549 2067/6195/1549 2068/6196/1549
f 2069/6197/1550 2065/6198/1550 2068/6199/1550 2070/6200/1550
f 2071/6201/1551 2069/6202/1551 2070/6203/1551 2072/6204/1551
f 2066/6205/1552 2071/6206/1552 2072/6207/1552 2067/6208/1552
f 2072/6209/1553 2070/6210/1553 2068/6211/1553 2067/6212/1553
f 2066/6213/1554 2065/6214/1554 2069/6215/1554 2071/6216/1554
o cube
v 6.75 6.75 -0.09375
v 6 6.75 -0.09375
v 6 7.3125 -0.09375
v 6.75 7.3125 -0.09375
v 6.75 6.75 0.09375
v 6.75 7.3125 0.09375
v 6 6.75 0.09375
v 6 7.3125 0.09375
vt 0.5381774902343751 0.7992782592773438
vt 0.5850524902343751 0.7992782592773438
vt 0.5850524902343751 0.8344345092773438
vt 0.5381774902343751 0.8344345092773438
vt 0.146484375 0.2802734375
vt 0.158203125 0.2802734375
vt 0.158203125 0.3154296875
vt 0.146484375 0.3154296875
vt 0.263671875 0.8544921875
vt 0.310546875 0.8544921875
vt 0.310546875 0.8896484375
vt 0.263671875 0.8896484375
vt 0.158203125 0.2802734375
vt 0.169921875 0.2802734375
vt 0.169921875 0.3154296875
vt 0.158203125 0.3154296875
vt 0.357421875 0.6904296875
vt 0.310546875 0.6904296875
vt 0.310546875 0.6787109375
vt 0.357421875 0.6787109375
vt 0.357421875 0.6669921875
vt 0.310546875 0.6669921875
vt 0.310546875 0.6787109375
vt 0.357421875 0.6787109375
vn 0 0 -1
vn 1 0 0
vn 0 0 1
vn -1 0 0
vn 0 1 0
vn 0 -1 0
usemtl m_7c4fd87a-d0f1-9ad7-7479-aa72dea38889
f 2073/6217/1555 2074/6218/1555 2075/6219/1555 2076/6220/1555
f 2077/6221/1556 2073/6222/1556 2076/6223/1556 2078/6224/1556
f 2079/6225/1557 2077/6226/1557 2078/6227/1557 2080/6228/1557
f 2074/6229/1558 2079/6230/1558 2080/6231/1558 2075/6232/1558
f 2080/6233/1559 2078/6234/1559 2076/6235/1559 2075/6236/1559
f 2074/6237/1560 2073/6238/1560 2077/6239/1560 2079/6240/1560
o cube
v 10.5 6 -0.09375
v 9.1875 6 -0.09375
v 9.1875 6.5625 -0.09375
v 10.5 6.5625 -0.09375
v 10.5 6 0.09375
v 10.5 6.5625 0.09375
v 9.1875 6 0.09375
v 9.1875 6.5625 0.09375
vt 0.401592254638672 0.9403152465820312
vt 0.483623504638672 0.9403152465820312
vt 0.483623504638672 0.9754714965820312
vt 0.401592254638672 0.9754714965820312
vt 0.205078125 0.2919921875
vt 0.216796875 0.2919921875
vt 0.216796875 0.3271484375
vt 0.205078125 0.3271484375
vt 0.017578125 0.9248046875
vt 0.099609375 0.9248046875
vt 0.099609375 0.9599609375
vt 0.017578125 0.9599609375
vt 0.216796875 0.2919921875
vt 0.228515625 0.2919921875
vt 0.228515625 0.3271484375
vt 0.216796875 0.3271484375
vt 0.099609375 0.3623046875
vt 0.017578125 0.3623046875
vt 0.017578125 0.3505859375
vt 0.099609375 0.3505859375
vt 0.181640625 0.3505859375
vt 0.099609375 0.3505859375
vt 0.099609375 0.3623046875
vt 0.181640625 0.3623046875
vn 0 0 -1
vn 1 0 0
vn 0 0 1
vn -1 0 0
vn 0 1 0
vn 0 -1 0
usemtl m_7c4fd87a-d0f1-9ad7-7479-aa72dea38889
f 2081/6241/1561 2082/6242/1561 2083/6243/1561 2084/6244/1561
f 2085/6245/1562 2081/6246/1562 2084/6247/1562 2086/6248/1562
f 2087/6249/1563 2085/6250/1563 2086/6251/1563 2088/6252/1563
f 2082/6253/1564 2087/6254/1564 2088/6255/1564 2083/6256/1564
f 2088/6257/1565 2086/6258/1565 2084/6259/1565 2083/6260/1565
f 2082/6261/1566 2081/6262/1566 2085/6263/1566 2087/6264/1566
o cube
v 12 6 -0.09375
v 10.6875 6 -0.09375
v 10.6875 6.5625 -0.09375
v 12 6.5625 -0.09375
v 12 6 0.09375
v 12 6.5625 0.09375
v 10.6875 6 0.09375
v 10.6875 6.5625 0.09375
vt 0.401592254638672 0.7992782592773438
vt 0.483623504638672 0.7992782592773438
vt 0.483623504638672 0.8344345092773438
vt 0.401592254638672 0.8344345092773438
vt 0.228515625 0.2919921875
vt 0.240234375 0.2919921875
vt 0.240234375 0.3271484375
vt 0.228515625 0.3271484375
vt 0.017578125 0.8544921875
vt 0.099609375 0.8544921875
vt 0.099609375 0.8896484375
vt 0.017578125 0.8896484375
vt 0.240234375 0.2919921875
vt 0.251953125 0.2919921875
vt 0.251953125 0.3271484375
vt 0.240234375 0.3271484375
vt 0.263671875 0.3623046875
vt 0.181640625 0.3623046875
vt 0.181640625 0.3505859375
vt 0.263671875 0.3505859375
vt 0.345703125 0.3505859375
vt 0.263671875 0.3505859375
vt 0.263671875 0.3623046875
vt 0.345703125 0.3623046875
vn 0 0 -1
vn 1 0 0
vn 0 0 1
vn -1 0 0
vn 0 1 0
vn 0 -1 0
usemtl m_7c4fd87a-d0f1-9ad7-7479-aa72dea38889
f 2089/6265/1567 2090/6266/1567 2091/6267/1567 2092/6268/1567
f 2093/6269/1568 2089/6270/1568 2092/6271/1568 2094/6272/1568
f 2095/6273/1569 2093/6274/1569 2094/6275/1569 2096/6276/1569
f 2090/6277/1570 2095/6278/1570 2096/6279/1570 2091/6280/1570
f 2096/6281/1571 2094/6282/1571 2092/6283/1571 2091/6284/1571
f 2090/6285/1572 2089/6286/1572 2093/6287/1572 2095/6288/1572
o cube
v 9 6 -0.09375
v 7.6875 6 -0.09375
v 7.6875 6.5625 -0.09375
v 9 6.5625 -0.09375
v 9 6 0.09375
v 9 6.5625 0.09375
v 7.6875 6 0.09375
v 7.6875 6.5625 0.09375
vt 0.401592254638672 0.6582412719726562
vt 0.483623504638672 0.6582412719726562
vt 0.483623504638672 0.6933975219726562
vt 0.401592254638672 0.6933975219726562
vt 0.251953125 0.2919921875
vt 0.263671875 0.2919921875
vt 0.263671875 0.3271484375
vt 0.251953125 0.3271484375
vt 0.017578125 0.7841796875
vt 0.099609375 0.7841796875
vt 0.099609375 0.8193359375
vt 0.017578125 0.8193359375
vt 0.263671875 0.2919921875
vt 0.275390625 0.2919921875
vt 0.275390625 0.3271484375
vt 0.263671875 0.3271484375
vt 0.099609375 0.3505859375
vt 0.017578125 0.3505859375
vt 0.017578125 0.3388671875
vt 0.099609375 0.3388671875
vt 0.181640625 0.3388671875
vt 0.099609375 0.3388671875
vt 0.099609375 0.3505859375
vt 0.181640625 0.3505859375
vn 0 0 -1
vn 1 0 0
vn 0 0 1
vn -1 0 0
vn 0 1 0
vn 0 -1 0
usemtl m_7c4fd87a-d0f1-9ad7-7479-aa72dea38889
f 2097/6289/1573 2098/6290/1573 2099/6291/1573 2100/6292/1573
f 2101/6293/1574 2097/6294/1574 2100/6295/1574 2102/6296/1574
f 2103/6297/1575 2101/6298/1575 2102/6299/1575 2104/6300/1575
f 2098/6301/1576 2103/6302/1576 2104/6303/1576 2099/6304/1576
f 2104/6305/1577 2102/6306/1577 2100/6307/1577 2099/6308/1577
f 2098/6309/1578 2097/6310/1578 2101/6311/1578 2103/6312/1578
o cube
v 8.25 6.75 -0.09375
v 6.9375 6.75 -0.09375
v 6.9375 7.3125 -0.09375
v 8.25 7.3125 -0.09375
v 8.25 6.75 0.09375
v 8.25 7.3125 0.09375
v 6.9375 6.75 0.09375
v 6.9375 7.3125 0.09375
vt 0.401592254638672 0.5172042846679688
vt 0.483623504638672 0.5172042846679688
vt 0.483623504638672 0.5523605346679688
vt 0.401592254638672 0.5523605346679688
vt 0.275390625 0.2919921875
vt 0.287109375 0.2919921875
vt 0.287109375 0.3271484375
vt 0.275390625 0.3271484375
vt 0.017578125 0.7138671875
vt 0.099609375 0.7138671875
vt 0.099609375 0.7490234375
vt 0.017578125 0.7490234375
vt 0.287109375 0.2919921875
vt 0.298828125 0.2919921875
vt 0.298828125 0.3271484375
vt 0.287109375 0.3271484375
vt 0.263671875 0.3505859375
vt 0.181640625 0.3505859375
vt 0.181640625 0.3388671875
vt 0.263671875 0.3388671875
vt 0.345703125 0.3388671875
vt 0.263671875 0.3388671875
vt 0.263671875 0.3505859375
vt 0.345703125 0.3505859375
vn 0 0 -1
vn 1 0 0
vn 0 0 1
vn -1 0 0
vn 0 1 0
vn 0 -1 0
usemtl m_7c4fd87a-d0f1-9ad7-7479-aa72dea38889
f 2105/6313/1579 2106/6314/1579 2107/6315/1579 2108/6316/1579
f 2109/6317/1580 2105/6318/1580 2108/6319/1580 2110/6320/1580
f 2111/6321/1581 2109/6322/1581 2110/6323/1581 2112/6324/1581
f 2106/6325/1582 2111/6326/1582 2112/6327/1582 2107/6328/1582
f 2112/6329/1583 2110/6330/1583 2108/6331/1583 2107/6332/1583
f 2106/6333/1584 2105/6334/1584 2109/6335/1584 2111/6336/1584
o cube
v 7.5 6 -0.09375
v 6.1875 6 -0.09375
v 6.1875 6.5625 -0.09375
v 7.5 6.5625 -0.09375
v 7.5 6 0.09375
v 7.5 6.5625 0.09375
v 6.1875 6 0.09375
v 6.1875 6.5625 0.09375
vt 0.401592254638672 0.37616729736328125
vt 0.483623504638672 0.37616729736328125
vt 0.483623504638672 0.41132354736328125
vt 0.401592254638672 0.41132354736328125
vt 0.298828125 0.2919921875
vt 0.310546875 0.2919921875
vt 0.310546875 0.3271484375
vt 0.298828125 0.3271484375
vt 0.017578125 0.6435546875
vt 0.099609375 0.6435546875
vt 0.099609375 0.6787109375
vt 0.017578125 0.6787109375
vt 0.310546875 0.2919921875
vt 0.322265625 0.2919921875
vt 0.322265625 0.3271484375
vt 0.310546875 0.3271484375
vt 0.380859375 0.6435546875
vt 0.298828125 0.6435546875
vt 0.298828125 0.6318359375
vt 0.380859375 0.6318359375
vt 0.380859375 0.6201171875
vt 0.298828125 0.6201171875
vt 0.298828125 0.6318359375
vt 0.380859375 0.6318359375
vn 0 0 -1
vn 1 0 0
vn 0 0 1
vn -1 0 0
vn 0 1 0
vn 0 -1 0
usemtl m_7c4fd87a-d0f1-9ad7-7479-aa72dea38889
f 2113/6337/1585 2114/6338/1585 2115/6339/1585 2116/6340/1585
f 2117/6341/1586 2113/6342/1586 2116/6343/1586 2118/6344/1586
f 2119/6345/1587 2117/6346/1587 2118/6347/1587 2120/6348/1587
f 2114/6349/1588 2119/6350/1588 2120/6351/1588 2115/6352/1588
f 2120/6353/1589 2118/6354/1589 2116/6355/1589 2115/6356/1589
f 2114/6357/1590 2113/6358/1590 2117/6359/1590 2119/6360/1590
o cube
v 9.75 6.75 -0.09375
v 8.4375 6.75 -0.09375
v 8.4375 7.3125 -0.09375
v 9.75 7.3125 -0.09375
v 9.75 6.75 0.09375
v 9.75 7.3125 0.09375
v 8.4375 6.75 0.09375
v 8.4375 7.3125 0.09375
vt 0.401592254638672 0.23513031005859375
vt 0.483623504638672 0.23513031005859375
vt 0.483623504638672 0.27028656005859375
vt 0.401592254638672 0.27028656005859375
vt 0.322265625 0.2919921875
vt 0.333984375 0.2919921875
vt 0.333984375 0.3271484375
vt 0.322265625 0.3271484375
vt 0.017578125 0.5732421875
vt 0.099609375 0.5732421875
vt 0.099609375 0.6083984375
vt 0.017578125 0.6083984375
vt 0.017578125 0.2802734375
vt 0.029296875 0.2802734375
vt 0.029296875 0.3154296875
vt 0.017578125 0.3154296875
vt 0.380859375 0.6201171875
vt 0.298828125 0.6201171875
vt 0.298828125 0.6083984375
vt 0.380859375 0.6083984375
vt 0.380859375 0.5966796875
vt 0.298828125 0.5966796875
vt 0.298828125 0.6083984375
vt 0.380859375 0.6083984375
vn 0 0 -1
vn 1 0 0
vn 0 0 1
vn -1 0 0
vn 0 1 0
vn 0 -1 0
usemtl m_7c4fd87a-d0f1-9ad7-7479-aa72dea38889
f 2121/6361/1591 2122/6362/1591 2123/6363/1591 2124/6364/1591
f 2125/6365/1592 2121/6366/1592 2124/6367/1592 2126/6368/1592
f 2127/6369/1593 2125/6370/1593 2126/6371/1593 2128/6372/1593
f 2122/6373/1594 2127/6374/1594 2128/6375/1594 2123/6376/1594
f 2128/6377/1595 2126/6378/1595 2124/6379/1595 2123/6380/1595
f 2122/6381/1596 2121/6382/1596 2125/6383/1596 2127/6384/1596
o cube
v 11.25 6.75 -0.09375
v 9.9375 6.75 -0.09375
v 9.9375 7.3125 -0.09375
v 11.25 7.3125 -0.09375
v 11.25 6.75 0.09375
v 11.25 7.3125 0.09375
v 9.9375 6.75 0.09375
v 9.9375 7.3125 0.09375
vt 0.401592254638672 0.09409332275390625
vt 0.483623504638672 0.09409332275390625
vt 0.483623504638672 0.12924957275390625
vt 0.401592254638672 0.12924957275390625
vt 0.029296875 0.2802734375
vt 0.041015625 0.2802734375
vt 0.041015625 0.3154296875
vt 0.029296875 0.3154296875
vt 0.099609375 0.9599609375
vt 0.181640625 0.9599609375
vt 0.181640625 0.9951171875
vt 0.099609375 0.9951171875
vt 0.041015625 0.2802734375
vt 0.052734375 0.2802734375
vt 0.052734375 0.3154296875
vt 0.041015625 0.3154296875
vt 0.380859375 0.5966796875
vt 0.298828125 0.5966796875
vt 0.298828125 0.5849609375
vt 0.380859375 0.5849609375
vt 0.380859375 0.5732421875
vt 0.298828125 0.5732421875
vt 0.298828125 0.5849609375
vt 0.380859375 0.5849609375
vn 0 0 -1
vn 1 0 0
vn 0 0 1
vn -1 0 0
vn 0 1 0
vn 0 -1 0
usemtl m_7c4fd87a-d0f1-9ad7-7479-aa72dea38889
f 2129/6385/1597 2130/6386/1597 2131/6387/1597 2132/6388/1597
f 2133/6389/1598 2129/6390/1598 2132/6391/1598 2134/6392/1598
f 2135/6393/1599 2133/6394/1599 2134/6395/1599 2136/6396/1599
f 2130/6397/1600 2135/6398/1600 2136/6399/1600 2131/6400/1600
f 2136/6401/1601 2134/6402/1601 2132/6403/1601 2131/6404/1601
f 2130/6405/1602 2129/6406/1602 2133/6407/1602 2135/6408/1602
o cube
v 12 6.75 -0.09375
v 11.4375 6.75 -0.09375
v 11.4375 7.3125 -0.09375
v 12 7.3125 -0.09375
v 12 6.75 0.09375
v 12 7.3125 0.09375
v 11.4375 6.75 0.09375
v 11.4375 7.3125 0.09375
vt 0.5615921020507814 0.23513031005859375
vt 0.5967483520507814 0.23513031005859375
vt 0.5967483520507814 0.27028656005859375
vt 0.5615921020507814 0.27028656005859375
vt 0.052734375 0.2802734375
vt 0.064453125 0.2802734375
vt 0.064453125 0.3154296875
vt 0.052734375 0.3154296875
vt 0.263671875 0.5732421875
vt 0.298828125 0.5732421875
vt 0.298828125 0.6083984375
vt 0.263671875 0.6083984375
vt 0.064453125 0.2802734375
vt 0.076171875 0.2802734375
vt 0.076171875 0.3154296875
vt 0.064453125 0.3154296875
vt 0.111328125 0.3154296875
vt 0.076171875 0.3154296875
vt 0.076171875 0.3037109375
vt 0.111328125 0.3037109375
vt 0.146484375 0.3037109375
vt 0.111328125 0.3037109375
vt 0.111328125 0.3154296875
vt 0.146484375 0.3154296875
vn 0 0 -1
vn 1 0 0
vn 0 0 1
vn -1 0 0
vn 0 1 0
vn 0 -1 0
usemtl m_7c4fd87a-d0f1-9ad7-7479-aa72dea38889
f 2137/6409/1603 2138/6410/1603 2139/6411/1603 2140/6412/1603
f 2141/6413/1604 2137/6414/1604 2140/6415/1604 2142/6416/1604
f 2143/6417/1605 2141/6418/1605 2142/6419/1605 2144/6420/1605
f 2138/6421/1606 2143/6422/1606 2144/6423/1606 2139/6424/1606
f 2144/6425/1607 2142/6426/1607 2140/6427/1607 2139/6428/1607
f 2138/6429/1608 2137/6430/1608 2141/6431/1608 2143/6432/1608
o cube
v 12 7.5 -0.09375
v 10.6875 7.5 -0.09375
v 10.6875 8.0625 -0.09375
v 12 8.0625 -0.09375
v 12 7.5 0.09375
v 12 8.0625 0.09375
v 10.6875 7.5 0.09375
v 10.6875 8.0625 0.09375
vt 0.46793365478515636 0.8697967529296875
vt 0.5499649047851564 0.8697967529296875
vt 0.5499649047851564 0.9049530029296875
vt 0.46793365478515636 0.9049530029296875
vt 0.169921875 0.2802734375
vt 0.181640625 0.2802734375
vt 0.181640625 0.3154296875
vt 0.169921875 0.3154296875
vt 0.099609375 0.8896484375
vt 0.181640625 0.8896484375
vt 0.181640625 0.9248046875
vt 0.099609375 0.9248046875
vt 0.181640625 0.2802734375
vt 0.193359375 0.2802734375
vt 0.193359375 0.3154296875
vt 0.181640625 0.3154296875
vt 0.380859375 0.5732421875
vt 0.298828125 0.5732421875
vt 0.298828125 0.5615234375
vt 0.380859375 0.5615234375
vt 0.380859375 0.5498046875
vt 0.298828125 0.5498046875
vt 0.298828125 0.5615234375
vt 0.380859375 0.5615234375
vn 0 0 -1
vn 1 0 0
vn 0 0 1
vn -1 0 0
vn 0 1 0
vn 0 -1 0
usemtl m_7c4fd87a-d0f1-9ad7-7479-aa72dea38889
f 2145/6433/1609 2146/6434/1609 2147/6435/1609 2148/6436/1609
f 2149/6437/1610 2145/6438/1610 2148/6439/1610 2150/6440/1610
f 2151/6441/1611 2149/6442/1611 2150/6443/1611 2152/6444/1611
f 2146/6445/1612 2151/6446/1612 2152/6447/1612 2147/6448/1612
f 2152/6449/1613 2150/6450/1613 2148/6451/1613 2147/6452/1613
f 2146/6453/1614 2145/6454/1614 2149/6455/1614 2151/6456/1614
o cube
v 10.5 7.5 -0.09375
v 9.1875 7.5 -0.09375
v 9.1875 8.0625 -0.09375
v 10.5 8.0625 -0.09375
v 10.5 7.5 0.09375
v 10.5 8.0625 0.09375
v 9.1875 7.5 0.09375
v 9.1875 8.0625 0.09375
vt 0.46793365478515636 0.728759765625
vt 0.5499649047851564 0.728759765625
vt 0.5499649047851564 0.763916015625
vt 0.46793365478515636 0.763916015625
vt 0.193359375 0.2802734375
vt 0.205078125 0.2802734375
vt 0.205078125 0.3154296875
vt 0.193359375 0.3154296875
vt 0.099609375 0.8193359375
vt 0.181640625 0.8193359375
vt 0.181640625 0.8544921875
vt 0.099609375 0.8544921875
vt 0.333984375 0.2919921875
vt 0.345703125 0.2919921875
vt 0.345703125 0.3271484375
vt 0.333984375 0.3271484375
vt 0.380859375 0.5498046875
vt 0.298828125 0.5498046875
vt 0.298828125 0.5380859375
vt 0.380859375 0.5380859375
vt 0.380859375 0.5263671875
vt 0.298828125 0.5263671875
vt 0.298828125 0.5380859375
vt 0.380859375 0.5380859375
vn 0 0 -1
vn 1 0 0
vn 0 0 1
vn -1 0 0
vn 0 1 0
vn 0 -1 0
usemtl m_7c4fd87a-d0f1-9ad7-7479-aa72dea38889
f 2153/6457/1615 2154/6458/1615 2155/6459/1615 2156/6460/1615
f 2157/6461/1616 2153/6462/1616 2156/6463/1616 2158/6464/1616
f 2159/6465/1617 2157/6466/1617 2158/6467/1617 2160/6468/1617
f 2154/6469/1618 2159/6470/1618 2160/6471/1618 2155/6472/1618
f 2160/6473/1619 2158/6474/1619 2156/6475/1619 2155/6476/1619
f 2154/6477/1620 2153/6478/1620 2157/6479/1620 2159/6480/1620
o cube
v 9 7.5 -0.09375
v 7.6875 7.5 -0.09375
v 7.6875 8.0625 -0.09375
v 9 8.0625 -0.09375
v 9 7.5 0.09375
v 9 8.0625 0.09375
v 7.6875 7.5 0.09375
v 7.6875 8.0625 0.09375
vt 0.46793365478515636 0.5877227783203125
vt 0.5499649047851564 0.5877227783203125
vt 0.5499649047851564 0.6228790283203125
vt 0.46793365478515636 0.6228790283203125
vt 0.076171875 0.2685546875
vt 0.087890625 0.2685546875
vt 0.087890625 0.3037109375
vt 0.076171875 0.3037109375
vt 0.099609375 0.7490234375
vt 0.181640625 0.7490234375
vt 0.181640625 0.7841796875
vt 0.099609375 0.7841796875
vt 0.087890625 0.2685546875
vt 0.099609375 0.2685546875
vt 0.099609375 0.3037109375
vt 0.087890625 0.3037109375
vt 0.380859375 0.5263671875
vt 0.298828125 0.5263671875
vt 0.298828125 0.5146484375
vt 0.380859375 0.5146484375
vt 0.380859375 0.5029296875
vt 0.298828125 0.5029296875
vt 0.298828125 0.5146484375
vt 0.380859375 0.5146484375
vn 0 0 -1
vn 1 0 0
vn 0 0 1
vn -1 0 0
vn 0 1 0
vn 0 -1 0
usemtl m_7c4fd87a-d0f1-9ad7-7479-aa72dea38889
f 2161/6481/1621 2162/6482/1621 2163/6483/1621 2164/6484/1621
f 2165/6485/1622 2161/6486/1622 2164/6487/1622 2166/6488/1622
f 2167/6489/1623 2165/6490/1623 2166/6491/1623 2168/6492/1623
f 2162/6493/1624 2167/6494/1624 2168/6495/1624 2163/6496/1624
f 2168/6497/1625 2166/6498/1625 2164/6499/1625 2163/6500/1625
f 2162/6501/1626 2161/6502/1626 2165/6503/1626 2167/6504/1626
o cube
v 7.5 7.5 -0.09375
v 6.1875 7.5 -0.09375
v 6.1875 8.0625 -0.09375
v 7.5 8.0625 -0.09375
v 7.5 7.5 0.09375
v 7.5 8.0625 0.09375
v 6.1875 7.5 0.09375
v 6.1875 8.0625 0.09375
vt 0.46793365478515636 0.446685791015625
vt 0.5499649047851564 0.446685791015625
vt 0.5499649047851564 0.481842041015625
vt 0.46793365478515636 0.481842041015625
vt 0.099609375 0.2685546875
vt 0.111328125 0.2685546875
vt 0.111328125 0.3037109375
vt 0.099609375 0.3037109375
vt 0.099609375 0.6787109375
vt 0.181640625 0.6787109375
vt 0.181640625 0.7138671875
vt 0.099609375 0.7138671875
vt 0.111328125 0.2685546875
vt 0.123046875 0.2685546875
vt 0.123046875 0.3037109375
vt 0.111328125 0.3037109375
vt 0.380859375 0.5029296875
vt 0.298828125 0.5029296875
vt 0.298828125 0.4912109375
vt 0.380859375 0.4912109375
vt 0.380859375 0.4794921875
vt 0.298828125 0.4794921875
vt 0.298828125 0.4912109375
vt 0.380859375 0.4912109375
vn 0 0 -1
vn 1 0 0
vn 0 0 1
vn -1 0 0
vn 0 1 0
vn 0 -1 0
usemtl m_7c4fd87a-d0f1-9ad7-7479-aa72dea38889
f 2169/6505/1627 2170/6506/1627 2171/6507/1627 2172/6508/1627
f 2173/6509/1628 2169/6510/1628 2172/6511/1628 2174/6512/1628
f 2175/6513/1629 2173/6514/1629 2174/6515/1629 2176/6516/1629
f 2170/6517/1630 2175/6518/1630 2176/6519/1630 2171/6520/1630
f 2176/6521/1631 2174/6522/1631 2172/6523/1631 2171/6524/1631
f 2170/6525/1632 2169/6526/1632 2173/6527/1632 2175/6528/1632
o cube
v 6.75 8.25 -0.09375
v 6 8.25 -0.09375
v 6 8.8125 -0.09375
v 6.75 8.8125 -0.09375
v 6.75 8.25 0.09375
v 6.75 8.8125 0.09375
v 6 8.25 0.09375
v 6 8.8125 0.09375
vt 0.5381774902343751 0.6582412719726562
vt 0.5850524902343751 0.6582412719726562
vt 0.5850524902343751 0.6933975219726562
vt 0.5381774902343751 0.6933975219726562
vt 0.123046875 0.2685546875
vt 0.134765625 0.2685546875
vt 0.134765625 0.3037109375
vt 0.123046875 0.3037109375
vt 0.263671875 0.7841796875
vt 0.310546875 0.7841796875
vt 0.310546875 0.8193359375
vt 0.263671875 0.8193359375
vt 0.134765625 0.2685546875
vt 0.146484375 0.2685546875
vt 0.146484375 0.3037109375
vt 0.134765625 0.3037109375
vt 0.357421875 0.6669921875
vt 0.310546875 0.6669921875
vt 0.310546875 0.6552734375
vt 0.357421875 0.6552734375
vt 0.357421875 0.6435546875
vt 0.310546875 0.6435546875
vt 0.310546875 0.6552734375
vt 0.357421875 0.6552734375
vn 0 0 -1
vn 1 0 0
vn 0 0 1
vn -1 0 0
vn 0 1 0
vn 0 -1 0
usemtl m_7c4fd87a-d0f1-9ad7-7479-aa72dea38889
f 2177/6529/1633 2178/6530/1633 2179/6531/1633 2180/6532/1633
f 2181/6533/1634 2177/6534/1634 2180/6535/1634 2182/6536/1634
f 2183/6537/1635 2181/6538/1635 2182/6539/1635 2184/6540/1635
f 2178/6541/1636 2183/6542/1636 2184/6543/1636 2179/6544/1636
f 2184/6545/1637 2182/6546/1637 2180/6547/1637 2179/6548/1637
f 2178/6549/1638 2177/6550/1638 2181/6551/1638 2183/6552/1638
o cube
v 8.25 8.25 -0.09375
v 6.9375 8.25 -0.09375
v 6.9375 8.8125 -0.09375
v 8.25 8.8125 -0.09375
v 8.25 8.25 0.09375
v 8.25 8.8125 0.09375
v 6.9375 8.25 0.09375
v 6.9375 8.8125 0.09375
vt 0.46793365478515636 0.3056488037109375
vt 0.5499649047851564 0.3056488037109375
vt 0.5499649047851564 0.3408050537109375
vt 0.46793365478515636 0.3408050537109375
vt 0.345703125 0.9599609375
vt 0.357421875 0.9599609375
vt 0.357421875 0.9951171875
vt 0.345703125 0.9951171875
vt 0.099609375 0.6083984375
vt 0.181640625 0.6083984375
vt 0.181640625 0.6435546875
vt 0.099609375 0.6435546875
vt 0.345703125 0.9248046875
vt 0.357421875 0.9248046875
vt 0.357421875 0.9599609375
vt 0.345703125 0.9599609375
vt 0.380859375 0.4794921875
vt 0.298828125 0.4794921875
vt 0.298828125 0.4677734375
vt 0.380859375 0.4677734375
vt 0.380859375 0.4560546875
vt 0.298828125 0.4560546875
vt 0.298828125 0.4677734375
vt 0.380859375 0.4677734375
vn 0 0 -1
vn 1 0 0
vn 0 0 1
vn -1 0 0
vn 0 1 0
vn 0 -1 0
usemtl m_7c4fd87a-d0f1-9ad7-7479-aa72dea38889
f 2185/6553/1639 2186/6554/1639 2187/6555/1639 2188/6556/1639
f 2189/6557/1640 2185/6558/1640 2188/6559/1640 2190/6560/1640
f 2191/6561/1641 2189/6562/1641 2190/6563/1641 2192/6564/1641
f 2186/6565/1642 2191/6566/1642 2192/6567/1642 2187/6568/1642
f 2192/6569/1643 2190/6570/1643 2188/6571/1643 2187/6572/1643
f 2186/6573/1644 2185/6574/1644 2189/6575/1644 2191/6576/1644
o cube
v 9.75 8.25 -0.09375
v 8.4375 8.25 -0.09375
v 8.4375 8.8125 -0.09375
v 9.75 8.8125 -0.09375
v 9.75 8.25 0.09375
v 9.75 8.8125 0.09375
v 8.4375 8.25 0.09375
v 8.4375 8.8125 0.09375
vt 0.46793365478515636 0.16461181640625
vt 0.5499649047851564 0.16461181640625
vt 0.5499649047851564 0.19976806640625
vt 0.46793365478515636 0.19976806640625
vt 0.345703125 0.3271484375
vt 0.357421875 0.3271484375
vt 0.357421875 0.3623046875
vt 0.345703125 0.3623046875
vt 0.099609375 0.5380859375
vt 0.181640625 0.5380859375
vt 0.181640625 0.5732421875
vt 0.099609375 0.5732421875
vt 0.345703125 0.2919921875
vt 0.357421875 0.2919921875
vt 0.357421875 0.3271484375
vt 0.345703125 0.3271484375
vt 0.380859375 0.4560546875
vt 0.298828125 0.4560546875
vt 0.298828125 0.4443359375
vt 0.380859375 0.4443359375
vt 0.380859375 0.4326171875
vt 0.298828125 0.4326171875
vt 0.298828125 0.4443359375
vt 0.380859375 0.4443359375
vn 0 0 -1
vn 1 0 0
vn 0 0 1
vn -1 0 0
vn 0 1 0
vn 0 -1 0
usemtl m_7c4fd87a-d0f1-9ad7-7479-aa72dea38889
f 2193/6577/1645 2194/6578/1645 2195/6579/1645 2196/6580/1645
f 2197/6581/1646 2193/6582/1646 2196/6583/1646 2198/6584/1646
f 2199/6585/1647 2197/6586/1647 2198/6587/1647 2200/6588/1647
f 2194/6589/1648 2199/6590/1648 2200/6591/1648 2195/6592/1648
f 2200/6593/1649 2198/6594/1649 2196/6595/1649 2195/6596/1649
f 2194/6597/1650 2193/6598/1650 2197/6599/1650 2199/6600/1650
o cube
v 11.25 8.25 -0.09375
v 9.9375 8.25 -0.09375
v 9.9375 8.8125 -0.09375
v 11.25 8.8125 -0.09375
v 11.25 8.25 0.09375
v 11.25 8.8125 0.09375
v 9.9375 8.25 0.09375
v 9.9375 8.8125 0.09375
vt 0.401592254638672 0.04708099365234375
vt 0.483623504638672 0.04708099365234375
vt 0.483623504638672 0.08223724365234375
vt 0.401592254638672 0.08223724365234375
vt 0.205078125 0.2568359375
vt 0.216796875 0.2568359375
vt 0.216796875 0.2919921875
vt 0.205078125 0.2919921875
vt 0.099609375 0.5029296875
vt 0.181640625 0.5029296875
vt 0.181640625 0.5380859375
vt 0.099609375 0.5380859375
vt 0.216796875 0.2568359375
vt 0.228515625 0.2568359375
vt 0.228515625 0.2919921875
vt 0.216796875 0.2919921875
vt 0.380859375 0.4326171875
vt 0.298828125 0.4326171875
vt 0.298828125 0.4208984375
vt 0.380859375 0.4208984375
vt 0.380859375 0.4091796875
vt 0.298828125 0.4091796875
vt 0.298828125 0.4208984375
vt 0.380859375 0.4208984375
vn 0 0 -1
vn 1 0 0
vn 0 0 1
vn -1 0 0
vn 0 1 0
vn 0 -1 0
usemtl m_7c4fd87a-d0f1-9ad7-7479-aa72dea38889
f 2201/6601/1651 2202/6602/1651 2203/6603/1651 2204/6604/1651
f 2205/6605/1652 2201/6606/1652 2204/6607/1652 2206/6608/1652
f 2207/6609/1653 2205/6610/1653 2206/6611/1653 2208/6612/1653
f 2202/6613/1654 2207/6614/1654 2208/6615/1654 2203/6616/1654
f 2208/6617/1655 2206/6618/1655 2204/6619/1655 2203/6620/1655
f 2202/6621/1656 2201/6622/1656 2205/6623/1656 2207/6624/1656
o cube
v 12 8.25 -0.09375
v 11.4375 8.25 -0.09375
v 11.4375 8.8125 -0.09375
v 12 8.8125 -0.09375
v 12 8.25 0.09375
v 12 8.8125 0.09375
v 11.4375 8.25 0.09375
v 11.4375 8.8125 0.09375
vt 0.5615921020507814 0.09409332275390625
vt 0.5967483520507814 0.09409332275390625
vt 0.5967483520507814 0.12924957275390625
vt 0.5615921020507814 0.12924957275390625
vt 0.228515625 0.2568359375
vt 0.240234375 0.2568359375
vt 0.240234375 0.2919921875
vt 0.228515625 0.2919921875
vt 0.263671875 0.5029296875
vt 0.298828125 0.5029296875
vt 0.298828125 0.5380859375
vt 0.263671875 0.5380859375
vt 0.240234375 0.2568359375
vt 0.251953125 0.2568359375
vt 0.251953125 0.2919921875
vt 0.240234375 0.2919921875
vt 0.287109375 0.2919921875
vt 0.251953125 0.2919921875
vt 0.251953125 0.2802734375
vt 0.287109375 0.2802734375
vt 0.322265625 0.2802734375
vt 0.287109375 0.2802734375
vt 0.287109375 0.2919921875
vt 0.322265625 0.2919921875
vn 0 0 -1
vn 1 0 0
vn 0 0 1
vn -1 0 0
vn 0 1 0
vn 0 -1 0
usemtl m_7c4fd87a-d0f1-9ad7-7479-aa72dea38889
f 2209/6625/1657 2210/6626/1657 2211/6627/1657 2212/6628/1657
f 2213/6629/1658 2209/6630/1658 2212/6631/1658 2214/6632/1658
f 2215/6633/1659 2213/6634/1659 2214/6635/1659 2216/6636/1659
f 2210/6637/1660 2215/6638/1660 2216/6639/1660 2211/6640/1660
f 2216/6641/1661 2214/6642/1661 2212/6643/1661 2211/6644/1661
f 2210/6645/1662 2209/6646/1662 2213/6647/1662 2215/6648/1662
o cube
v 7.5 9 -0.09375
v 6.1875 9 -0.09375
v 6.1875 9.5625 -0.09375
v 7.5 9.5625 -0.09375
v 7.5 9 0.09375
v 7.5 9.5625 0.09375
v 6.1875 9 0.09375
v 6.1875 9.5625 0.09375
vt 0.401592254638672 0.04708099365234375
vt 0.483623504638672 0.04708099365234375
vt 0.483623504638672 0.08223724365234375
vt 0.401592254638672 0.08223724365234375
vt 0.322265625 0.2568359375
vt 0.333984375 0.2568359375
vt 0.333984375 0.2919921875
vt 0.322265625 0.2919921875
vt 0.099609375 0.4677734375
vt 0.181640625 0.4677734375
vt 0.181640625 0.5029296875
vt 0.099609375 0.5029296875
vt 0.333984375 0.2568359375
vt 0.345703125 0.2568359375
vt 0.345703125 0.2919921875
vt 0.333984375 0.2919921875
vt 0.380859375 0.4091796875
vt 0.298828125 0.4091796875
vt 0.298828125 0.3974609375
vt 0.380859375 0.3974609375
vt 0.380859375 0.3857421875
vt 0.298828125 0.3857421875
vt 0.298828125 0.3974609375
vt 0.380859375 0.3974609375
vn 0 0 -1
vn 1 0 0
vn 0 0 1
vn -1 0 0
vn 0 1 0
vn 0 -1 0
usemtl m_7c4fd87a-d0f1-9ad7-7479-aa72dea38889
f 2217/6649/1663 2218/6650/1663 2219/6651/1663 2220/6652/1663
f 2221/6653/1664 2217/6654/1664 2220/6655/1664 2222/6656/1664
f 2223/6657/1665 2221/6658/1665 2222/6659/1665 2224/6660/1665
f 2218/6661/1666 2223/6662/1666 2224/6663/1666 2219/6664/1666
f 2224/6665/1667 2222/6666/1667 2220/6667/1667 2219/6668/1667
f 2218/6669/1668 2217/6670/1668 2221/6671/1668 2223/6672/1668
o cube
v 9 9 -0.09375
v 7.6875 9 -0.09375
v 7.6875 9.5625 -0.09375
v 9 9.5625 -0.09375
v 9 9 0.09375
v 9 9.5625 0.09375
v 7.6875 9 0.09375
v 7.6875 9.5625 0.09375
vt 0.401592254638672 0.04708099365234375
vt 0.483623504638672 0.04708099365234375
vt 0.483623504638672 0.08223724365234375
vt 0.401592254638672 0.08223724365234375
vt 0.345703125 0.2568359375
vt 0.357421875 0.2568359375
vt 0.357421875 0.2919921875
vt 0.345703125 0.2919921875
vt 0.099609375 0.4326171875
vt 0.181640625 0.4326171875
vt 0.181640625 0.4677734375
vt 0.099609375 0.4677734375
vt 0.357421875 0.9599609375
vt 0.369140625 0.9599609375
vt 0.369140625 0.9951171875
vt 0.357421875 0.9951171875
vt 0.380859375 0.3857421875
vt 0.298828125 0.3857421875
vt 0.298828125 0.3740234375
vt 0.380859375 0.3740234375
vt 0.380859375 0.3623046875
vt 0.298828125 0.3623046875
vt 0.298828125 0.3740234375
vt 0.380859375 0.3740234375
vn 0 0 -1
vn 1 0 0
vn 0 0 1
vn -1 0 0
vn 0 1 0
vn 0 -1 0
usemtl m_7c4fd87a-d0f1-9ad7-7479-aa72dea38889
f 2225/6673/1669 2226/6674/1669 2227/6675/1669 2228/6676/1669
f 2229/6677/1670 2225/6678/1670 2228/6679/1670 2230/6680/1670
f 2231/6681/1671 2229/6682/1671 2230/6683/1671 2232/6684/1671
f 2226/6685/1672 2231/6686/1672 2232/6687/1672 2227/6688/1672
f 2232/6689/1673 2230/6690/1673 2228/6691/1673 2227/6692/1673
f 2226/6693/1674 2225/6694/1674 2229/6695/1674 2231/6696/1674
o cube
v 10.5 9 -0.09375
v 9.1875 9 -0.09375
v 9.1875 9.5625 -0.09375
v 10.5 9.5625 -0.09375
v 10.5 9 0.09375
v 10.5 9.5625 0.09375
v 9.1875 9 0.09375
v 9.1875 9.5625 0.09375
vt 0.46793365478515636 0.9403152465820312
vt 0.5499649047851564 0.9403152465820312
vt 0.5499649047851564 0.9754714965820312
vt 0.46793365478515636 0.9754714965820312
vt 0.357421875 0.9248046875
vt 0.369140625 0.9248046875
vt 0.369140625 0.9599609375
vt 0.357421875 0.9599609375
vt 0.181640625 0.9248046875
vt 0.263671875 0.9248046875
vt 0.263671875 0.9599609375
vt 0.181640625 0.9599609375
vt 0.357421875 0.6552734375
vt 0.369140625 0.6552734375
vt 0.369140625 0.6904296875
vt 0.357421875 0.6904296875
vt 0.099609375 0.3388671875
vt 0.017578125 0.3388671875
vt 0.017578125 0.3271484375
vt 0.099609375 0.3271484375
vt 0.181640625 0.3271484375
vt 0.099609375 0.3271484375
vt 0.099609375 0.3388671875
vt 0.181640625 0.3388671875
vn 0 0 -1
vn 1 0 0
vn 0 0 1
vn -1 0 0
vn 0 1 0
vn 0 -1 0
usemtl m_7c4fd87a-d0f1-9ad7-7479-aa72dea38889
f 2233/6697/1675 2234/6698/1675 2235/6699/1675 2236/6700/1675
f 2237/6701/1676 2233/6702/1676 2236/6703/1676 2238/6704/1676
f 2239/6705/1677 2237/6706/1677 2238/6707/1677 2240/6708/1677
f 2234/6709/1678 2239/6710/1678 2240/6711/1678 2235/6712/1678
f 2240/6713/1679 2238/6714/1679 2236/6715/1679 2235/6716/1679
f 2234/6717/1680 2233/6718/1680 2237/6719/1680 2239/6720/1680
o cube
v 12 9 -0.09375
v 10.6875 9 -0.09375
v 10.6875 9.5625 -0.09375
v 12 9.5625 -0.09375
v 12 9 0.09375
v 12 9.5625 0.09375
v 10.6875 9 0.09375
v 10.6875 9.5625 0.09375
vt 0.46793365478515636 0.7992782592773438
vt 0.5499649047851564 0.7992782592773438
vt 0.5499649047851564 0.8344345092773438
vt 0.46793365478515636 0.8344345092773438
vt 0.357421875 0.3271484375
vt 0.369140625 0.3271484375
vt 0.369140625 0.3623046875
vt 0.357421875 0.3623046875
vt 0.181640625 0.8544921875
vt 0.263671875 0.8544921875
vt 0.263671875 0.8896484375
vt 0.181640625 0.8896484375
vt 0.357421875 0.2919921875
vt 0.369140625 0.2919921875
vt 0.369140625 0.3271484375
vt 0.357421875 0.3271484375
vt 0.263671875 0.3388671875
vt 0.181640625 0.3388671875
vt 0.181640625 0.3271484375
vt 0.263671875 0.3271484375
vt 0.345703125 0.3271484375
vt 0.263671875 0.3271484375
vt 0.263671875 0.3388671875
vt 0.345703125 0.3388671875
vn 0 0 -1
vn 1 0 0
vn 0 0 1
vn -1 0 0
vn 0 1 0
vn 0 -1 0
usemtl m_7c4fd87a-d0f1-9ad7-7479-aa72dea38889
f 2241/6721/1681 2242/6722/1681 2243/6723/1681 2244/6724/1681
f 2245/6725/1682 2241/6726/1682 2244/6727/1682 2246/6728/1682
f 2247/6729/1683 2245/6730/1683 2246/6731/1683 2248/6732/1683
f 2242/6733/1684 2247/6734/1684 2248/6735/1684 2243/6736/1684
f 2248/6737/1685 2246/6738/1685 2244/6739/1685 2243/6740/1685
f 2242/6741/1686 2241/6742/1686 2245/6743/1686 2247/6744/1686
o cube
v 6.75 9.75 -0.09375
v 6 9.75 -0.09375
v 6 10.3125 -0.09375
v 6.75 10.3125 -0.09375
v 6.75 9.75 0.09375
v 6.75 10.3125 0.09375
v 6 9.75 0.09375
v 6 10.3125 0.09375
vt 0.5381774902343751 0.5172042846679688
vt 0.5850524902343751 0.5172042846679688
vt 0.5850524902343751 0.5523605346679688
vt 0.5381774902343751 0.5523605346679688
vt 0.357421875 0.2568359375
vt 0.369140625 0.2568359375
vt 0.369140625 0.2919921875
vt 0.357421875 0.2919921875
vt 0.263671875 0.7138671875
vt 0.310546875 0.7138671875
vt 0.310546875 0.7490234375
vt 0.263671875 0.7490234375
vt 0.017578125 0.2451171875
vt 0.029296875 0.2451171875
vt 0.029296875 0.2802734375
vt 0.017578125 0.2802734375
vt 0.064453125 0.3271484375
vt 0.017578125 0.3271484375
vt 0.017578125 0.3154296875
vt 0.064453125 0.3154296875
vt 0.111328125 0.3154296875
vt 0.064453125 0.3154296875
vt 0.064453125 0.3271484375
vt 0.111328125 0.3271484375
vn 0 0 -1
vn 1 0 0
vn 0 0 1
vn -1 0 0
vn 0 1 0
vn 0 -1 0
usemtl m_7c4fd87a-d0f1-9ad7-7479-aa72dea38889
f 2249/6745/1687 2250/6746/1687 2251/6747/1687 2252/6748/1687
f 2253/6749/1688 2249/6750/1688 2252/6751/1688 2254/6752/1688
f 2255/6753/1689 2253/6754/1689 2254/6755/1689 2256/6756/1689
f 2250/6757/1690 2255/6758/1690 2256/6759/1690 2251/6760/1690
f 2256/6761/1691 2254/6762/1691 2252/6763/1691 2251/6764/1691
f 2250/6765/1692 2249/6766/1692 2253/6767/1692 2255/6768/1692
o cube
v 8.25 9.75 -0.09375
v 6.9375 9.75 -0.09375
v 6.9375 10.3125 -0.09375
v 8.25 10.3125 -0.09375
v 8.25 9.75 0.09375
v 8.25 10.3125 0.09375
v 6.9375 9.75 0.09375
v 6.9375 10.3125 0.09375
vt 0.12125396728515636 0.8057022094726562
vt 0.20328521728515636 0.8057022094726562
vt 0.20328521728515636 0.8408584594726562
vt 0.12125396728515636 0.8408584594726562
vt 0.029296875 0.2451171875
vt 0.041015625 0.2451171875
vt 0.041015625 0.2802734375
vt 0.029296875 0.2802734375
vt 0.181640625 0.7841796875
vt 0.263671875 0.7841796875
vt 0.263671875 0.8193359375
vt 0.181640625 0.8193359375
vt 0.041015625 0.2451171875
vt 0.052734375 0.2451171875
vt 0.052734375 0.2802734375
vt 0.041015625 0.2802734375
vt 0.392578125 0.9248046875
vt 0.310546875 0.9248046875
vt 0.310546875 0.9130859375
vt 0.392578125 0.9130859375
vt 0.392578125 0.9013671875
vt 0.310546875 0.9013671875
vt 0.310546875 0.9130859375
vt 0.392578125 0.9130859375
vn 0 0 -1
vn 1 0 0
vn 0 0 1
vn -1 0 0
vn 0 1 0
vn 0 -1 0
usemtl m_7c4fd87a-d0f1-9ad7-7479-aa72dea38889
f 2257/6769/1693 2258/6770/1693 2259/6771/1693 2260/6772/1693
f 2261/6773/1694 2257/6774/1694 2260/6775/1694 2262/6776/1694
f 2263/6777/1695 2261/6778/1695 2262/6779/1695 2264/6780/1695
f 2258/6781/1696 2263/6782/1696 2264/6783/1696 2259/6784/1696
f 2264/6785/1697 2262/6786/1697 2260/6787/1697 2259/6788/1697
f 2258/6789/1698 2257/6790/1698 2261/6791/1698 2263/6792/1698
o cube
v 9.75 9.75 -0.09375
v 8.4375 9.75 -0.09375
v 8.4375 10.3125 -0.09375
v 9.75 10.3125 -0.09375
v 9.75 9.75 0.09375
v 9.75 10.3125 0.09375
v 8.4375 9.75 0.09375
v 8.4375 10.3125 0.09375
vt 0.35172271728515636 0.21739959716796875
vt 0.43375396728515636 0.21739959716796875
vt 0.43375396728515636 0.25255584716796875
vt 0.35172271728515636 0.25255584716796875
vt 0.052734375 0.2451171875
vt 0.064453125 0.2451171875
vt 0.064453125 0.2802734375
vt 0.052734375 0.2802734375
vt 0.181640625 0.7138671875
vt 0.263671875 0.7138671875
vt 0.263671875 0.7490234375
vt 0.181640625 0.7490234375
vt 0.064453125 0.2451171875
vt 0.076171875 0.2451171875
vt 0.076171875 0.2802734375
vt 0.064453125 0.2802734375
vt 0.392578125 0.9013671875
vt 0.310546875 0.9013671875
vt 0.310546875 0.8896484375
vt 0.392578125 0.8896484375
vt 0.392578125 0.8779296875
vt 0.310546875 0.8779296875
vt 0.310546875 0.8896484375
vt 0.392578125 0.8896484375
vn 0 0 -1
vn 1 0 0
vn 0 0 1
vn -1 0 0
vn 0 1 0
vn 0 -1 0
usemtl m_7c4fd87a-d0f1-9ad7-7479-aa72dea38889
f 2265/6793/1699 2266/6794/1699 2267/6795/1699 2268/6796/1699
f 2269/6797/1700 2265/6798/1700 2268/6799/1700 2270/6800/1700
f 2271/6801/1701 2269/6802/1701 2270/6803/1701 2272/6804/1701
f 2266/6805/1702 2271/6806/1702 2272/6807/1702 2267/6808/1702
f 2272/6809/1703 2270/6810/1703 2268/6811/1703 2267/6812/1703
f 2266/6813/1704 2265/6814/1704 2269/6815/1704 2271/6816/1704
o cube
v 11.25 9.75 -0.09375
v 9.9375 9.75 -0.09375
v 9.9375 10.3125 -0.09375
v 11.25 10.3125 -0.09375
v 11.25 9.75 0.09375
v 11.25 10.3125 0.09375
v 9.9375 9.75 0.09375
v 9.9375 10.3125 0.09375
vt 0.5372695922851564 0.7287063598632812
vt 0.6193008422851564 0.7287063598632812
vt 0.6193008422851564 0.7638626098632812
vt 0.5372695922851564 0.7638626098632812
vt 0.146484375 0.2451171875
vt 0.158203125 0.2451171875
vt 0.158203125 0.2802734375
vt 0.146484375 0.2802734375
vt 0.181640625 0.6435546875
vt 0.263671875 0.6435546875
vt 0.263671875 0.6787109375
vt 0.181640625 0.6787109375
vt 0.158203125 0.2451171875
vt 0.169921875 0.2451171875
vt 0.169921875 0.2802734375
vt 0.158203125 0.2802734375
vt 0.392578125 0.8779296875
vt 0.310546875 0.8779296875
vt 0.310546875 0.8662109375
vt 0.392578125 0.8662109375
vt 0.392578125 0.8544921875
vt 0.310546875 0.8544921875
vt 0.310546875 0.8662109375
vt 0.392578125 0.8662109375
vn 0 0 -1
vn 1 0 0
vn 0 0 1
vn -1 0 0
vn 0 1 0
vn 0 -1 0
usemtl m_7c4fd87a-d0f1-9ad7-7479-aa72dea38889
f 2273/6817/1705 2274/6818/1705 2275/6819/1705 2276/6820/1705
f 2277/6821/1706 2273/6822/1706 2276/6823/1706 2278/6824/1706
f 2279/6825/1707 2277/6826/1707 2278/6827/1707 2280/6828/1707
f 2274/6829/1708 2279/6830/1708 2280/6831/1708 2275/6832/1708
f 2280/6833/1709 2278/6834/1709 2276/6835/1709 2275/6836/1709
f 2274/6837/1710 2273/6838/1710 2277/6839/1710 2279/6840/1710
o cube
v 12 9.75 -0.09375
v 11.4375 9.75 -0.09375
v 11.4375 10.3125 -0.09375
v 12 10.3125 -0.09375
v 12 9.75 0.09375
v 12 10.3125 0.09375
v 11.4375 9.75 0.09375
v 11.4375 10.3125 0.09375
vt 0.5615921020507814 0.04708099365234375
vt 0.5967483520507814 0.04708099365234375
vt 0.5967483520507814 0.08223724365234375
vt 0.5615921020507814 0.08223724365234375
vt 0.169921875 0.2451171875
vt 0.181640625 0.2451171875
vt 0.181640625 0.2802734375
vt 0.169921875 0.2802734375
vt 0.263671875 0.4326171875
vt 0.298828125 0.4326171875
vt 0.298828125 0.4677734375
vt 0.263671875 0.4677734375
vt 0.181640625 0.2451171875
vt 0.193359375 0.2451171875
vt 0.193359375 0.2802734375
vt 0.181640625 0.2802734375
vt 0.392578125 0.6552734375
vt 0.357421875 0.6552734375
vt 0.357421875 0.6435546875
vt 0.392578125 0.6435546875
vt 0.287109375 0.2685546875
vt 0.251953125 0.2685546875
vt 0.251953125 0.2802734375
vt 0.287109375 0.2802734375
vn 0 0 -1
vn 1 0 0
vn 0 0 1
vn -1 0 0
vn 0 1 0
vn 0 -1 0
usemtl m_7c4fd87a-d0f1-9ad7-7479-aa72dea38889
f 2281/6841/1711 2282/6842/1711 2283/6843/1711 2284/6844/1711
f 2285/6845/1712 2281/6846/1712 2284/6847/1712 2286/6848/1712
f 2287/6849/1713 2285/6850/1713 2286/6851/1713 2288/6852/1713
f 2282/6853/1714 2287/6854/1714 2288/6855/1714 2283/6856/1714
f 2288/6857/1715 2286/6858/1715 2284/6859/1715 2283/6860/1715
f 2282/6861/1716 2281/6862/1716 2285/6863/1716 2287/6864/1716
o cube
v 7.5 10.5 -0.09375
v 6.1875 10.5 -0.09375
v 6.1875 11.0625 -0.09375
v 7.5 11.0625 -0.09375
v 7.5 10.5 0.09375
v 7.5 11.0625 0.09375
v 6.1875 10.5 0.09375
v 6.1875 11.0625 0.09375
vt 0.46793365478515636 0.23513031005859375
vt 0.5499649047851564 0.23513031005859375
vt 0.5499649047851564 0.27028656005859375
vt 0.46793365478515636 0.27028656005859375
vt 0.193359375 0.2451171875
vt 0.205078125 0.2451171875
vt 0.205078125 0.2802734375
vt 0.193359375 0.2802734375
vt 0.181640625 0.5732421875
vt 0.263671875 0.5732421875
vt 0.263671875 0.6083984375
vt 0.181640625 0.6083984375
vt 0.287109375 0.2451171875
vt 0.298828125 0.2451171875
vt 0.298828125 0.2802734375
vt 0.287109375 0.2802734375
vt 0.392578125 0.8544921875
vt 0.310546875 0.8544921875
vt 0.310546875 0.8427734375
vt 0.392578125 0.8427734375
vt 0.392578125 0.8310546875
vt 0.310546875 0.8310546875
vt 0.310546875 0.8427734375
vt 0.392578125 0.8427734375
vn 0 0 -1
vn 1 0 0
vn 0 0 1
vn -1 0 0
vn 0 1 0
vn 0 -1 0
usemtl m_7c4fd87a-d0f1-9ad7-7479-aa72dea38889
f 2289/6865/1717 2290/6866/1717 2291/6867/1717 2292/6868/1717
f 2293/6869/1718 2289/6870/1718 2292/6871/1718 2294/6872/1718
f 2295/6873/1719 2293/6874/1719 2294/6875/1719 2296/6876/1719
f 2290/6877/1720 2295/6878/1720 2296/6879/1720 2291/6880/1720
f 2296/6881/1721 2294/6882/1721 2292/6883/1721 2291/6884/1721
f 2290/6885/1722 2289/6886/1722 2293/6887/1722 2295/6888/1722
o cube
v 9 10.5 -0.09375
v 7.6875 10.5 -0.09375
v 7.6875 11.0625 -0.09375
v 9 11.0625 -0.09375
v 9 10.5 0.09375
v 9 11.0625 0.09375
v 7.6875 10.5 0.09375
v 7.6875 11.0625 0.09375
vt 0.46793365478515636 0.09409332275390625
vt 0.5499649047851564 0.09409332275390625
vt 0.5499649047851564 0.12924957275390625
vt 0.46793365478515636 0.12924957275390625
vt 0.298828125 0.2451171875
vt 0.310546875 0.2451171875
vt 0.310546875 0.2802734375
vt 0.298828125 0.2802734375
vt 0.181640625 0.5029296875
vt 0.263671875 0.5029296875
vt 0.263671875 0.5380859375
vt 0.181640625 0.5380859375
vt 0.310546875 0.2451171875
vt 0.322265625 0.2451171875
vt 0.322265625 0.2802734375
vt 0.310546875 0.2802734375
vt 0.392578125 0.8310546875
vt 0.310546875 0.8310546875
vt 0.310546875 0.8193359375
vt 0.392578125 0.8193359375
vt 0.392578125 0.8076171875
vt 0.310546875 0.8076171875
vt 0.310546875 0.8193359375
vt 0.392578125 0.8193359375
vn 0 0 -1
vn 1 0 0
vn 0 0 1
vn -1 0 0
vn 0 1 0
vn 0 -1 0
usemtl m_7c4fd87a-d0f1-9ad7-7479-aa72dea38889
f 2297/6889/1723 2298/6890/1723 2299/6891/1723 2300/6892/1723
f 2301/6893/1724 2297/6894/1724 2300/6895/1724 2302/6896/1724
f 2303/6897/1725 2301/6898/1725 2302/6899/1725 2304/6900/1725
f 2298/6901/1726 2303/6902/1726 2304/6903/1726 2299/6904/1726
f 2304/6905/1727 2302/6906/1727 2300/6907/1727 2299/6908/1727
f 2298/6909/1728 2297/6910/1728 2301/6911/1728 2303/6912/1728
o cube
v 10.5 10.5 -0.09375
v 9.1875 10.5 -0.09375
v 9.1875 11.0625 -0.09375
v 10.5 11.0625 -0.09375
v 10.5 10.5 0.09375
v 10.5 11.0625 0.09375
v 9.1875 10.5 0.09375
v 9.1875 11.0625 0.09375
vt 0.46793365478515636 0.04708099365234375
vt 0.5499649047851564 0.04708099365234375
vt 0.5499649047851564 0.08223724365234375
vt 0.46793365478515636 0.08223724365234375
vt 0.369140625 0.9599609375
vt 0.380859375 0.9599609375
vt 0.380859375 0.9951171875
vt 0.369140625 0.9951171875
vt 0.181640625 0.4326171875
vt 0.263671875 0.4326171875
vt 0.263671875 0.4677734375
vt 0.181640625 0.4677734375
vt 0.369140625 0.9248046875
vt 0.380859375 0.9248046875
vt 0.380859375 0.9599609375
vt 0.369140625 0.9599609375
vt 0.392578125 0.8076171875
vt 0.310546875 0.8076171875
vt 0.310546875 0.7958984375
vt 0.392578125 0.7958984375
vt 0.392578125 0.7841796875
vt 0.310546875 0.7841796875
vt 0.310546875 0.7958984375
vt 0.392578125 0.7958984375
vn 0 0 -1
vn 1 0 0
vn 0 0 1
vn -1 0 0
vn 0 1 0
vn 0 -1 0
usemtl m_7c4fd87a-d0f1-9ad7-7479-aa72dea38889
f 2305/6913/1729 2306/6914/1729 2307/6915/1729 2308/6916/1729
f 2309/6917/1730 2305/6918/1730 2308/6919/1730 2310/6920/1730
f 2311/6921/1731 2309/6922/1731 2310/6923/1731 2312/6924/1731
f 2306/6925/1732 2311/6926/1732 2312/6927/1732 2307/6928/1732
f 2312/6929/1733 2310/6930/1733 2308/6931/1733 2307/6932/1733
f 2306/6933/1734 2305/6934/1734 2309/6935/1734 2311/6936/1734
o cube
v 12 10.5 -0.09375
v 10.6875 10.5 -0.09375
v 10.6875 11.0625 -0.09375
v 12 11.0625 -0.09375
v 12 10.5 0.09375
v 12 11.0625 0.09375
v 10.6875 10.5 0.09375
v 10.6875 11.0625 0.09375
vt 0.401592254638672 0.04708099365234375
vt 0.483623504638672 0.04708099365234375
vt 0.483623504638672 0.08223724365234375
vt 0.401592254638672 0.08223724365234375
vt 0.369140625 0.6552734375
vt 0.380859375 0.6552734375
vt 0.380859375 0.6904296875
vt 0.369140625 0.6904296875
vt 0.099609375 0.3974609375
vt 0.181640625 0.3974609375
vt 0.181640625 0.4326171875
vt 0.099609375 0.4326171875
vt 0.369140625 0.3271484375
vt 0.380859375 0.3271484375
vt 0.380859375 0.3623046875
vt 0.369140625 0.3623046875
vt 0.392578125 0.7841796875
vt 0.310546875 0.7841796875
vt 0.310546875 0.7724609375
vt 0.392578125 0.7724609375
vt 0.392578125 0.7607421875
vt 0.310546875 0.7607421875
vt 0.310546875 0.7724609375
vt 0.392578125 0.7724609375
vn 0 0 -1
vn 1 0 0
vn 0 0 1
vn -1 0 0
vn 0 1 0
vn 0 -1 0
usemtl m_7c4fd87a-d0f1-9ad7-7479-aa72dea38889
f 2313/6937/1735 2314/6938/1735 2315/6939/1735 2316/6940/1735
f 2317/6941/1736 2313/6942/1736 2316/6943/1736 2318/6944/1736
f 2319/6945/1737 2317/6946/1737 2318/6947/1737 2320/6948/1737
f 2314/6949/1738 2319/6950/1738 2320/6951/1738 2315/6952/1738
f 2320/6953/1739 2318/6954/1739 2316/6955/1739 2315/6956/1739
f 2314/6957/1740 2313/6958/1740 2317/6959/1740 2319/6960/1740
o cube
v 6.75 11.25 -0.09375
v 6 11.25 -0.09375
v 6 11.8125 -0.09375
v 6.75 11.8125 -0.09375
v 6.75 11.25 0.09375
v 6.75 11.8125 0.09375
v 6 11.25 0.09375
v 6 11.8125 0.09375
vt 0.5381774902343751 0.37616729736328125
vt 0.5850524902343751 0.37616729736328125
vt 0.5850524902343751 0.41132354736328125
vt 0.5381774902343751 0.41132354736328125
vt 0.369140625 0.2919921875
vt 0.380859375 0.2919921875
vt 0.380859375 0.3271484375
vt 0.369140625 0.3271484375
vt 0.263671875 0.6435546875
vt 0.310546875 0.6435546875
vt 0.310546875 0.6787109375
vt 0.263671875 0.6787109375
vt 0.369140625 0.2568359375
vt 0.380859375 0.2568359375
vt 0.380859375 0.2919921875
vt 0.369140625 0.2919921875
vt 0.158203125 0.3271484375
vt 0.111328125 0.3271484375
vt 0.111328125 0.3154296875
vt 0.158203125 0.3154296875
vt 0.205078125 0.3154296875
vt 0.158203125 0.3154296875
vt 0.158203125 0.3271484375
vt 0.205078125 0.3271484375
vn 0 0 -1
vn 1 0 0
vn 0 0 1
vn -1 0 0
vn 0 1 0
vn 0 -1 0
usemtl m_7c4fd87a-d0f1-9ad7-7479-aa72dea38889
f 2321/6961/1741 2322/6962/1741 2323/6963/1741 2324/6964/1741
f 2325/6965/1742 2321/6966/1742 2324/6967/1742 2326/6968/1742
f 2327/6969/1743 2325/6970/1743 2326/6971/1743 2328/6972/1743
f 2322/6973/1744 2327/6974/1744 2328/6975/1744 2323/6976/1744
f 2328/6977/1745 2326/6978/1745 2324/6979/1745 2323/6980/1745
f 2322/6981/1746 2321/6982/1746 2325/6983/1746 2327/6984/1746
o cube
v 8.25 11.25 -0.09375
v 6.9375 11.25 -0.09375
v 6.9375 11.8125 -0.09375
v 8.25 11.8125 -0.09375
v 8.25 11.25 0.09375
v 8.25 11.8125 0.09375
v 6.9375 11.25 0.09375
v 6.9375 11.8125 0.09375
vt 0.46793365478515636 0.04708099365234375
vt 0.5499649047851564 0.04708099365234375
vt 0.5499649047851564 0.08223724365234375
vt 0.46793365478515636 0.08223724365234375
vt 0.076171875 0.2333984375
vt 0.087890625 0.2333984375
vt 0.087890625 0.2685546875
vt 0.076171875 0.2685546875
vt 0.017578125 0.3623046875
vt 0.099609375 0.3623046875
vt 0.099609375 0.3974609375
vt 0.017578125 0.3974609375
vt 0.087890625 0.2333984375
vt 0.099609375 0.2333984375
vt 0.099609375 0.2685546875
vt 0.087890625 0.2685546875
vt 0.392578125 0.7607421875
vt 0.310546875 0.7607421875
vt 0.310546875 0.7490234375
vt 0.392578125 0.7490234375
vt 0.392578125 0.7373046875
vt 0.310546875 0.7373046875
vt 0.310546875 0.7490234375
vt 0.392578125 0.7490234375
vn 0 0 -1
vn 1 0 0
vn 0 0 1
vn -1 0 0
vn 0 1 0
vn 0 -1 0
usemtl m_7c4fd87a-d0f1-9ad7-7479-aa72dea38889
f 2329/6985/1747 2330/6986/1747 2331/6987/1747 2332/6988/1747
f 2333/6989/1748 2329/6990/1748 2332/6991/1748 2334/6992/1748
f 2335/6993/1749 2333/6994/1749 2334/6995/1749 2336/6996/1749
f 2330/6997/1750 2335/6998/1750 2336/6999/1750 2331/7000/1750
f 2336/7001/1751 2334/7002/1751 2332/7003/1751 2331/7004/1751
f 2330/7005/1752 2329/7006/1752 2333/7007/1752 2335/7008/1752
o cube
v 9.75 11.25 -0.09375
v 8.4375 11.25 -0.09375
v 8.4375 11.8125 -0.09375
v 9.75 11.8125 -0.09375
v 9.75 11.25 0.09375
v 9.75 11.8125 0.09375
v 8.4375 11.25 0.09375
v 8.4375 11.8125 0.09375
vt 0.46793365478515636 0.04708099365234375
vt 0.5499649047851564 0.04708099365234375
vt 0.5499649047851564 0.08223724365234375
vt 0.46793365478515636 0.08223724365234375
vt 0.099609375 0.2333984375
vt 0.111328125 0.2333984375
vt 0.111328125 0.2685546875
vt 0.099609375 0.2685546875
vt 0.181640625 0.3623046875
vt 0.263671875 0.3623046875
vt 0.263671875 0.3974609375
vt 0.181640625 0.3974609375
vt 0.111328125 0.2333984375
vt 0.123046875 0.2333984375
vt 0.123046875 0.2685546875
vt 0.111328125 0.2685546875
vt 0.392578125 0.7373046875
vt 0.310546875 0.7373046875
vt 0.310546875 0.7255859375
vt 0.392578125 0.7255859375
vt 0.392578125 0.7138671875
vt 0.310546875 0.7138671875
vt 0.310546875 0.7255859375
vt 0.392578125 0.7255859375
vn 0 0 -1
vn 1 0 0
vn 0 0 1
vn -1 0 0
vn 0 1 0
vn 0 -1 0
usemtl m_7c4fd87a-d0f1-9ad7-7479-aa72dea38889
f 2337/7009/1753 2338/7010/1753 2339/7011/1753 2340/7012/1753
f 2341/7013/1754 2337/7014/1754 2340/7015/1754 2342/7016/1754
f 2343/7017/1755 2341/7018/1755 2342/7019/1755 2344/7020/1755
f 2338/7021/1756 2343/7022/1756 2344/7023/1756 2339/7024/1756
f 2344/7025/1757 2342/7026/1757 2340/7027/1757 2339/7028/1757
f 2338/7029/1758 2337/7030/1758 2341/7031/1758 2343/7032/1758
o cube
v 11.25 11.25 -0.09375
v 9.9375 11.25 -0.09375
v 9.9375 11.8125 -0.09375
v 11.25 11.8125 -0.09375
v 11.25 11.25 0.09375
v 11.25 11.8125 0.09375
v 9.9375 11.25 0.09375
v 9.9375 11.8125 0.09375
vt 0.46793365478515636 0.9403152465820312
vt 0.5499649047851564 0.9403152465820312
vt 0.5499649047851564 0.9754714965820312
vt 0.46793365478515636 0.9754714965820312
vt 0.123046875 0.2333984375
vt 0.134765625 0.2333984375
vt 0.134765625 0.2685546875
vt 0.123046875 0.2685546875
vt 0.263671875 0.9248046875
vt 0.345703125 0.9248046875
vt 0.345703125 0.9599609375
vt 0.263671875 0.9599609375
vt 0.134765625 0.2333984375
vt 0.146484375 0.2333984375
vt 0.146484375 0.2685546875
vt 0.134765625 0.2685546875
vt 0.392578125 0.7138671875
vt 0.310546875 0.7138671875
vt 0.310546875 0.7021484375
vt 0.392578125 0.7021484375
vt 0.392578125 0.6904296875
vt 0.310546875 0.6904296875
vt 0.310546875 0.7021484375
vt 0.392578125 0.7021484375
vn 0 0 -1
vn 1 0 0
vn 0 0 1
vn -1 0 0
vn 0 1 0
vn 0 -1 0
usemtl m_7c4fd87a-d0f1-9ad7-7479-aa72dea38889
f 2345/7033/1759 2346/7034/1759 2347/7035/1759 2348/7036/1759
f 2349/7037/1760 2345/7038/1760 2348/7039/1760 2350/7040/1760
f 2351/7041/1761 2349/7042/1761 2350/7043/1761 2352/7044/1761
f 2346/7045/1762 2351/7046/1762 2352/7047/1762 2347/7048/1762
f 2352/7049/1763 2350/7050/1763 2348/7051/1763 2347/7052/1763
f 2346/7053/1764 2345/7054/1764 2349/7055/1764 2351/7056/1764
o cube
v 12 11.25 -0.09375
v 11.4375 11.25 -0.09375
v 11.4375 11.8125 -0.09375
v 12 11.8125 -0.09375
v 12 11.25 0.09375
v 12 11.8125 0.09375
v 11.4375 11.25 0.09375
v 11.4375 11.8125 0.09375
vt 0.5615921020507814 0.04708099365234375
vt 0.5967483520507814 0.04708099365234375
vt 0.5967483520507814 0.08223724365234375
vt 0.5615921020507814 0.08223724365234375
vt 0.251953125 0.2333984375
vt 0.263671875 0.2333984375
vt 0.263671875 0.2685546875
vt 0.251953125 0.2685546875
vt 0.263671875 0.3623046875
vt 0.298828125 0.3623046875
vt 0.298828125 0.3974609375
vt 0.263671875 0.3974609375
vt 0.263671875 0.2333984375
vt 0.275390625 0.2333984375
vt 0.275390625 0.2685546875
vt 0.263671875 0.2685546875
vt 0.416015625 0.9951171875
vt 0.380859375 0.9951171875
vt 0.380859375 0.9833984375
vt 0.416015625 0.9833984375
vt 0.416015625 0.9716796875
vt 0.380859375 0.9716796875
vt 0.380859375 0.9833984375
vt 0.416015625 0.9833984375
vn 0 0 -1
vn 1 0 0
vn 0 0 1
vn -1 0 0
vn 0 1 0
vn 0 -1 0
usemtl m_7c4fd87a-d0f1-9ad7-7479-aa72dea38889
f 2353/7057/1765 2354/7058/1765 2355/7059/1765 2356/7060/1765
f 2357/7061/1766 2353/7062/1766 2356/7063/1766 2358/7064/1766
f 2359/7065/1767 2357/7066/1767 2358/7067/1767 2360/7068/1767
f 2354/7069/1768 2359/7070/1768 2360/7071/1768 2355/7072/1768
f 2360/7073/1769 2358/7074/1769 2356/7075/1769 2355/7076/1769
f 2354/7077/1770 2353/7078/1770 2357/7079/1770 2359/7080/1770
o cube
v 12 6 0
v 6 6 0
v 6 12 0
v 12 12 0
v 12 6 0.15625
v 12 12 0.15625
v 6 6 0.15625
v 6 12 0.15625
vt 0 0.625
vt 0.375 0.625
vt 0.375 1
vt 0 1
vt 0.375 0.625
vt 0.384765625 0.625
vt 0.384765625 1
vt 0.375 1
vt 0 0.625
vt 0.375 0.625
vt 0.375 1
vt 0 1
vt 0.375 0.25
vt 0.384765625 0.25
vt 0.384765625 0.625
vt 0.375 0.625
vt 0.759765625 1
vt 0.384765625 1
vt 0.384765625 0.990234375
vt 0.759765625 0.990234375
vt 0.759765625 0.98046875
vt 0.384765625 0.98046875
vt 0.384765625 0.990234375
vt 0.759765625 0.990234375
vn 0 0 -1
vn 1 0 0
vn 0 0 1
vn -1 0 0
vn 0 1 0
vn 0 -1 0
usemtl m_7c4fd87a-d0f1-9ad7-7479-aa72dea38889
f 2361/7081/1771 2362/7082/1771 2363/7083/1771 2364/7084/1771
f 2365/7085/1772 2361/7086/1772 2364/7087/1772 2366/7088/1772
f 2367/7089/1773 2365/7090/1773 2366/7091/1773 2368/7092/1773
f 2362/7093/1774 2367/7094/1774 2368/7095/1774 2363/7096/1774
f 2368/7097/1775 2366/7098/1775 2364/7099/1775 2363/7100/1775
f 2362/7101/1776 2361/7102/1776 2365/7103/1776 2367/7104/1776
o cube
v 6.75 0.75 -0.09375
v 6 0.75 -0.09375
v 6 1.3125 -0.09375
v 6.75 1.3125 -0.09375
v 6.75 0.75 0.09375
v 6.75 1.3125 0.09375
v 6 0.75 0.09375
v 6 1.3125 0.09375
vt 0.5381774902343751 0.7992782592773438
vt 0.5850524902343751 0.7992782592773438
vt 0.5850524902343751 0.8344345092773438
vt 0.5381774902343751 0.8344345092773438
vt 0.146484375 0.2802734375
vt 0.158203125 0.2802734375
vt 0.158203125 0.3154296875
vt 0.146484375 0.3154296875
vt 0.263671875 0.8544921875
vt 0.310546875 0.8544921875
vt 0.310546875 0.8896484375
vt 0.263671875 0.8896484375
vt 0.158203125 0.2802734375
vt 0.169921875 0.2802734375
vt 0.169921875 0.3154296875
vt 0.158203125 0.3154296875
vt 0.357421875 0.6904296875
vt 0.310546875 0.6904296875
vt 0.310546875 0.6787109375
vt 0.357421875 0.6787109375
vt 0.357421875 0.6669921875
vt 0.310546875 0.6669921875
vt 0.310546875 0.6787109375
vt 0.357421875 0.6787109375
vn 0 0 -1
vn 1 0 0
vn 0 0 1
vn -1 0 0
vn 0 1 0
vn 0 -1 0
usemtl m_7c4fd87a-d0f1-9ad7-7479-aa72dea38889
f 2369/7105/1777 2370/7106/1777 2371/7107/1777 2372/7108/1777
f 2373/7109/1778 2369/7110/1778 2372/7111/1778 2374/7112/1778
f 2375/7113/1779 2373/7114/1779 2374/7115/1779 2376/7116/1779
f 2370/7117/1780 2375/7118/1780 2376/7119/1780 2371/7120/1780
f 2376/7121/1781 2374/7122/1781 2372/7123/1781 2371/7124/1781
f 2370/7125/1782 2369/7126/1782 2373/7127/1782 2375/7128/1782
o cube
v 10.5 0 -0.09375
v 9.1875 0 -0.09375
v 9.1875 0.5625 -0.09375
v 10.5 0.5625 -0.09375
v 10.5 0 0.09375
v 10.5 0.5625 0.09375
v 9.1875 0 0.09375
v 9.1875 0.5625 0.09375
vt 0.401592254638672 0.9403152465820312
vt 0.483623504638672 0.9403152465820312
vt 0.483623504638672 0.9754714965820312
vt 0.401592254638672 0.9754714965820312
vt 0.205078125 0.2919921875
vt 0.216796875 0.2919921875
vt 0.216796875 0.3271484375
vt 0.205078125 0.3271484375
vt 0.017578125 0.9248046875
vt 0.099609375 0.9248046875
vt 0.099609375 0.9599609375
vt 0.017578125 0.9599609375
vt 0.216796875 0.2919921875
vt 0.228515625 0.2919921875
vt 0.228515625 0.3271484375
vt 0.216796875 0.3271484375
vt 0.099609375 0.3623046875
vt 0.017578125 0.3623046875
vt 0.017578125 0.3505859375
vt 0.099609375 0.3505859375
vt 0.181640625 0.3505859375
vt 0.099609375 0.3505859375
vt 0.099609375 0.3623046875
vt 0.181640625 0.3623046875
vn 0 0 -1
vn 1 0 0
vn 0 0 1
vn -1 0 0
vn 0 1 0
vn 0 -1 0
usemtl m_7c4fd87a-d0f1-9ad7-7479-aa72dea38889
f 2377/7129/1783 2378/7130/1783 2379/7131/1783 2380/7132/1783
f 2381/7133/1784 2377/7134/1784 2380/7135/1784 2382/7136/1784
f 2383/7137/1785 2381/7138/1785 2382/7139/1785 2384/7140/1785
f 2378/7141/1786 2383/7142/1786 2384/7143/1786 2379/7144/1786
f 2384/7145/1787 2382/7146/1787 2380/7147/1787 2379/7148/1787
f 2378/7149/1788 2377/7150/1788 2381/7151/1788 2383/7152/1788
o cube
v 12 0 -0.09375
v 10.6875 0 -0.09375
v 10.6875 0.5625 -0.09375
v 12 0.5625 -0.09375
v 12 0 0.09375
v 12 0.5625 0.09375
v 10.6875 0 0.09375
v 10.6875 0.5625 0.09375
vt 0.401592254638672 0.7992782592773438
vt 0.483623504638672 0.7992782592773438
vt 0.483623504638672 0.8344345092773438
vt 0.401592254638672 0.8344345092773438
vt 0.228515625 0.2919921875
vt 0.240234375 0.2919921875
vt 0.240234375 0.3271484375
vt 0.228515625 0.3271484375
vt 0.017578125 0.8544921875
vt 0.099609375 0.8544921875
vt 0.099609375 0.8896484375
vt 0.017578125 0.8896484375
vt 0.240234375 0.2919921875
vt 0.251953125 0.2919921875
vt 0.251953125 0.3271484375
vt 0.240234375 0.3271484375
vt 0.263671875 0.3623046875
vt 0.181640625 0.3623046875
vt 0.181640625 0.3505859375
vt 0.263671875 0.3505859375
vt 0.345703125 0.3505859375
vt 0.263671875 0.3505859375
vt 0.263671875 0.3623046875
vt 0.345703125 0.3623046875
vn 0 0 -1
vn 1 0 0
vn 0 0 1
vn -1 0 0
vn 0 1 0
vn 0 -1 0
usemtl m_7c4fd87a-d0f1-9ad7-7479-aa72dea38889
f 2385/7153/1789 2386/7154/1789 2387/7155/1789 2388/7156/1789
f 2389/7157/1790 2385/7158/1790 2388/7159/1790 2390/7160/1790
f 2391/7161/1791 2389/7162/1791 2390/7163/1791 2392/7164/1791
f 2386/7165/1792 2391/7166/1792 2392/7167/1792 2387/7168/1792
f 2392/7169/1793 2390/7170/1793 2388/7171/1793 2387/7172/1793
f 2386/7173/1794 2385/7174/1794 2389/7175/1794 2391/7176/1794
o cube
v 9 0 -0.09375
v 7.6875 0 -0.09375
v 7.6875 0.5625 -0.09375
v 9 0.5625 -0.09375
v 9 0 0.09375
v 9 0.5625 0.09375
v 7.6875 0 0.09375
v 7.6875 0.5625 0.09375
vt 0.401592254638672 0.6582412719726562
vt 0.483623504638672 0.6582412719726562
vt 0.483623504638672 0.6933975219726562
vt 0.401592254638672 0.6933975219726562
vt 0.251953125 0.2919921875
vt 0.263671875 0.2919921875
vt 0.263671875 0.3271484375
vt 0.251953125 0.3271484375
vt 0.017578125 0.7841796875
vt 0.099609375 0.7841796875
vt 0.099609375 0.8193359375
vt 0.017578125 0.8193359375
vt 0.263671875 0.2919921875
vt 0.275390625 0.2919921875
vt 0.275390625 0.3271484375
vt 0.263671875 0.3271484375
vt 0.099609375 0.3505859375
vt 0.017578125 0.3505859375
vt 0.017578125 0.3388671875
vt 0.099609375 0.3388671875
vt 0.181640625 0.3388671875
vt 0.099609375 0.3388671875
vt 0.099609375 0.3505859375
vt 0.181640625 0.3505859375
vn 0 0 -1
vn 1 0 0
vn 0 0 1
vn -1 0 0
vn 0 1 0
vn 0 -1 0
usemtl m_7c4fd87a-d0f1-9ad7-7479-aa72dea38889
f 2393/7177/1795 2394/7178/1795 2395/7179/1795 2396/7180/1795
f 2397/7181/1796 2393/7182/1796 2396/7183/1796 2398/7184/1796
f 2399/7185/1797 2397/7186/1797 2398/7187/1797 2400/7188/1797
f 2394/7189/1798 2399/7190/1798 2400/7191/1798 2395/7192/1798
f 2400/7193/1799 2398/7194/1799 2396/7195/1799 2395/7196/1799
f 2394/7197/1800 2393/7198/1800 2397/7199/1800 2399/7200/1800
o cube
v 8.25 0.75 -0.09375
v 6.9375 0.75 -0.09375
v 6.9375 1.3125 -0.09375
v 8.25 1.3125 -0.09375
v 8.25 0.75 0.09375
v 8.25 1.3125 0.09375
v 6.9375 0.75 0.09375
v 6.9375 1.3125 0.09375
vt 0.401592254638672 0.5172042846679688
vt 0.483623504638672 0.5172042846679688
vt 0.483623504638672 0.5523605346679688
vt 0.401592254638672 0.5523605346679688
vt 0.275390625 0.2919921875
vt 0.287109375 0.2919921875
vt 0.287109375 0.3271484375
vt 0.275390625 0.3271484375
vt 0.017578125 0.7138671875
vt 0.099609375 0.7138671875
vt 0.099609375 0.7490234375
vt 0.017578125 0.7490234375
vt 0.287109375 0.2919921875
vt 0.298828125 0.2919921875
vt 0.298828125 0.3271484375
vt 0.287109375 0.3271484375
vt 0.263671875 0.3505859375
vt 0.181640625 0.3505859375
vt 0.181640625 0.3388671875
vt 0.263671875 0.3388671875
vt 0.345703125 0.3388671875
vt 0.263671875 0.3388671875
vt 0.263671875 0.3505859375
vt 0.345703125 0.3505859375
vn 0 0 -1
vn 1 0 0
vn 0 0 1
vn -1 0 0
vn 0 1 0
vn 0 -1 0
usemtl m_7c4fd87a-d0f1-9ad7-7479-aa72dea38889
f 2401/7201/1801 2402/7202/1801 2403/7203/1801 2404/7204/1801
f 2405/7205/1802 2401/7206/1802 2404/7207/1802 2406/7208/1802
f 2407/7209/1803 2405/7210/1803 2406/7211/1803 2408/7212/1803
f 2402/7213/1804 2407/7214/1804 2408/7215/1804 2403/7216/1804
f 2408/7217/1805 2406/7218/1805 2404/7219/1805 2403/7220/1805
f 2402/7221/1806 2401/7222/1806 2405/7223/1806 2407/7224/1806
o cube
v 7.5 0 -0.09375
v 6.1875 0 -0.09375
v 6.1875 0.5625 -0.09375
v 7.5 0.5625 -0.09375
v 7.5 0 0.09375
v 7.5 0.5625 0.09375
v 6.1875 0 0.09375
v 6.1875 0.5625 0.09375
vt 0.401592254638672 0.37616729736328125
vt 0.483623504638672 0.37616729736328125
vt 0.483623504638672 0.41132354736328125
vt 0.401592254638672 0.41132354736328125
vt 0.298828125 0.2919921875
vt 0.310546875 0.2919921875
vt 0.310546875 0.3271484375
vt 0.298828125 0.3271484375
vt 0.017578125 0.6435546875
vt 0.099609375 0.6435546875
vt 0.099609375 0.6787109375
vt 0.017578125 0.6787109375
vt 0.310546875 0.2919921875
vt 0.322265625 0.2919921875
vt 0.322265625 0.3271484375
vt 0.310546875 0.3271484375
vt 0.380859375 0.6435546875
vt 0.298828125 0.6435546875
vt 0.298828125 0.6318359375
vt 0.380859375 0.6318359375
vt 0.380859375 0.6201171875
vt 0.298828125 0.6201171875
vt 0.298828125 0.6318359375
vt 0.380859375 0.6318359375
vn 0 0 -1
vn 1 0 0
vn 0 0 1
vn -1 0 0
vn 0 1 0
vn 0 -1 0
usemtl m_7c4fd87a-d0f1-9ad7-7479-aa72dea38889
f 2409/7225/1807 2410/7226/1807 2411/7227/1807 2412/7228/1807
f 2413/7229/1808 2409/7230/1808 2412/7231/1808 2414/7232/1808
f 2415/7233/1809 2413/7234/1809 2414/7235/1809 2416/7236/1809
f 2410/7237/1810 2415/7238/1810 2416/7239/1810 2411/7240/1810
f 2416/7241/1811 2414/7242/1811 2412/7243/1811 2411/7244/1811
f 2410/7245/1812 2409/7246/1812 2413/7247/1812 2415/7248/1812
o cube
v 9.75 0.75 -0.09375
v 8.4375 0.75 -0.09375
v 8.4375 1.3125 -0.09375
v 9.75 1.3125 -0.09375
v 9.75 0.75 0.09375
v 9.75 1.3125 0.09375
v 8.4375 0.75 0.09375
v 8.4375 1.3125 0.09375
vt 0.401592254638672 0.23513031005859375
vt 0.483623504638672 0.23513031005859375
vt 0.483623504638672 0.27028656005859375
vt 0.401592254638672 0.27028656005859375
vt 0.322265625 0.2919921875
vt 0.333984375 0.2919921875
vt 0.333984375 0.3271484375
vt 0.322265625 0.3271484375
vt 0.017578125 0.5732421875
vt 0.099609375 0.5732421875
vt 0.099609375 0.6083984375
vt 0.017578125 0.6083984375
vt 0.017578125 0.2802734375
vt 0.029296875 0.2802734375
vt 0.029296875 0.3154296875
vt 0.017578125 0.3154296875
vt 0.380859375 0.6201171875
vt 0.298828125 0.6201171875
vt 0.298828125 0.6083984375
vt 0.380859375 0.6083984375
vt 0.380859375 0.5966796875
vt 0.298828125 0.5966796875
vt 0.298828125 0.6083984375
vt 0.380859375 0.6083984375
vn 0 0 -1
vn 1 0 0
vn 0 0 1
vn -1 0 0
vn 0 1 0
vn 0 -1 0
usemtl m_7c4fd87a-d0f1-9ad7-7479-aa72dea38889
f 2417/7249/1813 2418/7250/1813 2419/7251/1813 2420/7252/1813
f 2421/7253/1814 2417/7254/1814 2420/7255/1814 2422/7256/1814
f 2423/7257/1815 2421/7258/1815 2422/7259/1815 2424/7260/1815
f 2418/7261/1816 2423/7262/1816 2424/7263/1816 2419/7264/1816
f 2424/7265/1817 2422/7266/1817 2420/7267/1817 2419/7268/1817
f 2418/7269/1818 2417/7270/1818 2421/7271/1818 2423/7272/1818
o cube
v 11.25 0.75 -0.09375
v 9.9375 0.75 -0.09375
v 9.9375 1.3125 -0.09375
v 11.25 1.3125 -0.09375
v 11.25 0.75 0.09375
v 11.25 1.3125 0.09375
v 9.9375 0.75 0.09375
v 9.9375 1.3125 0.09375
vt 0.401592254638672 0.09409332275390625
vt 0.483623504638672 0.09409332275390625
vt 0.483623504638672 0.12924957275390625
vt 0.401592254638672 0.12924957275390625
vt 0.029296875 0.2802734375
vt 0.041015625 0.2802734375
vt 0.041015625 0.3154296875
vt 0.029296875 0.3154296875
vt 0.099609375 0.9599609375
vt 0.181640625 0.9599609375
vt 0.181640625 0.9951171875
vt 0.099609375 0.9951171875
vt 0.041015625 0.2802734375
vt 0.052734375 0.2802734375
vt 0.052734375 0.3154296875
vt 0.041015625 0.3154296875
vt 0.380859375 0.5966796875
vt 0.298828125 0.5966796875
vt 0.298828125 0.5849609375
vt 0.380859375 0.5849609375
vt 0.380859375 0.5732421875
vt 0.298828125 0.5732421875
vt 0.298828125 0.5849609375
vt 0.380859375 0.5849609375
vn 0 0 -1
vn 1 0 0
vn 0 0 1
vn -1 0 0
vn 0 1 0
vn 0 -1 0
usemtl m_7c4fd87a-d0f1-9ad7-7479-aa72dea38889
f 2425/7273/1819 2426/7274/1819 2427/7275/1819 2428/7276/1819
f 2429/7277/1820 2425/7278/1820 2428/7279/1820 2430/7280/1820
f 2431/7281/1821 2429/7282/1821 2430/7283/1821 2432/7284/1821
f 2426/7285/1822 2431/7286/1822 2432/7287/1822 2427/7288/1822
f 2432/7289/1823 2430/7290/1823 2428/7291/1823 2427/7292/1823
f 2426/7293/1824 2425/7294/1824 2429/7295/1824 2431/7296/1824
o cube
v 12 0.75 -0.09375
v 11.4375 0.75 -0.09375
v 11.4375 1.3125 -0.09375
v 12 1.3125 -0.09375
v 12 0.75 0.09375
v 12 1.3125 0.09375
v 11.4375 0.75 0.09375
v 11.4375 1.3125 0.09375
vt 0.5615921020507814 0.23513031005859375
vt 0.5967483520507814 0.23513031005859375
vt 0.5967483520507814 0.27028656005859375
vt 0.5615921020507814 0.27028656005859375
vt 0.052734375 0.2802734375
vt 0.064453125 0.2802734375
vt 0.064453125 0.3154296875
vt 0.052734375 0.3154296875
vt 0.263671875 0.5732421875
vt 0.298828125 0.5732421875
vt 0.298828125 0.6083984375
vt 0.263671875 0.6083984375
vt 0.064453125 0.2802734375
vt 0.076171875 0.2802734375
vt 0.076171875 0.3154296875
vt 0.064453125 0.3154296875
vt 0.111328125 0.3154296875
vt 0.076171875 0.3154296875
vt 0.076171875 0.3037109375
vt 0.111328125 0.3037109375
vt 0.146484375 0.3037109375
vt 0.111328125 0.3037109375
vt 0.111328125 0.3154296875
vt 0.146484375 0.3154296875
vn 0 0 -1
vn 1 0 0
vn 0 0 1
vn -1 0 0
vn 0 1 0
vn 0 -1 0
usemtl m_7c4fd87a-d0f1-9ad7-7479-aa72dea38889
f 2433/7297/1825 2434/7298/1825 2435/7299/1825 2436/7300/1825
f 2437/7301/1826 2433/7302/1826 2436/7303/1826 2438/7304/1826
f 2439/7305/1827 2437/7306/1827 2438/7307/1827 2440/7308/1827
f 2434/7309/1828 2439/7310/1828 2440/7311/1828 2435/7312/1828
f 2440/7313/1829 2438/7314/1829 2436/7315/1829 2435/7316/1829
f 2434/7317/1830 2433/7318/1830 2437/7319/1830 2439/7320/1830
o cube
v 12 1.5 -0.09375
v 10.6875 1.5 -0.09375
v 10.6875 2.0625 -0.09375
v 12 2.0625 -0.09375
v 12 1.5 0.09375
v 12 2.0625 0.09375
v 10.6875 1.5 0.09375
v 10.6875 2.0625 0.09375
vt 0.46793365478515636 0.8697967529296875
vt 0.5499649047851564 0.8697967529296875
vt 0.5499649047851564 0.9049530029296875
vt 0.46793365478515636 0.9049530029296875
vt 0.169921875 0.2802734375
vt 0.181640625 0.2802734375
vt 0.181640625 0.3154296875
vt 0.169921875 0.3154296875
vt 0.099609375 0.8896484375
vt 0.181640625 0.8896484375
vt 0.181640625 0.9248046875
vt 0.099609375 0.9248046875
vt 0.181640625 0.2802734375
vt 0.193359375 0.2802734375
vt 0.193359375 0.3154296875
vt 0.181640625 0.3154296875
vt 0.380859375 0.5732421875
vt 0.298828125 0.5732421875
vt 0.298828125 0.5615234375
vt 0.380859375 0.5615234375
vt 0.380859375 0.5498046875
vt 0.298828125 0.5498046875
vt 0.298828125 0.5615234375
vt 0.380859375 0.5615234375
vn 0 0 -1
vn 1 0 0
vn 0 0 1
vn -1 0 0
vn 0 1 0
vn 0 -1 0
usemtl m_7c4fd87a-d0f1-9ad7-7479-aa72dea38889
f 2441/7321/1831 2442/7322/1831 2443/7323/1831 2444/7324/1831
f 2445/7325/1832 2441/7326/1832 2444/7327/1832 2446/7328/1832
f 2447/7329/1833 2445/7330/1833 2446/7331/1833 2448/7332/1833
f 2442/7333/1834 2447/7334/1834 2448/7335/1834 2443/7336/1834
f 2448/7337/1835 2446/7338/1835 2444/7339/1835 2443/7340/1835
f 2442/7341/1836 2441/7342/1836 2445/7343/1836 2447/7344/1836
o cube
v 10.5 1.5 -0.09375
v 9.1875 1.5 -0.09375
v 9.1875 2.0625 -0.09375
v 10.5 2.0625 -0.09375
v 10.5 1.5 0.09375
v 10.5 2.0625 0.09375
v 9.1875 1.5 0.09375
v 9.1875 2.0625 0.09375
vt 0.46793365478515636 0.728759765625
vt 0.5499649047851564 0.728759765625
vt 0.5499649047851564 0.763916015625
vt 0.46793365478515636 0.763916015625
vt 0.193359375 0.2802734375
vt 0.205078125 0.2802734375
vt 0.205078125 0.3154296875
vt 0.193359375 0.3154296875
vt 0.099609375 0.8193359375
vt 0.181640625 0.8193359375
vt 0.181640625 0.8544921875
vt 0.099609375 0.8544921875
vt 0.333984375 0.2919921875
vt 0.345703125 0.2919921875
vt 0.345703125 0.3271484375
vt 0.333984375 0.3271484375
vt 0.380859375 0.5498046875
vt 0.298828125 0.5498046875
vt 0.298828125 0.5380859375
vt 0.380859375 0.5380859375
vt 0.380859375 0.5263671875
vt 0.298828125 0.5263671875
vt 0.298828125 0.5380859375
vt 0.380859375 0.5380859375
vn 0 0 -1
vn 1 0 0
vn 0 0 1
vn -1 0 0
vn 0 1 0
vn 0 -1 0
usemtl m_7c4fd87a-d0f1-9ad7-7479-aa72dea38889
f 2449/7345/1837 2450/7346/1837 2451/7347/1837 2452/7348/1837
f 2453/7349/1838 2449/7350/1838 2452/7351/1838 2454/7352/1838
f 2455/7353/1839 2453/7354/1839 2454/7355/1839 2456/7356/1839
f 2450/7357/1840 2455/7358/1840 2456/7359/1840 2451/7360/1840
f 2456/7361/1841 2454/7362/1841 2452/7363/1841 2451/7364/1841
f 2450/7365/1842 2449/7366/1842 2453/7367/1842 2455/7368/1842
o cube
v 9 1.5 -0.09375
v 7.6875 1.5 -0.09375
v 7.6875 2.0625 -0.09375
v 9 2.0625 -0.09375
v 9 1.5 0.09375
v 9 2.0625 0.09375
v 7.6875 1.5 0.09375
v 7.6875 2.0625 0.09375
vt 0.46793365478515636 0.5877227783203125
vt 0.5499649047851564 0.5877227783203125
vt 0.5499649047851564 0.6228790283203125
vt 0.46793365478515636 0.6228790283203125
vt 0.076171875 0.2685546875
vt 0.087890625 0.2685546875
vt 0.087890625 0.3037109375
vt 0.076171875 0.3037109375
vt 0.099609375 0.7490234375
vt 0.181640625 0.7490234375
vt 0.181640625 0.7841796875
vt 0.099609375 0.7841796875
vt 0.087890625 0.2685546875
vt 0.099609375 0.2685546875
vt 0.099609375 0.3037109375
vt 0.087890625 0.3037109375
vt 0.380859375 0.5263671875
vt 0.298828125 0.5263671875
vt 0.298828125 0.5146484375
vt 0.380859375 0.5146484375
vt 0.380859375 0.5029296875
vt 0.298828125 0.5029296875
vt 0.298828125 0.5146484375
vt 0.380859375 0.5146484375
vn 0 0 -1
vn 1 0 0
vn 0 0 1
vn -1 0 0
vn 0 1 0
vn 0 -1 0
usemtl m_7c4fd87a-d0f1-9ad7-7479-aa72dea38889
f 2457/7369/1843 2458/7370/1843 2459/7371/1843 2460/7372/1843
f 2461/7373/1844 2457/7374/1844 2460/7375/1844 2462/7376/1844
f 2463/7377/1845 2461/7378/1845 2462/7379/1845 2464/7380/1845
f 2458/7381/1846 2463/7382/1846 2464/7383/1846 2459/7384/1846
f 2464/7385/1847 2462/7386/1847 2460/7387/1847 2459/7388/1847
f 2458/7389/1848 2457/7390/1848 2461/7391/1848 2463/7392/1848
o cube
v 7.5 1.5 -0.09375
v 6.1875 1.5 -0.09375
v 6.1875 2.0625 -0.09375
v 7.5 2.0625 -0.09375
v 7.5 1.5 0.09375
v 7.5 2.0625 0.09375
v 6.1875 1.5 0.09375
v 6.1875 2.0625 0.09375
vt 0.46793365478515636 0.446685791015625
vt 0.5499649047851564 0.446685791015625
vt 0.5499649047851564 0.481842041015625
vt 0.46793365478515636 0.481842041015625
vt 0.099609375 0.2685546875
vt 0.111328125 0.2685546875
vt 0.111328125 0.3037109375
vt 0.099609375 0.3037109375
vt 0.099609375 0.6787109375
vt 0.181640625 0.6787109375
vt 0.181640625 0.7138671875
vt 0.099609375 0.7138671875
vt 0.111328125 0.2685546875
vt 0.123046875 0.2685546875
vt 0.123046875 0.3037109375
vt 0.111328125 0.3037109375
vt 0.380859375 0.5029296875
vt 0.298828125 0.5029296875
vt 0.298828125 0.4912109375
vt 0.380859375 0.4912109375
vt 0.380859375 0.4794921875
vt 0.298828125 0.4794921875
vt 0.298828125 0.4912109375
vt 0.380859375 0.4912109375
vn 0 0 -1
vn 1 0 0
vn 0 0 1
vn -1 0 0
vn 0 1 0
vn 0 -1 0
usemtl m_7c4fd87a-d0f1-9ad7-7479-aa72dea38889
f 2465/7393/1849 2466/7394/1849 2467/7395/1849 2468/7396/1849
f 2469/7397/1850 2465/7398/1850 2468/7399/1850 2470/7400/1850
f 2471/7401/1851 2469/7402/1851 2470/7403/1851 2472/7404/1851
f 2466/7405/1852 2471/7406/1852 2472/7407/1852 2467/7408/1852
f 2472/7409/1853 2470/7410/1853 2468/7411/1853 2467/7412/1853
f 2466/7413/1854 2465/7414/1854 2469/7415/1854 2471/7416/1854
o cube
v 6.75 2.25 -0.09375
v 6 2.25 -0.09375
v 6 2.8125 -0.09375
v 6.75 2.8125 -0.09375
v 6.75 2.25 0.09375
v 6.75 2.8125 0.09375
v 6 2.25 0.09375
v 6 2.8125 0.09375
vt 0.5381774902343751 0.6582412719726562
vt 0.5850524902343751 0.6582412719726562
vt 0.5850524902343751 0.6933975219726562
vt 0.5381774902343751 0.6933975219726562
vt 0.123046875 0.2685546875
vt 0.134765625 0.2685546875
vt 0.134765625 0.3037109375
vt 0.123046875 0.3037109375
vt 0.263671875 0.7841796875
vt 0.310546875 0.7841796875
vt 0.310546875 0.8193359375
vt 0.263671875 0.8193359375
vt 0.134765625 0.2685546875
vt 0.146484375 0.2685546875
vt 0.146484375 0.3037109375
vt 0.134765625 0.3037109375
vt 0.357421875 0.6669921875
vt 0.310546875 0.6669921875
vt 0.310546875 0.6552734375
vt 0.357421875 0.6552734375
vt 0.357421875 0.6435546875
vt 0.310546875 0.6435546875
vt 0.310546875 0.6552734375
vt 0.357421875 0.6552734375
vn 0 0 -1
vn 1 0 0
vn 0 0 1
vn -1 0 0
vn 0 1 0
vn 0 -1 0
usemtl m_7c4fd87a-d0f1-9ad7-7479-aa72dea38889
f 2473/7417/1855 2474/7418/1855 2475/7419/1855 2476/7420/1855
f 2477/7421/1856 2473/7422/1856 2476/7423/1856 2478/7424/1856
f 2479/7425/1857 2477/7426/1857 2478/7427/1857 2480/7428/1857
f 2474/7429/1858 2479/7430/1858 2480/7431/1858 2475/7432/1858
f 2480/7433/1859 2478/7434/1859 2476/7435/1859 2475/7436/1859
f 2474/7437/1860 2473/7438/1860 2477/7439/1860 2479/7440/1860
o cube
v 8.25 2.25 -0.09375
v 6.9375 2.25 -0.09375
v 6.9375 2.8125 -0.09375
v 8.25 2.8125 -0.09375
v 8.25 2.25 0.09375
v 8.25 2.8125 0.09375
v 6.9375 2.25 0.09375
v 6.9375 2.8125 0.09375
vt 0.46793365478515636 0.3056488037109375
vt 0.5499649047851564 0.3056488037109375
vt 0.5499649047851564 0.3408050537109375
vt 0.46793365478515636 0.3408050537109375
vt 0.345703125 0.9599609375
vt 0.357421875 0.9599609375
vt 0.357421875 0.9951171875
vt 0.345703125 0.9951171875
vt 0.099609375 0.6083984375
vt 0.181640625 0.6083984375
vt 0.181640625 0.6435546875
vt 0.099609375 0.6435546875
vt 0.345703125 0.9248046875
vt 0.357421875 0.9248046875
vt 0.357421875 0.9599609375
vt 0.345703125 0.9599609375
vt 0.380859375 0.4794921875
vt 0.298828125 0.4794921875
vt 0.298828125 0.4677734375
vt 0.380859375 0.4677734375
vt 0.380859375 0.4560546875
vt 0.298828125 0.4560546875
vt 0.298828125 0.4677734375
vt 0.380859375 0.4677734375
vn 0 0 -1
vn 1 0 0
vn 0 0 1
vn -1 0 0
vn 0 1 0
vn 0 -1 0
usemtl m_7c4fd87a-d0f1-9ad7-7479-aa72dea38889
f 2481/7441/1861 2482/7442/1861 2483/7443/1861 2484/7444/1861
f 2485/7445/1862 2481/7446/1862 2484/7447/1862 2486/7448/1862
f 2487/7449/1863 2485/7450/1863 2486/7451/1863 2488/7452/1863
f 2482/7453/1864 2487/7454/1864 2488/7455/1864 2483/7456/1864
f 2488/7457/1865 2486/7458/1865 2484/7459/1865 2483/7460/1865
f 2482/7461/1866 2481/7462/1866 2485/7463/1866 2487/7464/1866
o cube
v 9.75 2.25 -0.09375
v 8.4375 2.25 -0.09375
v 8.4375 2.8125 -0.09375
v 9.75 2.8125 -0.09375
v 9.75 2.25 0.09375
v 9.75 2.8125 0.09375
v 8.4375 2.25 0.09375
v 8.4375 2.8125 0.09375
vt 0.46793365478515636 0.16461181640625
vt 0.5499649047851564 0.16461181640625
vt 0.5499649047851564 0.19976806640625
vt 0.46793365478515636 0.19976806640625
vt 0.345703125 0.3271484375
vt 0.357421875 0.3271484375
vt 0.357421875 0.3623046875
vt 0.345703125 0.3623046875
vt 0.099609375 0.5380859375
vt 0.181640625 0.5380859375
vt 0.181640625 0.5732421875
vt 0.099609375 0.5732421875
vt 0.345703125 0.2919921875
vt 0.357421875 0.2919921875
vt 0.357421875 0.3271484375
vt 0.345703125 0.3271484375
vt 0.380859375 0.4560546875
vt 0.298828125 0.4560546875
vt 0.298828125 0.4443359375
vt 0.380859375 0.4443359375
vt 0.380859375 0.4326171875
vt 0.298828125 0.4326171875
vt 0.298828125 0.4443359375
vt 0.380859375 0.4443359375
vn 0 0 -1
vn 1 0 0
vn 0 0 1
vn -1 0 0
vn 0 1 0
vn 0 -1 0
usemtl m_7c4fd87a-d0f1-9ad7-7479-aa72dea38889
f 2489/7465/1867 2490/7466/1867 2491/7467/1867 2492/7468/1867
f 2493/7469/1868 2489/7470/1868 2492/7471/1868 2494/7472/1868
f 2495/7473/1869 2493/7474/1869 2494/7475/1869 2496/7476/1869
f 2490/7477/1870 2495/7478/1870 2496/7479/1870 2491/7480/1870
f 2496/7481/1871 2494/7482/1871 2492/7483/1871 2491/7484/1871
f 2490/7485/1872 2489/7486/1872 2493/7487/1872 2495/7488/1872
o cube
v 11.25 2.25 -0.09375
v 9.9375 2.25 -0.09375
v 9.9375 2.8125 -0.09375
v 11.25 2.8125 -0.09375
v 11.25 2.25 0.09375
v 11.25 2.8125 0.09375
v 9.9375 2.25 0.09375
v 9.9375 2.8125 0.09375
vt 0.401592254638672 0.04708099365234375
vt 0.483623504638672 0.04708099365234375
vt 0.483623504638672 0.08223724365234375
vt 0.401592254638672 0.08223724365234375
vt 0.205078125 0.2568359375
vt 0.216796875 0.2568359375
vt 0.216796875 0.2919921875
vt 0.205078125 0.2919921875
vt 0.099609375 0.5029296875
vt 0.181640625 0.5029296875
vt 0.181640625 0.5380859375
vt 0.099609375 0.5380859375
vt 0.216796875 0.2568359375
vt 0.228515625 0.2568359375
vt 0.228515625 0.2919921875
vt 0.216796875 0.2919921875
vt 0.380859375 0.4326171875
vt 0.298828125 0.4326171875
vt 0.298828125 0.4208984375
vt 0.380859375 0.4208984375
vt 0.380859375 0.4091796875
vt 0.298828125 0.4091796875
vt 0.298828125 0.4208984375
vt 0.380859375 0.4208984375
vn 0 0 -1
vn 1 0 0
vn 0 0 1
vn -1 0 0
vn 0 1 0
vn 0 -1 0
usemtl m_7c4fd87a-d0f1-9ad7-7479-aa72dea38889
f 2497/7489/1873 2498/7490/1873 2499/7491/1873 2500/7492/1873
f 2501/7493/1874 2497/7494/1874 2500/7495/1874 2502/7496/1874
f 2503/7497/1875 2501/7498/1875 2502/7499/1875 2504/7500/1875
f 2498/7501/1876 2503/7502/1876 2504/7503/1876 2499/7504/1876
f 2504/7505/1877 2502/7506/1877 2500/7507/1877 2499/7508/1877
f 2498/7509/1878 2497/7510/1878 2501/7511/1878 2503/7512/1878
o cube
v 12 2.25 -0.09375
v 11.4375 2.25 -0.09375
v 11.4375 2.8125 -0.09375
v 12 2.8125 -0.09375
v 12 2.25 0.09375
v 12 2.8125 0.09375
v 11.4375 2.25 0.09375
v 11.4375 2.8125 0.09375
vt 0.5615921020507814 0.09409332275390625
vt 0.5967483520507814 0.09409332275390625
vt 0.5967483520507814 0.12924957275390625
vt 0.5615921020507814 0.12924957275390625
vt 0.228515625 0.2568359375
vt 0.240234375 0.2568359375
vt 0.240234375 0.2919921875
vt 0.228515625 0.2919921875
vt 0.263671875 0.5029296875
vt 0.298828125 0.5029296875
vt 0.298828125 0.5380859375
vt 0.263671875 0.5380859375
vt 0.240234375 0.2568359375
vt 0.251953125 0.2568359375
vt 0.251953125 0.2919921875
vt 0.240234375 0.2919921875
vt 0.287109375 0.2919921875
vt 0.251953125 0.2919921875
vt 0.251953125 0.2802734375
vt 0.287109375 0.2802734375
vt 0.322265625 0.2802734375
vt 0.287109375 0.2802734375
vt 0.287109375 0.2919921875
vt 0.322265625 0.2919921875
vn 0 0 -1
vn 1 0 0
vn 0 0 1
vn -1 0 0
vn 0 1 0
vn 0 -1 0
usemtl m_7c4fd87a-d0f1-9ad7-7479-aa72dea38889
f 2505/7513/1879 2506/7514/1879 2507/7515/1879 2508/7516/1879
f 2509/7517/1880 2505/7518/1880 2508/7519/1880 2510/7520/1880
f 2511/7521/1881 2509/7522/1881 2510/7523/1881 2512/7524/1881
f 2506/7525/1882 2511/7526/1882 2512/7527/1882 2507/7528/1882
f 2512/7529/1883 2510/7530/1883 2508/7531/1883 2507/7532/1883
f 2506/7533/1884 2505/7534/1884 2509/7535/1884 2511/7536/1884
o cube
v 7.5 3 -0.09375
v 6.1875 3 -0.09375
v 6.1875 3.5625 -0.09375
v 7.5 3.5625 -0.09375
v 7.5 3 0.09375
v 7.5 3.5625 0.09375
v 6.1875 3 0.09375
v 6.1875 3.5625 0.09375
vt 0.401592254638672 0.04708099365234375
vt 0.483623504638672 0.04708099365234375
vt 0.483623504638672 0.08223724365234375
vt 0.401592254638672 0.08223724365234375
vt 0.322265625 0.2568359375
vt 0.333984375 0.2568359375
vt 0.333984375 0.2919921875
vt 0.322265625 0.2919921875
vt 0.099609375 0.4677734375
vt 0.181640625 0.4677734375
vt 0.181640625 0.5029296875
vt 0.099609375 0.5029296875
vt 0.333984375 0.2568359375
vt 0.345703125 0.2568359375
vt 0.345703125 0.2919921875
vt 0.333984375 0.2919921875
vt 0.380859375 0.4091796875
vt 0.298828125 0.4091796875
vt 0.298828125 0.3974609375
vt 0.380859375 0.3974609375
vt 0.380859375 0.3857421875
vt 0.298828125 0.3857421875
vt 0.298828125 0.3974609375
vt 0.380859375 0.3974609375
vn 0 0 -1
vn 1 0 0
vn 0 0 1
vn -1 0 0
vn 0 1 0
vn 0 -1 0
usemtl m_7c4fd87a-d0f1-9ad7-7479-aa72dea38889
f 2513/7537/1885 2514/7538/1885 2515/7539/1885 2516/7540/1885
f 2517/7541/1886 2513/7542/1886 2516/7543/1886 2518/7544/1886
f 2519/7545/1887 2517/7546/1887 2518/7547/1887 2520/7548/1887
f 2514/7549/1888 2519/7550/1888 2520/7551/1888 2515/7552/1888
f 2520/7553/1889 2518/7554/1889 2516/7555/1889 2515/7556/1889
f 2514/7557/1890 2513/7558/1890 2517/7559/1890 2519/7560/1890
o cube
v 9 3 -0.09375
v 7.6875 3 -0.09375
v 7.6875 3.5625 -0.09375
v 9 3.5625 -0.09375
v 9 3 0.09375
v 9 3.5625 0.09375
v 7.6875 3 0.09375
v 7.6875 3.5625 0.09375
vt 0.401592254638672 0.04708099365234375
vt 0.483623504638672 0.04708099365234375
vt 0.483623504638672 0.08223724365234375
vt 0.401592254638672 0.08223724365234375
vt 0.345703125 0.2568359375
vt 0.357421875 0.2568359375
vt 0.357421875 0.2919921875
vt 0.345703125 0.2919921875
vt 0.099609375 0.4326171875
vt 0.181640625 0.4326171875
vt 0.181640625 0.4677734375
vt 0.099609375 0.4677734375
vt 0.357421875 0.9599609375
vt 0.369140625 0.9599609375
vt 0.369140625 0.9951171875
vt 0.357421875 0.9951171875
vt 0.380859375 0.3857421875
vt 0.298828125 0.3857421875
vt 0.298828125 0.3740234375
vt 0.380859375 0.3740234375
vt 0.380859375 0.3623046875
vt 0.298828125 0.3623046875
vt 0.298828125 0.3740234375
vt 0.380859375 0.3740234375
vn 0 0 -1
vn 1 0 0
vn 0 0 1
vn -1 0 0
vn 0 1 0
vn 0 -1 0
usemtl m_7c4fd87a-d0f1-9ad7-7479-aa72dea38889
f 2521/7561/1891 2522/7562/1891 2523/7563/1891 2524/7564/1891
f 2525/7565/1892 2521/7566/1892 2524/7567/1892 2526/7568/1892
f 2527/7569/1893 2525/7570/1893 2526/7571/1893 2528/7572/1893
f 2522/7573/1894 2527/7574/1894 2528/7575/1894 2523/7576/1894
f 2528/7577/1895 2526/7578/1895 2524/7579/1895 2523/7580/1895
f 2522/7581/1896 2521/7582/1896 2525/7583/1896 2527/7584/1896
o cube
v 10.5 3 -0.09375
v 9.1875 3 -0.09375
v 9.1875 3.5625 -0.09375
v 10.5 3.5625 -0.09375
v 10.5 3 0.09375
v 10.5 3.5625 0.09375
v 9.1875 3 0.09375
v 9.1875 3.5625 0.09375
vt 0.46793365478515636 0.9403152465820312
vt 0.5499649047851564 0.9403152465820312
vt 0.5499649047851564 0.9754714965820312
vt 0.46793365478515636 0.9754714965820312
vt 0.357421875 0.9248046875
vt 0.369140625 0.9248046875
vt 0.369140625 0.9599609375
vt 0.357421875 0.9599609375
vt 0.181640625 0.9248046875
vt 0.263671875 0.9248046875
vt 0.263671875 0.9599609375
vt 0.181640625 0.9599609375
vt 0.357421875 0.6552734375
vt 0.369140625 0.6552734375
vt 0.369140625 0.6904296875
vt 0.357421875 0.6904296875
vt 0.099609375 0.3388671875
vt 0.017578125 0.3388671875
vt 0.017578125 0.3271484375
vt 0.099609375 0.3271484375
vt 0.181640625 0.3271484375
vt 0.099609375 0.3271484375
vt 0.099609375 0.3388671875
vt 0.181640625 0.3388671875
vn 0 0 -1
vn 1 0 0
vn 0 0 1
vn -1 0 0
vn 0 1 0
vn 0 -1 0
usemtl m_7c4fd87a-d0f1-9ad7-7479-aa72dea38889
f 2529/7585/1897 2530/7586/1897 2531/7587/1897 2532/7588/1897
f 2533/7589/1898 2529/7590/1898 2532/7591/1898 2534/7592/1898
f 2535/7593/1899 2533/7594/1899 2534/7595/1899 2536/7596/1899
f 2530/7597/1900 2535/7598/1900 2536/7599/1900 2531/7600/1900
f 2536/7601/1901 2534/7602/1901 2532/7603/1901 2531/7604/1901
f 2530/7605/1902 2529/7606/1902 2533/7607/1902 2535/7608/1902
o cube
v 12 3 -0.09375
v 10.6875 3 -0.09375
v 10.6875 3.5625 -0.09375
v 12 3.5625 -0.09375
v 12 3 0.09375
v 12 3.5625 0.09375
v 10.6875 3 0.09375
v 10.6875 3.5625 0.09375
vt 0.46793365478515636 0.7992782592773438
vt 0.5499649047851564 0.7992782592773438
vt 0.5499649047851564 0.8344345092773438
vt 0.46793365478515636 0.8344345092773438
vt 0.357421875 0.3271484375
vt 0.369140625 0.3271484375
vt 0.369140625 0.3623046875
vt 0.357421875 0.3623046875
vt 0.181640625 0.8544921875
vt 0.263671875 0.8544921875
vt 0.263671875 0.8896484375
vt 0.181640625 0.8896484375
vt 0.357421875 0.2919921875
vt 0.369140625 0.2919921875
vt 0.369140625 0.3271484375
vt 0.357421875 0.3271484375
vt 0.263671875 0.3388671875
vt 0.181640625 0.3388671875
vt 0.181640625 0.3271484375
vt 0.263671875 0.3271484375
vt 0.345703125 0.3271484375
vt 0.263671875 0.3271484375
vt 0.263671875 0.3388671875
vt 0.345703125 0.3388671875
vn 0 0 -1
vn 1 0 0
vn 0 0 1
vn -1 0 0
vn 0 1 0
vn 0 -1 0
usemtl m_7c4fd87a-d0f1-9ad7-7479-aa72dea38889
f 2537/7609/1903 2538/7610/1903 2539/7611/1903 2540/7612/1903
f 2541/7613/1904 2537/7614/1904 2540/7615/1904 2542/7616/1904
f 2543/7617/1905 2541/7618/1905 2542/7619/1905 2544/7620/1905
f 2538/7621/1906 2543/7622/1906 2544/7623/1906 2539/7624/1906
f 2544/7625/1907 2542/7626/1907 2540/7627/1907 2539/7628/1907
f 2538/7629/1908 2537/7630/1908 2541/7631/1908 2543/7632/1908
o cube
v 6.75 3.75 -0.09375
v 6 3.75 -0.09375
v 6 4.3125 -0.09375
v 6.75 4.3125 -0.09375
v 6.75 3.75 0.09375
v 6.75 4.3125 0.09375
v 6 3.75 0.09375
v 6 4.3125 0.09375
vt 0.5381774902343751 0.5172042846679688
vt 0.5850524902343751 0.5172042846679688
vt 0.5850524902343751 0.5523605346679688
vt 0.5381774902343751 0.5523605346679688
vt 0.357421875 0.2568359375
vt 0.369140625 0.2568359375
vt 0.369140625 0.2919921875
vt 0.357421875 0.2919921875
vt 0.263671875 0.7138671875
vt 0.310546875 0.7138671875
vt 0.310546875 0.7490234375
vt 0.263671875 0.7490234375
vt 0.017578125 0.2451171875
vt 0.029296875 0.2451171875
vt 0.029296875 0.2802734375
vt 0.017578125 0.2802734375
vt 0.064453125 0.3271484375
vt 0.017578125 0.3271484375
vt 0.017578125 0.3154296875
vt 0.064453125 0.3154296875
vt 0.111328125 0.3154296875
vt 0.064453125 0.3154296875
vt 0.064453125 0.3271484375
vt 0.111328125 0.3271484375
vn 0 0 -1
vn 1 0 0
vn 0 0 1
vn -1 0 0
vn 0 1 0
vn 0 -1 0
usemtl m_7c4fd87a-d0f1-9ad7-7479-aa72dea38889
f 2545/7633/1909 2546/7634/1909 2547/7635/1909 2548/7636/1909
f 2549/7637/1910 2545/7638/1910 2548/7639/1910 2550/7640/1910
f 2551/7641/1911 2549/7642/1911 2550/7643/1911 2552/7644/1911
f 2546/7645/1912 2551/7646/1912 2552/7647/1912 2547/7648/1912
f 2552/7649/1913 2550/7650/1913 2548/7651/1913 2547/7652/1913
f 2546/7653/1914 2545/7654/1914 2549/7655/1914 2551/7656/1914
o cube
v 8.25 3.75 -0.09375
v 6.9375 3.75 -0.09375
v 6.9375 4.3125 -0.09375
v 8.25 4.3125 -0.09375
v 8.25 3.75 0.09375
v 8.25 4.3125 0.09375
v 6.9375 3.75 0.09375
v 6.9375 4.3125 0.09375
vt 0.12125396728515636 0.8057022094726562
vt 0.20328521728515636 0.8057022094726562
vt 0.20328521728515636 0.8408584594726562
vt 0.12125396728515636 0.8408584594726562
vt 0.029296875 0.2451171875
vt 0.041015625 0.2451171875
vt 0.041015625 0.2802734375
vt 0.029296875 0.2802734375
vt 0.181640625 0.7841796875
vt 0.263671875 0.7841796875
vt 0.263671875 0.8193359375
vt 0.181640625 0.8193359375
vt 0.041015625 0.2451171875
vt 0.052734375 0.2451171875
vt 0.052734375 0.2802734375
vt 0.041015625 0.2802734375
vt 0.392578125 0.9248046875
vt 0.310546875 0.9248046875
vt 0.310546875 0.9130859375
vt 0.392578125 0.9130859375
vt 0.392578125 0.9013671875
vt 0.310546875 0.9013671875
vt 0.310546875 0.9130859375
vt 0.392578125 0.9130859375
vn 0 0 -1
vn 1 0 0
vn 0 0 1
vn -1 0 0
vn 0 1 0
vn 0 -1 0
usemtl m_7c4fd87a-d0f1-9ad7-7479-aa72dea38889
f 2553/7657/1915 2554/7658/1915 2555/7659/1915 2556/7660/1915
f 2557/7661/1916 2553/7662/1916 2556/7663/1916 2558/7664/1916
f 2559/7665/1917 2557/7666/1917 2558/7667/1917 2560/7668/1917
f 2554/7669/1918 2559/7670/1918 2560/7671/1918 2555/7672/1918
f 2560/7673/1919 2558/7674/1919 2556/7675/1919 2555/7676/1919
f 2554/7677/1920 2553/7678/1920 2557/7679/1920 2559/7680/1920
o cube
v 9.75 3.75 -0.09375
v 8.4375 3.75 -0.09375
v 8.4375 4.3125 -0.09375
v 9.75 4.3125 -0.09375
v 9.75 3.75 0.09375
v 9.75 4.3125 0.09375
v 8.4375 3.75 0.09375
v 8.4375 4.3125 0.09375
vt 0.35172271728515636 0.21739959716796875
vt 0.43375396728515636 0.21739959716796875
vt 0.43375396728515636 0.25255584716796875
vt 0.35172271728515636 0.25255584716796875
vt 0.052734375 0.2451171875
vt 0.064453125 0.2451171875
vt 0.064453125 0.2802734375
vt 0.052734375 0.2802734375
vt 0.181640625 0.7138671875
vt 0.263671875 0.7138671875
vt 0.263671875 0.7490234375
vt 0.181640625 0.7490234375
vt 0.064453125 0.2451171875
vt 0.076171875 0.2451171875
vt 0.076171875 0.2802734375
vt 0.064453125 0.2802734375
vt 0.392578125 0.9013671875
vt 0.310546875 0.9013671875
vt 0.310546875 0.8896484375
vt 0.392578125 0.8896484375
vt 0.392578125 0.8779296875
vt 0.310546875 0.8779296875
vt 0.310546875 0.8896484375
vt 0.392578125 0.8896484375
vn 0 0 -1
vn 1 0 0
vn 0 0 1
vn -1 0 0
vn 0 1 0
vn 0 -1 0
usemtl m_7c4fd87a-d0f1-9ad7-7479-aa72dea38889
f 2561/7681/1921 2562/7682/1921 2563/7683/1921 2564/7684/1921
f 2565/7685/1922 2561/7686/1922 2564/7687/1922 2566/7688/1922
f 2567/7689/1923 2565/7690/1923 2566/7691/1923 2568/7692/1923
f 2562/7693/1924 2567/7694/1924 2568/7695/1924 2563/7696/1924
f 2568/7697/1925 2566/7698/1925 2564/7699/1925 2563/7700/1925
f 2562/7701/1926 2561/7702/1926 2565/7703/1926 2567/7704/1926
o cube
v 11.25 3.75 -0.09375
v 9.9375 3.75 -0.09375
v 9.9375 4.3125 -0.09375
v 11.25 4.3125 -0.09375
v 11.25 3.75 0.09375
v 11.25 4.3125 0.09375
v 9.9375 3.75 0.09375
v 9.9375 4.3125 0.09375
vt 0.5372695922851564 0.7287063598632812
vt 0.6193008422851564 0.7287063598632812
vt 0.6193008422851564 0.7638626098632812
vt 0.5372695922851564 0.7638626098632812
vt 0.146484375 0.2451171875
vt 0.158203125 0.2451171875
vt 0.158203125 0.2802734375
vt 0.146484375 0.2802734375
vt 0.181640625 0.6435546875
vt 0.263671875 0.6435546875
vt 0.263671875 0.6787109375
vt 0.181640625 0.6787109375
vt 0.158203125 0.2451171875
vt 0.169921875 0.2451171875
vt 0.169921875 0.2802734375
vt 0.158203125 0.2802734375
vt 0.392578125 0.8779296875
vt 0.310546875 0.8779296875
vt 0.310546875 0.8662109375
vt 0.392578125 0.8662109375
vt 0.392578125 0.8544921875
vt 0.310546875 0.8544921875
vt 0.310546875 0.8662109375
vt 0.392578125 0.8662109375
vn 0 0 -1
vn 1 0 0
vn 0 0 1
vn -1 0 0
vn 0 1 0
vn 0 -1 0
usemtl m_7c4fd87a-d0f1-9ad7-7479-aa72dea38889
f 2569/7705/1927 2570/7706/1927 2571/7707/1927 2572/7708/1927
f 2573/7709/1928 2569/7710/1928 2572/7711/1928 2574/7712/1928
f 2575/7713/1929 2573/7714/1929 2574/7715/1929 2576/7716/1929
f 2570/7717/1930 2575/7718/1930 2576/7719/1930 2571/7720/1930
f 2576/7721/1931 2574/7722/1931 2572/7723/1931 2571/7724/1931
f 2570/7725/1932 2569/7726/1932 2573/7727/1932 2575/7728/1932
o cube
v 12 3.75 -0.09375
v 11.4375 3.75 -0.09375
v 11.4375 4.3125 -0.09375
v 12 4.3125 -0.09375
v 12 3.75 0.09375
v 12 4.3125 0.09375
v 11.4375 3.75 0.09375
v 11.4375 4.3125 0.09375
vt 0.5615921020507814 0.04708099365234375
vt 0.5967483520507814 0.04708099365234375
vt 0.5967483520507814 0.08223724365234375
vt 0.5615921020507814 0.08223724365234375
vt 0.169921875 0.2451171875
vt 0.181640625 0.2451171875
vt 0.181640625 0.2802734375
vt 0.169921875 0.2802734375
vt 0.263671875 0.4326171875
vt 0.298828125 0.4326171875
vt 0.298828125 0.4677734375
vt 0.263671875 0.4677734375
vt 0.181640625 0.2451171875
vt 0.193359375 0.2451171875
vt 0.193359375 0.2802734375
vt 0.181640625 0.2802734375
vt 0.392578125 0.6552734375
vt 0.357421875 0.6552734375
vt 0.357421875 0.6435546875
vt 0.392578125 0.6435546875
vt 0.287109375 0.2685546875
vt 0.251953125 0.2685546875
vt 0.251953125 0.2802734375
vt 0.287109375 0.2802734375
vn 0 0 -1
vn 1 0 0
vn 0 0 1
vn -1 0 0
vn 0 1 0
vn 0 -1 0
usemtl m_7c4fd87a-d0f1-9ad7-7479-aa72dea38889
f 2577/7729/1933 2578/7730/1933 2579/7731/1933 2580/7732/1933
f 2581/7733/1934 2577/7734/1934 2580/7735/1934 2582/7736/1934
f 2583/7737/1935 2581/7738/1935 2582/7739/1935 2584/7740/1935
f 2578/7741/1936 2583/7742/1936 2584/7743/1936 2579/7744/1936
f 2584/7745/1937 2582/7746/1937 2580/7747/1937 2579/7748/1937
f 2578/7749/1938 2577/7750/1938 2581/7751/1938 2583/7752/1938
o cube
v 7.5 4.5 -0.09375
v 6.1875 4.5 -0.09375
v 6.1875 5.0625 -0.09375
v 7.5 5.0625 -0.09375
v 7.5 4.5 0.09375
v 7.5 5.0625 0.09375
v 6.1875 4.5 0.09375
v 6.1875 5.0625 0.09375
vt 0.46793365478515636 0.23513031005859375
vt 0.5499649047851564 0.23513031005859375
vt 0.5499649047851564 0.27028656005859375
vt 0.46793365478515636 0.27028656005859375
vt 0.193359375 0.2451171875
vt 0.205078125 0.2451171875
vt 0.205078125 0.2802734375
vt 0.193359375 0.2802734375
vt 0.181640625 0.5732421875
vt 0.263671875 0.5732421875
vt 0.263671875 0.6083984375
vt 0.181640625 0.6083984375
vt 0.287109375 0.2451171875
vt 0.298828125 0.2451171875
vt 0.298828125 0.2802734375
vt 0.287109375 0.2802734375
vt 0.392578125 0.8544921875
vt 0.310546875 0.8544921875
vt 0.310546875 0.8427734375
vt 0.392578125 0.8427734375
vt 0.392578125 0.8310546875
vt 0.310546875 0.8310546875
vt 0.310546875 0.8427734375
vt 0.392578125 0.8427734375
vn 0 0 -1
vn 1 0 0
vn 0 0 1
vn -1 0 0
vn 0 1 0
vn 0 -1 0
usemtl m_7c4fd87a-d0f1-9ad7-7479-aa72dea38889
f 2585/7753/1939 2586/7754/1939 2587/7755/1939 2588/7756/1939
f 2589/7757/1940 2585/7758/1940 2588/7759/1940 2590/7760/1940
f 2591/7761/1941 2589/7762/1941 2590/7763/1941 2592/7764/1941
f 2586/7765/1942 2591/7766/1942 2592/7767/1942 2587/7768/1942
f 2592/7769/1943 2590/7770/1943 2588/7771/1943 2587/7772/1943
f 2586/7773/1944 2585/7774/1944 2589/7775/1944 2591/7776/1944
o cube
v 9 4.5 -0.09375
v 7.6875 4.5 -0.09375
v 7.6875 5.0625 -0.09375
v 9 5.0625 -0.09375
v 9 4.5 0.09375
v 9 5.0625 0.09375
v 7.6875 4.5 0.09375
v 7.6875 5.0625 0.09375
vt 0.46793365478515636 0.09409332275390625
vt 0.5499649047851564 0.09409332275390625
vt 0.5499649047851564 0.12924957275390625
vt 0.46793365478515636 0.12924957275390625
vt 0.298828125 0.2451171875
vt 0.310546875 0.2451171875
vt 0.310546875 0.2802734375
vt 0.298828125 0.2802734375
vt 0.181640625 0.5029296875
vt 0.263671875 0.5029296875
vt 0.263671875 0.5380859375
vt 0.181640625 0.5380859375
vt 0.310546875 0.2451171875
vt 0.322265625 0.2451171875
vt 0.322265625 0.2802734375
vt 0.310546875 0.2802734375
vt 0.392578125 0.8310546875
vt 0.310546875 0.8310546875
vt 0.310546875 0.8193359375
vt 0.392578125 0.8193359375
vt 0.392578125 0.8076171875
vt 0.310546875 0.8076171875
vt 0.310546875 0.8193359375
vt 0.392578125 0.8193359375
vn 0 0 -1
vn 1 0 0
vn 0 0 1
vn -1 0 0
vn 0 1 0
vn 0 -1 0
usemtl m_7c4fd87a-d0f1-9ad7-7479-aa72dea38889
f 2593/7777/1945 2594/7778/1945 2595/7779/1945 2596/7780/1945
f 2597/7781/1946 2593/7782/1946 2596/7783/1946 2598/7784/1946
f 2599/7785/1947 2597/7786/1947 2598/7787/1947 2600/7788/1947
f 2594/7789/1948 2599/7790/1948 2600/7791/1948 2595/7792/1948
f 2600/7793/1949 2598/7794/1949 2596/7795/1949 2595/7796/1949
f 2594/7797/1950 2593/7798/1950 2597/7799/1950 2599/7800/1950
o cube
v 10.5 4.5 -0.09375
v 9.1875 4.5 -0.09375
v 9.1875 5.0625 -0.09375
v 10.5 5.0625 -0.09375
v 10.5 4.5 0.09375
v 10.5 5.0625 0.09375
v 9.1875 4.5 0.09375
v 9.1875 5.0625 0.09375
vt 0.46793365478515636 0.04708099365234375
vt 0.5499649047851564 0.04708099365234375
vt 0.5499649047851564 0.08223724365234375
vt 0.46793365478515636 0.08223724365234375
vt 0.369140625 0.9599609375
vt 0.380859375 0.9599609375
vt 0.380859375 0.9951171875
vt 0.369140625 0.9951171875
vt 0.181640625 0.4326171875
vt 0.263671875 0.4326171875
vt 0.263671875 0.4677734375
vt 0.181640625 0.4677734375
vt 0.369140625 0.9248046875
vt 0.380859375 0.9248046875
vt 0.380859375 0.9599609375
vt 0.369140625 0.9599609375
vt 0.392578125 0.8076171875
vt 0.310546875 0.8076171875
vt 0.310546875 0.7958984375
vt 0.392578125 0.7958984375
vt 0.392578125 0.7841796875
vt 0.310546875 0.7841796875
vt 0.310546875 0.7958984375
vt 0.392578125 0.7958984375
vn 0 0 -1
vn 1 0 0
vn 0 0 1
vn -1 0 0
vn 0 1 0
vn 0 -1 0
usemtl m_7c4fd87a-d0f1-9ad7-7479-aa72dea38889
f 2601/7801/1951 2602/7802/1951 2603/7803/1951 2604/7804/1951
f 2605/7805/1952 2601/7806/1952 2604/7807/1952 2606/7808/1952
f 2607/7809/1953 2605/7810/1953 2606/7811/1953 2608/7812/1953
f 2602/7813/1954 2607/7814/1954 2608/7815/1954 2603/7816/1954
f 2608/7817/1955 2606/7818/1955 2604/7819/1955 2603/7820/1955
f 2602/7821/1956 2601/7822/1956 2605/7823/1956 2607/7824/1956
o cube
v 12 4.5 -0.09375
v 10.6875 4.5 -0.09375
v 10.6875 5.0625 -0.09375
v 12 5.0625 -0.09375
v 12 4.5 0.09375
v 12 5.0625 0.09375
v 10.6875 4.5 0.09375
v 10.6875 5.0625 0.09375
vt 0.401592254638672 0.04708099365234375
vt 0.483623504638672 0.04708099365234375
vt 0.483623504638672 0.08223724365234375
vt 0.401592254638672 0.08223724365234375
vt 0.369140625 0.6552734375
vt 0.380859375 0.6552734375
vt 0.380859375 0.6904296875
vt 0.369140625 0.6904296875
vt 0.099609375 0.3974609375
vt 0.181640625 0.3974609375
vt 0.181640625 0.4326171875
vt 0.099609375 0.4326171875
vt 0.369140625 0.3271484375
vt 0.380859375 0.3271484375
vt 0.380859375 0.3623046875
vt 0.369140625 0.3623046875
vt 0.392578125 0.7841796875
vt 0.310546875 0.7841796875
vt 0.310546875 0.7724609375
vt 0.392578125 0.7724609375
vt 0.392578125 0.7607421875
vt 0.310546875 0.7607421875
vt 0.310546875 0.7724609375
vt 0.392578125 0.7724609375
vn 0 0 -1
vn 1 0 0
vn 0 0 1
vn -1 0 0
vn 0 1 0
vn 0 -1 0
usemtl m_7c4fd87a-d0f1-9ad7-7479-aa72dea38889
f 2609/7825/1957 2610/7826/1957 2611/7827/1957 2612/7828/1957
f 2613/7829/1958 2609/7830/1958 2612/7831/1958 2614/7832/1958
f 2615/7833/1959 2613/7834/1959 2614/7835/1959 2616/7836/1959
f 2610/7837/1960 2615/7838/1960 2616/7839/1960 2611/7840/1960
f 2616/7841/1961 2614/7842/1961 2612/7843/1961 2611/7844/1961
f 2610/7845/1962 2609/7846/1962 2613/7847/1962 2615/7848/1962
o cube
v 6.75 5.25 -0.09375
v 6 5.25 -0.09375
v 6 5.8125 -0.09375
v 6.75 5.8125 -0.09375
v 6.75 5.25 0.09375
v 6.75 5.8125 0.09375
v 6 5.25 0.09375
v 6 5.8125 0.09375
vt 0.5381774902343751 0.37616729736328125
vt 0.5850524902343751 0.37616729736328125
vt 0.5850524902343751 0.41132354736328125
vt 0.5381774902343751 0.41132354736328125
vt 0.369140625 0.2919921875
vt 0.380859375 0.2919921875
vt 0.380859375 0.3271484375
vt 0.369140625 0.3271484375
vt 0.263671875 0.6435546875
vt 0.310546875 0.6435546875
vt 0.310546875 0.6787109375
vt 0.263671875 0.6787109375
vt 0.369140625 0.2568359375
vt 0.380859375 0.2568359375
vt 0.380859375 0.2919921875
vt 0.369140625 0.2919921875
vt 0.158203125 0.3271484375
vt 0.111328125 0.3271484375
vt 0.111328125 0.3154296875
vt 0.158203125 0.3154296875
vt 0.205078125 0.3154296875
vt 0.158203125 0.3154296875
vt 0.158203125 0.3271484375
vt 0.205078125 0.3271484375
vn 0 0 -1
vn 1 0 0
vn 0 0 1
vn -1 0 0
vn 0 1 0
vn 0 -1 0
usemtl m_7c4fd87a-d0f1-9ad7-7479-aa72dea38889
f 2617/7849/1963 2618/7850/1963 2619/7851/1963 2620/7852/1963
f 2621/7853/1964 2617/7854/1964 2620/7855/1964 2622/7856/1964
f 2623/7857/1965 2621/7858/1965 2622/7859/1965 2624/7860/1965
f 2618/7861/1966 2623/7862/1966 2624/7863/1966 2619/7864/1966
f 2624/7865/1967 2622/7866/1967 2620/7867/1967 2619/7868/1967
f 2618/7869/1968 2617/7870/1968 2621/7871/1968 2623/7872/1968
o cube
v 8.25 5.25 -0.09375
v 6.9375 5.25 -0.09375
v 6.9375 5.8125 -0.09375
v 8.25 5.8125 -0.09375
v 8.25 5.25 0.09375
v 8.25 5.8125 0.09375
v 6.9375 5.25 0.09375
v 6.9375 5.8125 0.09375
vt 0.46793365478515636 0.04708099365234375
vt 0.5499649047851564 0.04708099365234375
vt 0.5499649047851564 0.08223724365234375
vt 0.46793365478515636 0.08223724365234375
vt 0.076171875 0.2333984375
vt 0.087890625 0.2333984375
vt 0.087890625 0.2685546875
vt 0.076171875 0.2685546875
vt 0.017578125 0.3623046875
vt 0.099609375 0.3623046875
vt 0.099609375 0.3974609375
vt 0.017578125 0.3974609375
vt 0.087890625 0.2333984375
vt 0.099609375 0.2333984375
vt 0.099609375 0.2685546875
vt 0.087890625 0.2685546875
vt 0.392578125 0.7607421875
vt 0.310546875 0.7607421875
vt 0.310546875 0.7490234375
vt 0.392578125 0.7490234375
vt 0.392578125 0.7373046875
vt 0.310546875 0.7373046875
vt 0.310546875 0.7490234375
vt 0.392578125 0.7490234375
vn 0 0 -1
vn 1 0 0
vn 0 0 1
vn -1 0 0
vn 0 1 0
vn 0 -1 0
usemtl m_7c4fd87a-d0f1-9ad7-7479-aa72dea38889
f 2625/7873/1969 2626/7874/1969 2627/7875/1969 2628/7876/1969
f 2629/7877/1970 2625/7878/1970 2628/7879/1970 2630/7880/1970
f 2631/7881/1971 2629/7882/1971 2630/7883/1971 2632/7884/1971
f 2626/7885/1972 2631/7886/1972 2632/7887/1972 2627/7888/1972
f 2632/7889/1973 2630/7890/1973 2628/7891/1973 2627/7892/1973
f 2626/7893/1974 2625/7894/1974 2629/7895/1974 2631/7896/1974
o cube
v 9.75 5.25 -0.09375
v 8.4375 5.25 -0.09375
v 8.4375 5.8125 -0.09375
v 9.75 5.8125 -0.09375
v 9.75 5.25 0.09375
v 9.75 5.8125 0.09375
v 8.4375 5.25 0.09375
v 8.4375 5.8125 0.09375
vt 0.46793365478515636 0.04708099365234375
vt 0.5499649047851564 0.04708099365234375
vt 0.5499649047851564 0.08223724365234375
vt 0.46793365478515636 0.08223724365234375
vt 0.099609375 0.2333984375
vt 0.111328125 0.2333984375
vt 0.111328125 0.2685546875
vt 0.099609375 0.2685546875
vt 0.181640625 0.3623046875
vt 0.263671875 0.3623046875
vt 0.263671875 0.3974609375
vt 0.181640625 0.3974609375
vt 0.111328125 0.2333984375
vt 0.123046875 0.2333984375
vt 0.123046875 0.2685546875
vt 0.111328125 0.2685546875
vt 0.392578125 0.7373046875
vt 0.310546875 0.7373046875
vt 0.310546875 0.7255859375
vt 0.392578125 0.7255859375
vt 0.392578125 0.7138671875
vt 0.310546875 0.7138671875
vt 0.310546875 0.7255859375
vt 0.392578125 0.7255859375
vn 0 0 -1
vn 1 0 0
vn 0 0 1
vn -1 0 0
vn 0 1 0
vn 0 -1 0
usemtl m_7c4fd87a-d0f1-9ad7-7479-aa72dea38889
f 2633/7897/1975 2634/7898/1975 2635/7899/1975 2636/7900/1975
f 2637/7901/1976 2633/7902/1976 2636/7903/1976 2638/7904/1976
f 2639/7905/1977 2637/7906/1977 2638/7907/1977 2640/7908/1977
f 2634/7909/1978 2639/7910/1978 2640/7911/1978 2635/7912/1978
f 2640/7913/1979 2638/7914/1979 2636/7915/1979 2635/7916/1979
f 2634/7917/1980 2633/7918/1980 2637/7919/1980 2639/7920/1980
o cube
v 11.25 5.25 -0.09375
v 9.9375 5.25 -0.09375
v 9.9375 5.8125 -0.09375
v 11.25 5.8125 -0.09375
v 11.25 5.25 0.09375
v 11.25 5.8125 0.09375
v 9.9375 5.25 0.09375
v 9.9375 5.8125 0.09375
vt 0.46793365478515636 0.9403152465820312
vt 0.5499649047851564 0.9403152465820312
vt 0.5499649047851564 0.9754714965820312
vt 0.46793365478515636 0.9754714965820312
vt 0.123046875 0.2333984375
vt 0.134765625 0.2333984375
vt 0.134765625 0.2685546875
vt 0.123046875 0.2685546875
vt 0.263671875 0.9248046875
vt 0.345703125 0.9248046875
vt 0.345703125 0.9599609375
vt 0.263671875 0.9599609375
vt 0.134765625 0.2333984375
vt 0.146484375 0.2333984375
vt 0.146484375 0.2685546875
vt 0.134765625 0.2685546875
vt 0.392578125 0.7138671875
vt 0.310546875 0.7138671875
vt 0.310546875 0.7021484375
vt 0.392578125 0.7021484375
vt 0.392578125 0.6904296875
vt 0.310546875 0.6904296875
vt 0.310546875 0.7021484375
vt 0.392578125 0.7021484375
vn 0 0 -1
vn 1 0 0
vn 0 0 1
vn -1 0 0
vn 0 1 0
vn 0 -1 0
usemtl m_7c4fd87a-d0f1-9ad7-7479-aa72dea38889
f 2641/7921/1981 2642/7922/1981 2643/7923/1981 2644/7924/1981
f 2645/7925/1982 2641/7926/1982 2644/7927/1982 2646/7928/1982
f 2647/7929/1983 2645/7930/1983 2646/7931/1983 2648/7932/1983
f 2642/7933/1984 2647/7934/1984 2648/7935/1984 2643/7936/1984
f 2648/7937/1985 2646/7938/1985 2644/7939/1985 2643/7940/1985
f 2642/7941/1986 2641/7942/1986 2645/7943/1986 2647/7944/1986
o cube
v 12 5.25 -0.09375
v 11.4375 5.25 -0.09375
v 11.4375 5.8125 -0.09375
v 12 5.8125 -0.09375
v 12 5.25 0.09375
v 12 5.8125 0.09375
v 11.4375 5.25 0.09375
v 11.4375 5.8125 0.09375
vt 0.5615921020507814 0.04708099365234375
vt 0.5967483520507814 0.04708099365234375
vt 0.5967483520507814 0.08223724365234375
vt 0.5615921020507814 0.08223724365234375
vt 0.251953125 0.2333984375
vt 0.263671875 0.2333984375
vt 0.263671875 0.2685546875
vt 0.251953125 0.2685546875
vt 0.263671875 0.3623046875
vt 0.298828125 0.3623046875
vt 0.298828125 0.3974609375
vt 0.263671875 0.3974609375
vt 0.263671875 0.2333984375
vt 0.275390625 0.2333984375
vt 0.275390625 0.2685546875
vt 0.263671875 0.2685546875
vt 0.416015625 0.9951171875
vt 0.380859375 0.9951171875
vt 0.380859375 0.9833984375
vt 0.416015625 0.9833984375
vt 0.416015625 0.9716796875
vt 0.380859375 0.9716796875
vt 0.380859375 0.9833984375
vt 0.416015625 0.9833984375
vn 0 0 -1
vn 1 0 0
vn 0 0 1
vn -1 0 0
vn 0 1 0
vn 0 -1 0
usemtl m_7c4fd87a-d0f1-9ad7-7479-aa72dea38889
f 2649/7945/1987 2650/7946/1987 2651/7947/1987 2652/7948/1987
f 2653/7949/1988 2649/7950/1988 2652/7951/1988 2654/7952/1988
f 2655/7953/1989 2653/7954/1989 2654/7955/1989 2656/7956/1989
f 2650/7957/1990 2655/7958/1990 2656/7959/1990 2651/7960/1990
f 2656/7961/1991 2654/7962/1991 2652/7963/1991 2651/7964/1991
f 2650/7965/1992 2649/7966/1992 2653/7967/1992 2655/7968/1992
o cube
v 12 0 0
v 6 0 0
v 6 6 0
v 12 6 0
v 12 0 0.15625
v 12 6 0.15625
v 6 0 0.15625
v 6 6 0.15625
vt 0 0.625
vt 0.375 0.625
vt 0.375 1
vt 0 1
vt 0.375 0.625
vt 0.384765625 0.625
vt 0.384765625 1
vt 0.375 1
vt 0 0.625
vt 0.375 0.625
vt 0.375 1
vt 0 1
vt 0.375 0.25
vt 0.384765625 0.25
vt 0.384765625 0.625
vt 0.375 0.625
vt 0.759765625 1
vt 0.384765625 1
vt 0.384765625 0.990234375
vt 0.759765625 0.990234375
vt 0.759765625 0.98046875
vt 0.384765625 0.98046875
vt 0.384765625 0.990234375
vt 0.759765625 0.990234375
vn 0 0 -1
vn 1 0 0
vn 0 0 1
vn -1 0 0
vn 0 1 0
vn 0 -1 0
usemtl m_7c4fd87a-d0f1-9ad7-7479-aa72dea38889
f 2657/7969/1993 2658/7970/1993 2659/7971/1993 2660/7972/1993
f 2661/7973/1994 2657/7974/1994 2660/7975/1994 2662/7976/1994
f 2663/7977/1995 2661/7978/1995 2662/7979/1995 2664/7980/1995
f 2658/7981/1996 2663/7982/1996 2664/7983/1996 2659/7984/1996
f 2664/7985/1997 2662/7986/1997 2660/7987/1997 2659/7988/1997
f 2658/7989/1998 2657/7990/1998 2661/7991/1998 2663/7992/1998
o cube
v -5.25 0.75 -0.09375
v -6 0.75 -0.09375
v -6 1.3125 -0.09375
v -5.25 1.3125 -0.09375
v -5.25 0.75 0.09375
v -5.25 1.3125 0.09375
v -6 0.75 0.09375
v -6 1.3125 0.09375
vt 0.5381774902343751 0.7992782592773438
vt 0.5850524902343751 0.7992782592773438
vt 0.5850524902343751 0.8344345092773438
vt 0.5381774902343751 0.8344345092773438
vt 0.146484375 0.2802734375
vt 0.158203125 0.2802734375
vt 0.158203125 0.3154296875
vt 0.146484375 0.3154296875
vt 0.263671875 0.8544921875
vt 0.310546875 0.8544921875
vt 0.310546875 0.8896484375
vt 0.263671875 0.8896484375
vt 0.158203125 0.2802734375
vt 0.169921875 0.2802734375
vt 0.169921875 0.3154296875
vt 0.158203125 0.3154296875
vt 0.357421875 0.6904296875
vt 0.310546875 0.6904296875
vt 0.310546875 0.6787109375
vt 0.357421875 0.6787109375
vt 0.357421875 0.6669921875
vt 0.310546875 0.6669921875
vt 0.310546875 0.6787109375
vt 0.357421875 0.6787109375
vn 0 0 -1
vn 1 0 0
vn 0 0 1
vn -1 0 0
vn 0 1 0
vn 0 -1 0
usemtl m_7c4fd87a-d0f1-9ad7-7479-aa72dea38889
f 2665/7993/1999 2666/7994/1999 2667/7995/1999 2668/7996/1999
f 2669/7997/2000 2665/7998/2000 2668/7999/2000 2670/8000/2000
f 2671/8001/2001 2669/8002/2001 2670/8003/2001 2672/8004/2001
f 2666/8005/2002 2671/8006/2002 2672/8007/2002 2667/8008/2002
f 2672/8009/2003 2670/8010/2003 2668/8011/2003 2667/8012/2003
f 2666/8013/2004 2665/8014/2004 2669/8015/2004 2671/8016/2004
o cube
v -1.5 0 -0.09375
v -2.8125 0 -0.09375
v -2.8125 0.5625 -0.09375
v -1.5 0.5625 -0.09375
v -1.5 0 0.09375
v -1.5 0.5625 0.09375
v -2.8125 0 0.09375
v -2.8125 0.5625 0.09375
vt 0.401592254638672 0.9403152465820312
vt 0.483623504638672 0.9403152465820312
vt 0.483623504638672 0.9754714965820312
vt 0.401592254638672 0.9754714965820312
vt 0.205078125 0.2919921875
vt 0.216796875 0.2919921875
vt 0.216796875 0.3271484375
vt 0.205078125 0.3271484375
vt 0.017578125 0.9248046875
vt 0.099609375 0.9248046875
vt 0.099609375 0.9599609375
vt 0.017578125 0.9599609375
vt 0.216796875 0.2919921875
vt 0.228515625 0.2919921875
vt 0.228515625 0.3271484375
vt 0.216796875 0.3271484375
vt 0.099609375 0.3623046875
vt 0.017578125 0.3623046875
vt 0.017578125 0.3505859375
vt 0.099609375 0.3505859375
vt 0.181640625 0.3505859375
vt 0.099609375 0.3505859375
vt 0.099609375 0.3623046875
vt 0.181640625 0.3623046875
vn 0 0 -1
vn 1 0 0
vn 0 0 1
vn -1 0 0
vn 0 1 0
vn 0 -1 0
usemtl m_7c4fd87a-d0f1-9ad7-7479-aa72dea38889
f 2673/8017/2005 2674/8018/2005 2675/8019/2005 2676/8020/2005
f 2677/8021/2006 2673/8022/2006 2676/8023/2006 2678/8024/2006
f 2679/8025/2007 2677/8026/2007 2678/8027/2007 2680/8028/2007
f 2674/8029/2008 2679/8030/2008 2680/8031/2008 2675/8032/2008
f 2680/8033/2009 2678/8034/2009 2676/8035/2009 2675/8036/2009
f 2674/8037/2010 2673/8038/2010 2677/8039/2010 2679/8040/2010
o cube
v 0 0 -0.09375
v -1.3125 0 -0.09375
v -1.3125 0.5625 -0.09375
v 0 0.5625 -0.09375
v 0 0 0.09375
v 0 0.5625 0.09375
v -1.3125 0 0.09375
v -1.3125 0.5625 0.09375
vt 0.401592254638672 0.7992782592773438
vt 0.483623504638672 0.7992782592773438
vt 0.483623504638672 0.8344345092773438
vt 0.401592254638672 0.8344345092773438
vt 0.228515625 0.2919921875
vt 0.240234375 0.2919921875
vt 0.240234375 0.3271484375
vt 0.228515625 0.3271484375
vt 0.017578125 0.8544921875
vt 0.099609375 0.8544921875
vt 0.099609375 0.8896484375
vt 0.017578125 0.8896484375
vt 0.240234375 0.2919921875
vt 0.251953125 0.2919921875
vt 0.251953125 0.3271484375
vt 0.240234375 0.3271484375
vt 0.263671875 0.3623046875
vt 0.181640625 0.3623046875
vt 0.181640625 0.3505859375
vt 0.263671875 0.3505859375
vt 0.345703125 0.3505859375
vt 0.263671875 0.3505859375
vt 0.263671875 0.3623046875
vt 0.345703125 0.3623046875
vn 0 0 -1
vn 1 0 0
vn 0 0 1
vn -1 0 0
vn 0 1 0
vn 0 -1 0
usemtl m_7c4fd87a-d0f1-9ad7-7479-aa72dea38889
f 2681/8041/2011 2682/8042/2011 2683/8043/2011 2684/8044/2011
f 2685/8045/2012 2681/8046/2012 2684/8047/2012 2686/8048/2012
f 2687/8049/2013 2685/8050/2013 2686/8051/2013 2688/8052/2013
f 2682/8053/2014 2687/8054/2014 2688/8055/2014 2683/8056/2014
f 2688/8057/2015 2686/8058/2015 2684/8059/2015 2683/8060/2015
f 2682/8061/2016 2681/8062/2016 2685/8063/2016 2687/8064/2016
o cube
v -3 0 -0.09375
v -4.3125 0 -0.09375
v -4.3125 0.5625 -0.09375
v -3 0.5625 -0.09375
v -3 0 0.09375
v -3 0.5625 0.09375
v -4.3125 0 0.09375
v -4.3125 0.5625 0.09375
vt 0.401592254638672 0.6582412719726562
vt 0.483623504638672 0.6582412719726562
vt 0.483623504638672 0.6933975219726562
vt 0.401592254638672 0.6933975219726562
vt 0.251953125 0.2919921875
vt 0.263671875 0.2919921875
vt 0.263671875 0.3271484375
vt 0.251953125 0.3271484375
vt 0.017578125 0.7841796875
vt 0.099609375 0.7841796875
vt 0.099609375 0.8193359375
vt 0.017578125 0.8193359375
vt 0.263671875 0.2919921875
vt 0.275390625 0.2919921875
vt 0.275390625 0.3271484375
vt 0.263671875 0.3271484375
vt 0.099609375 0.3505859375
vt 0.017578125 0.3505859375
vt 0.017578125 0.3388671875
vt 0.099609375 0.3388671875
vt 0.181640625 0.3388671875
vt 0.099609375 0.3388671875
vt 0.099609375 0.3505859375
vt 0.181640625 0.3505859375
vn 0 0 -1
vn 1 0 0
vn 0 0 1
vn -1 0 0
vn 0 1 0
vn 0 -1 0
usemtl m_7c4fd87a-d0f1-9ad7-7479-aa72dea38889
f 2689/8065/2017 2690/8066/2017 2691/8067/2017 2692/8068/2017
f 2693/8069/2018 2689/8070/2018 2692/8071/2018 2694/8072/2018
f 2695/8073/2019 2693/8074/2019 2694/8075/2019 2696/8076/2019
f 2690/8077/2020 2695/8078/2020 2696/8079/2020 2691/8080/2020
f 2696/8081/2021 2694/8082/2021 2692/8083/2021 2691/8084/2021
f 2690/8085/2022 2689/8086/2022 2693/8087/2022 2695/8088/2022
o cube
v -3.75 0.75 -0.09375
v -5.0625 0.75 -0.09375
v -5.0625 1.3125 -0.09375
v -3.75 1.3125 -0.09375
v -3.75 0.75 0.09375
v -3.75 1.3125 0.09375
v -5.0625 0.75 0.09375
v -5.0625 1.3125 0.09375
vt 0.401592254638672 0.5172042846679688
vt 0.483623504638672 0.5172042846679688
vt 0.483623504638672 0.5523605346679688
vt 0.401592254638672 0.5523605346679688
vt 0.275390625 0.2919921875
vt 0.287109375 0.2919921875
vt 0.287109375 0.3271484375
vt 0.275390625 0.3271484375
vt 0.017578125 0.7138671875
vt 0.099609375 0.7138671875
vt 0.099609375 0.7490234375
vt 0.017578125 0.7490234375
vt 0.287109375 0.2919921875
vt 0.298828125 0.2919921875
vt 0.298828125 0.3271484375
vt 0.287109375 0.3271484375
vt 0.263671875 0.3505859375
vt 0.181640625 0.3505859375
vt 0.181640625 0.3388671875
vt 0.263671875 0.3388671875
vt 0.345703125 0.3388671875
vt 0.263671875 0.3388671875
vt 0.263671875 0.3505859375
vt 0.345703125 0.3505859375
vn 0 0 -1
vn 1 0 0
vn 0 0 1
vn -1 0 0
vn 0 1 0
vn 0 -1 0
usemtl m_7c4fd87a-d0f1-9ad7-7479-aa72dea38889
f 2697/8089/2023 2698/8090/2023 2699/8091/2023 2700/8092/2023
f 2701/8093/2024 2697/8094/2024 2700/8095/2024 2702/8096/2024
f 2703/8097/2025 2701/8098/2025 2702/8099/2025 2704/8100/2025
f 2698/8101/2026 2703/8102/2026 2704/8103/2026 2699/8104/2026
f 2704/8105/2027 2702/8106/2027 2700/8107/2027 2699/8108/2027
f 2698/8109/2028 2697/8110/2028 2701/8111/2028 2703/8112/2028
o cube
v -4.5 0 -0.09375
v -5.8125 0 -0.09375
v -5.8125 0.5625 -0.09375
v -4.5 0.5625 -0.09375
v -4.5 0 0.09375
v -4.5 0.5625 0.09375
v -5.8125 0 0.09375
v -5.8125 0.5625 0.09375
vt 0.401592254638672 0.37616729736328125
vt 0.483623504638672 0.37616729736328125
vt 0.483623504638672 0.41132354736328125
vt 0.401592254638672 0.41132354736328125
vt 0.298828125 0.2919921875
vt 0.310546875 0.2919921875
vt 0.310546875 0.3271484375
vt 0.298828125 0.3271484375
vt 0.017578125 0.6435546875
vt 0.099609375 0.6435546875
vt 0.099609375 0.6787109375
vt 0.017578125 0.6787109375
vt 0.310546875 0.2919921875
vt 0.322265625 0.2919921875
vt 0.322265625 0.3271484375
vt 0.310546875 0.3271484375
vt 0.380859375 0.6435546875
vt 0.298828125 0.6435546875
vt 0.298828125 0.6318359375
vt 0.380859375 0.6318359375
vt 0.380859375 0.6201171875
vt 0.298828125 0.6201171875
vt 0.298828125 0.6318359375
vt 0.380859375 0.6318359375
vn 0 0 -1
vn 1 0 0
vn 0 0 1
vn -1 0 0
vn 0 1 0
vn 0 -1 0
usemtl m_7c4fd87a-d0f1-9ad7-7479-aa72dea38889
f 2705/8113/2029 2706/8114/2029 2707/8115/2029 2708/8116/2029
f 2709/8117/2030 2705/8118/2030 2708/8119/2030 2710/8120/2030
f 2711/8121/2031 2709/8122/2031 2710/8123/2031 2712/8124/2031
f 2706/8125/2032 2711/8126/2032 2712/8127/2032 2707/8128/2032
f 2712/8129/2033 2710/8130/2033 2708/8131/2033 2707/8132/2033
f 2706/8133/2034 2705/8134/2034 2709/8135/2034 2711/8136/2034
o cube
v -2.25 0.75 -0.09375
v -3.5625 0.75 -0.09375
v -3.5625 1.3125 -0.09375
v -2.25 1.3125 -0.09375
v -2.25 0.75 0.09375
v -2.25 1.3125 0.09375
v -3.5625 0.75 0.09375
v -3.5625 1.3125 0.09375
vt 0.401592254638672 0.23513031005859375
vt 0.483623504638672 0.23513031005859375
vt 0.483623504638672 0.27028656005859375
vt 0.401592254638672 0.27028656005859375
vt 0.322265625 0.2919921875
vt 0.333984375 0.2919921875
vt 0.333984375 0.3271484375
vt 0.322265625 0.3271484375
vt 0.017578125 0.5732421875
vt 0.099609375 0.5732421875
vt 0.099609375 0.6083984375
vt 0.017578125 0.6083984375
vt 0.017578125 0.2802734375
vt 0.029296875 0.2802734375
vt 0.029296875 0.3154296875
vt 0.017578125 0.3154296875
vt 0.380859375 0.6201171875
vt 0.298828125 0.6201171875
vt 0.298828125 0.6083984375
vt 0.380859375 0.6083984375
vt 0.380859375 0.5966796875
vt 0.298828125 0.5966796875
vt 0.298828125 0.6083984375
vt 0.380859375 0.6083984375
vn 0 0 -1
vn 1 0 0
vn 0 0 1
vn -1 0 0
vn 0 1 0
vn 0 -1 0
usemtl m_7c4fd87a-d0f1-9ad7-7479-aa72dea38889
f 2713/8137/2035 2714/8138/2035 2715/8139/2035 2716/8140/2035
f 2717/8141/2036 2713/8142/2036 2716/8143/2036 2718/8144/2036
f 2719/8145/2037 2717/8146/2037 2718/8147/2037 2720/8148/2037
f 2714/8149/2038 2719/8150/2038 2720/8151/2038 2715/8152/2038
f 2720/8153/2039 2718/8154/2039 2716/8155/2039 2715/8156/2039
f 2714/8157/2040 2713/8158/2040 2717/8159/2040 2719/8160/2040
o cube
v -0.75 0.75 -0.09375
v -2.0625 0.75 -0.09375
v -2.0625 1.3125 -0.09375
v -0.75 1.3125 -0.09375
v -0.75 0.75 0.09375
v -0.75 1.3125 0.09375
v -2.0625 0.75 0.09375
v -2.0625 1.3125 0.09375
vt 0.401592254638672 0.09409332275390625
vt 0.483623504638672 0.09409332275390625
vt 0.483623504638672 0.12924957275390625
vt 0.401592254638672 0.12924957275390625
vt 0.029296875 0.2802734375
vt 0.041015625 0.2802734375
vt 0.041015625 0.3154296875
vt 0.029296875 0.3154296875
vt 0.099609375 0.9599609375
vt 0.181640625 0.9599609375
vt 0.181640625 0.9951171875
vt 0.099609375 0.9951171875
vt 0.041015625 0.2802734375
vt 0.052734375 0.2802734375
vt 0.052734375 0.3154296875
vt 0.041015625 0.3154296875
vt 0.380859375 0.5966796875
vt 0.298828125 0.5966796875
vt 0.298828125 0.5849609375
vt 0.380859375 0.5849609375
vt 0.380859375 0.5732421875
vt 0.298828125 0.5732421875
vt 0.298828125 0.5849609375
vt 0.380859375 0.5849609375
vn 0 0 -1
vn 1 0 0
vn 0 0 1
vn -1 0 0
vn 0 1 0
vn 0 -1 0
usemtl m_7c4fd87a-d0f1-9ad7-7479-aa72dea38889
f 2721/8161/2041 2722/8162/2041 2723/8163/2041 2724/8164/2041
f 2725/8165/2042 2721/8166/2042 2724/8167/2042 2726/8168/2042
f 2727/8169/2043 2725/8170/2043 2726/8171/2043 2728/8172/2043
f 2722/8173/2044 2727/8174/2044 2728/8175/2044 2723/8176/2044
f 2728/8177/2045 2726/8178/2045 2724/8179/2045 2723/8180/2045
f 2722/8181/2046 2721/8182/2046 2725/8183/2046 2727/8184/2046
o cube
v 0 0.75 -0.09375
v -0.5625 0.75 -0.09375
v -0.5625 1.3125 -0.09375
v 0 1.3125 -0.09375
v 0 0.75 0.09375
v 0 1.3125 0.09375
v -0.5625 0.75 0.09375
v -0.5625 1.3125 0.09375
vt 0.5615921020507814 0.23513031005859375
vt 0.5967483520507814 0.23513031005859375
vt 0.5967483520507814 0.27028656005859375
vt 0.5615921020507814 0.27028656005859375
vt 0.052734375 0.2802734375
vt 0.064453125 0.2802734375
vt 0.064453125 0.3154296875
vt 0.052734375 0.3154296875
vt 0.263671875 0.5732421875
vt 0.298828125 0.5732421875
vt 0.298828125 0.6083984375
vt 0.263671875 0.6083984375
vt 0.064453125 0.2802734375
vt 0.076171875 0.2802734375
vt 0.076171875 0.3154296875
vt 0.064453125 0.3154296875
vt 0.111328125 0.3154296875
vt 0.076171875 0.3154296875
vt 0.076171875 0.3037109375
vt 0.111328125 0.3037109375
vt 0.146484375 0.3037109375
vt 0.111328125 0.3037109375
vt 0.111328125 0.3154296875
vt 0.146484375 0.3154296875
vn 0 0 -1
vn 1 0 0
vn 0 0 1
vn -1 0 0
vn 0 1 0
vn 0 -1 0
usemtl m_7c4fd87a-d0f1-9ad7-7479-aa72dea38889
f 2729/8185/2047 2730/8186/2047 2731/8187/2047 2732/8188/2047
f 2733/8189/2048 2729/8190/2048 2732/8191/2048 2734/8192/2048
f 2735/8193/2049 2733/8194/2049 2734/8195/2049 2736/8196/2049
f 2730/8197/2050 2735/8198/2050 2736/8199/2050 2731/8200/2050
f 2736/8201/2051 2734/8202/2051 2732/8203/2051 2731/8204/2051
f 2730/8205/2052 2729/8206/2052 2733/8207/2052 2735/8208/2052
o cube
v 0 1.5 -0.09375
v -1.3125 1.5 -0.09375
v -1.3125 2.0625 -0.09375
v 0 2.0625 -0.09375
v 0 1.5 0.09375
v 0 2.0625 0.09375
v -1.3125 1.5 0.09375
v -1.3125 2.0625 0.09375
vt 0.46793365478515636 0.8697967529296875
vt 0.5499649047851564 0.8697967529296875
vt 0.5499649047851564 0.9049530029296875
vt 0.46793365478515636 0.9049530029296875
vt 0.169921875 0.2802734375
vt 0.181640625 0.2802734375
vt 0.181640625 0.3154296875
vt 0.169921875 0.3154296875
vt 0.099609375 0.8896484375
vt 0.181640625 0.8896484375
vt 0.181640625 0.9248046875
vt 0.099609375 0.9248046875
vt 0.181640625 0.2802734375
vt 0.193359375 0.2802734375
vt 0.193359375 0.3154296875
vt 0.181640625 0.3154296875
vt 0.380859375 0.5732421875
vt 0.298828125 0.5732421875
vt 0.298828125 0.5615234375
vt 0.380859375 0.5615234375
vt 0.380859375 0.5498046875
vt 0.298828125 0.5498046875
vt 0.298828125 0.5615234375
vt 0.380859375 0.5615234375
vn 0 0 -1
vn 1 0 0
vn 0 0 1
vn -1 0 0
vn 0 1 0
vn 0 -1 0
usemtl m_7c4fd87a-d0f1-9ad7-7479-aa72dea38889
f 2737/8209/2053 2738/8210/2053 2739/8211/2053 2740/8212/2053
f 2741/8213/2054 2737/8214/2054 2740/8215/2054 2742/8216/2054
f 2743/8217/2055 2741/8218/2055 2742/8219/2055 2744/8220/2055
f 2738/8221/2056 2743/8222/2056 2744/8223/2056 2739/8224/2056
f 2744/8225/2057 2742/8226/2057 2740/8227/2057 2739/8228/2057
f 2738/8229/2058 2737/8230/2058 2741/8231/2058 2743/8232/2058
o cube
v -1.5 1.5 -0.09375
v -2.8125 1.5 -0.09375
v -2.8125 2.0625 -0.09375
v -1.5 2.0625 -0.09375
v -1.5 1.5 0.09375
v -1.5 2.0625 0.09375
v -2.8125 1.5 0.09375
v -2.8125 2.0625 0.09375
vt 0.46793365478515636 0.728759765625
vt 0.5499649047851564 0.728759765625
vt 0.5499649047851564 0.763916015625
vt 0.46793365478515636 0.763916015625
vt 0.193359375 0.2802734375
vt 0.205078125 0.2802734375
vt 0.205078125 0.3154296875
vt 0.193359375 0.3154296875
vt 0.099609375 0.8193359375
vt 0.181640625 0.8193359375
vt 0.181640625 0.8544921875
vt 0.099609375 0.8544921875
vt 0.333984375 0.2919921875
vt 0.345703125 0.2919921875
vt 0.345703125 0.3271484375
vt 0.333984375 0.3271484375
vt 0.380859375 0.5498046875
vt 0.298828125 0.5498046875
vt 0.298828125 0.5380859375
vt 0.380859375 0.5380859375
vt 0.380859375 0.5263671875
vt 0.298828125 0.5263671875
vt 0.298828125 0.5380859375
vt 0.380859375 0.5380859375
vn 0 0 -1
vn 1 0 0
vn 0 0 1
vn -1 0 0
vn 0 1 0
vn 0 -1 0
usemtl m_7c4fd87a-d0f1-9ad7-7479-aa72dea38889
f 2745/8233/2059 2746/8234/2059 2747/8235/2059 2748/8236/2059
f 2749/8237/2060 2745/8238/2060 2748/8239/2060 2750/8240/2060
f 2751/8241/2061 2749/8242/2061 2750/8243/2061 2752/8244/2061
f 2746/8245/2062 2751/8246/2062 2752/8247/2062 2747/8248/2062
f 2752/8249/2063 2750/8250/2063 2748/8251/2063 2747/8252/2063
f 2746/8253/2064 2745/8254/2064 2749/8255/2064 2751/8256/2064
o cube
v -3 1.5 -0.09375
v -4.3125 1.5 -0.09375
v -4.3125 2.0625 -0.09375
v -3 2.0625 -0.09375
v -3 1.5 0.09375
v -3 2.0625 0.09375
v -4.3125 1.5 0.09375
v -4.3125 2.0625 0.09375
vt 0.46793365478515636 0.5877227783203125
vt 0.5499649047851564 0.5877227783203125
vt 0.5499649047851564 0.6228790283203125
vt 0.46793365478515636 0.6228790283203125
vt 0.076171875 0.2685546875
vt 0.087890625 0.2685546875
vt 0.087890625 0.3037109375
vt 0.076171875 0.3037109375
vt 0.099609375 0.7490234375
vt 0.181640625 0.7490234375
vt 0.181640625 0.7841796875
vt 0.099609375 0.7841796875
vt 0.087890625 0.2685546875
vt 0.099609375 0.2685546875
vt 0.099609375 0.3037109375
vt 0.087890625 0.3037109375
vt 0.380859375 0.5263671875
vt 0.298828125 0.5263671875
vt 0.298828125 0.5146484375
vt 0.380859375 0.5146484375
vt 0.380859375 0.5029296875
vt 0.298828125 0.5029296875
vt 0.298828125 0.5146484375
vt 0.380859375 0.5146484375
vn 0 0 -1
vn 1 0 0
vn 0 0 1
vn -1 0 0
vn 0 1 0
vn 0 -1 0
usemtl m_7c4fd87a-d0f1-9ad7-7479-aa72dea38889
f 2753/8257/2065 2754/8258/2065 2755/8259/2065 2756/8260/2065
f 2757/8261/2066 2753/8262/2066 2756/8263/2066 2758/8264/2066
f 2759/8265/2067 2757/8266/2067 2758/8267/2067 2760/8268/2067
f 2754/8269/2068 2759/8270/2068 2760/8271/2068 2755/8272/2068
f 2760/8273/2069 2758/8274/2069 2756/8275/2069 2755/8276/2069
f 2754/8277/2070 2753/8278/2070 2757/8279/2070 2759/8280/2070
o cube
v -4.5 1.5 -0.09375
v -5.8125 1.5 -0.09375
v -5.8125 2.0625 -0.09375
v -4.5 2.0625 -0.09375
v -4.5 1.5 0.09375
v -4.5 2.0625 0.09375
v -5.8125 1.5 0.09375
v -5.8125 2.0625 0.09375
vt 0.46793365478515636 0.446685791015625
vt 0.5499649047851564 0.446685791015625
vt 0.5499649047851564 0.481842041015625
vt 0.46793365478515636 0.481842041015625
vt 0.099609375 0.2685546875
vt 0.111328125 0.2685546875
vt 0.111328125 0.3037109375
vt 0.099609375 0.3037109375
vt 0.099609375 0.6787109375
vt 0.181640625 0.6787109375
vt 0.181640625 0.7138671875
vt 0.099609375 0.7138671875
vt 0.111328125 0.2685546875
vt 0.123046875 0.2685546875
vt 0.123046875 0.3037109375
vt 0.111328125 0.3037109375
vt 0.380859375 0.5029296875
vt 0.298828125 0.5029296875
vt 0.298828125 0.4912109375
vt 0.380859375 0.4912109375
vt 0.380859375 0.4794921875
vt 0.298828125 0.4794921875
vt 0.298828125 0.4912109375
vt 0.380859375 0.4912109375
vn 0 0 -1
vn 1 0 0
vn 0 0 1
vn -1 0 0
vn 0 1 0
vn 0 -1 0
usemtl m_7c4fd87a-d0f1-9ad7-7479-aa72dea38889
f 2761/8281/2071 2762/8282/2071 2763/8283/2071 2764/8284/2071
f 2765/8285/2072 2761/8286/2072 2764/8287/2072 2766/8288/2072
f 2767/8289/2073 2765/8290/2073 2766/8291/2073 2768/8292/2073
f 2762/8293/2074 2767/8294/2074 2768/8295/2074 2763/8296/2074
f 2768/8297/2075 2766/8298/2075 2764/8299/2075 2763/8300/2075
f 2762/8301/2076 2761/8302/2076 2765/8303/2076 2767/8304/2076
o cube
v -5.25 2.25 -0.09375
v -6 2.25 -0.09375
v -6 2.8125 -0.09375
v -5.25 2.8125 -0.09375
v -5.25 2.25 0.09375
v -5.25 2.8125 0.09375
v -6 2.25 0.09375
v -6 2.8125 0.09375
vt 0.5381774902343751 0.6582412719726562
vt 0.5850524902343751 0.6582412719726562
vt 0.5850524902343751 0.6933975219726562
vt 0.5381774902343751 0.6933975219726562
vt 0.123046875 0.2685546875
vt 0.134765625 0.2685546875
vt 0.134765625 0.3037109375
vt 0.123046875 0.3037109375
vt 0.263671875 0.7841796875
vt 0.310546875 0.7841796875
vt 0.310546875 0.8193359375
vt 0.263671875 0.8193359375
vt 0.134765625 0.2685546875
vt 0.146484375 0.2685546875
vt 0.146484375 0.3037109375
vt 0.134765625 0.3037109375
vt 0.357421875 0.6669921875
vt 0.310546875 0.6669921875
vt 0.310546875 0.6552734375
vt 0.357421875 0.6552734375
vt 0.357421875 0.6435546875
vt 0.310546875 0.6435546875
vt 0.310546875 0.6552734375
vt 0.357421875 0.6552734375
vn 0 0 -1
vn 1 0 0
vn 0 0 1
vn -1 0 0
vn 0 1 0
vn 0 -1 0
usemtl m_7c4fd87a-d0f1-9ad7-7479-aa72dea38889
f 2769/8305/2077 2770/8306/2077 2771/8307/2077 2772/8308/2077
f 2773/8309/2078 2769/8310/2078 2772/8311/2078 2774/8312/2078
f 2775/8313/2079 2773/8314/2079 2774/8315/2079 2776/8316/2079
f 2770/8317/2080 2775/8318/2080 2776/8319/2080 2771/8320/2080
f 2776/8321/2081 2774/8322/2081 2772/8323/2081 2771/8324/2081
f 2770/8325/2082 2769/8326/2082 2773/8327/2082 2775/8328/2082
o cube
v -3.75 2.25 -0.09375
v -5.0625 2.25 -0.09375
v -5.0625 2.8125 -0.09375
v -3.75 2.8125 -0.09375
v -3.75 2.25 0.09375
v -3.75 2.8125 0.09375
v -5.0625 2.25 0.09375
v -5.0625 2.8125 0.09375
vt 0.46793365478515636 0.3056488037109375
vt 0.5499649047851564 0.3056488037109375
vt 0.5499649047851564 0.3408050537109375
vt 0.46793365478515636 0.3408050537109375
vt 0.345703125 0.9599609375
vt 0.357421875 0.9599609375
vt 0.357421875 0.9951171875
vt 0.345703125 0.9951171875
vt 0.099609375 0.6083984375
vt 0.181640625 0.6083984375
vt 0.181640625 0.6435546875
vt 0.099609375 0.6435546875
vt 0.345703125 0.9248046875
vt 0.357421875 0.9248046875
vt 0.357421875 0.9599609375
vt 0.345703125 0.9599609375
vt 0.380859375 0.4794921875
vt 0.298828125 0.4794921875
vt 0.298828125 0.4677734375
vt 0.380859375 0.4677734375
vt 0.380859375 0.4560546875
vt 0.298828125 0.4560546875
vt 0.298828125 0.4677734375
vt 0.380859375 0.4677734375
vn 0 0 -1
vn 1 0 0
vn 0 0 1
vn -1 0 0
vn 0 1 0
vn 0 -1 0
usemtl m_7c4fd87a-d0f1-9ad7-7479-aa72dea38889
f 2777/8329/2083 2778/8330/2083 2779/8331/2083 2780/8332/2083
f 2781/8333/2084 2777/8334/2084 2780/8335/2084 2782/8336/2084
f 2783/8337/2085 2781/8338/2085 2782/8339/2085 2784/8340/2085
f 2778/8341/2086 2783/8342/2086 2784/8343/2086 2779/8344/2086
f 2784/8345/2087 2782/8346/2087 2780/8347/2087 2779/8348/2087
f 2778/8349/2088 2777/8350/2088 2781/8351/2088 2783/8352/2088
o cube
v -2.25 2.25 -0.09375
v -3.5625 2.25 -0.09375
v -3.5625 2.8125 -0.09375
v -2.25 2.8125 -0.09375
v -2.25 2.25 0.09375
v -2.25 2.8125 0.09375
v -3.5625 2.25 0.09375
v -3.5625 2.8125 0.09375
vt 0.46793365478515636 0.16461181640625
vt 0.5499649047851564 0.16461181640625
vt 0.5499649047851564 0.19976806640625
vt 0.46793365478515636 0.19976806640625
vt 0.345703125 0.3271484375
vt 0.357421875 0.3271484375
vt 0.357421875 0.3623046875
vt 0.345703125 0.3623046875
vt 0.099609375 0.5380859375
vt 0.181640625 0.5380859375
vt 0.181640625 0.5732421875
vt 0.099609375 0.5732421875
vt 0.345703125 0.2919921875
vt 0.357421875 0.2919921875
vt 0.357421875 0.3271484375
vt 0.345703125 0.3271484375
vt 0.380859375 0.4560546875
vt 0.298828125 0.4560546875
vt 0.298828125 0.4443359375
vt 0.380859375 0.4443359375
vt 0.380859375 0.4326171875
vt 0.298828125 0.4326171875
vt 0.298828125 0.4443359375
vt 0.380859375 0.4443359375
vn 0 0 -1
vn 1 0 0
vn 0 0 1
vn -1 0 0
vn 0 1 0
vn 0 -1 0
usemtl m_7c4fd87a-d0f1-9ad7-7479-aa72dea38889
f 2785/8353/2089 2786/8354/2089 2787/8355/2089 2788/8356/2089
f 2789/8357/2090 2785/8358/2090 2788/8359/2090 2790/8360/2090
f 2791/8361/2091 2789/8362/2091 2790/8363/2091 2792/8364/2091
f 2786/8365/2092 2791/8366/2092 2792/8367/2092 2787/8368/2092
f 2792/8369/2093 2790/8370/2093 2788/8371/2093 2787/8372/2093
f 2786/8373/2094 2785/8374/2094 2789/8375/2094 2791/8376/2094
o cube
v -0.75 2.25 -0.09375
v -2.0625 2.25 -0.09375
v -2.0625 2.8125 -0.09375
v -0.75 2.8125 -0.09375
v -0.75 2.25 0.09375
v -0.75 2.8125 0.09375
v -2.0625 2.25 0.09375
v -2.0625 2.8125 0.09375
vt 0.401592254638672 0.04708099365234375
vt 0.483623504638672 0.04708099365234375
vt 0.483623504638672 0.08223724365234375
vt 0.401592254638672 0.08223724365234375
vt 0.205078125 0.2568359375
vt 0.216796875 0.2568359375
vt 0.216796875 0.2919921875
vt 0.205078125 0.2919921875
vt 0.099609375 0.5029296875
vt 0.181640625 0.5029296875
vt 0.181640625 0.5380859375
vt 0.099609375 0.5380859375
vt 0.216796875 0.2568359375
vt 0.228515625 0.2568359375
vt 0.228515625 0.2919921875
vt 0.216796875 0.2919921875
vt 0.380859375 0.4326171875
vt 0.298828125 0.4326171875
vt 0.298828125 0.4208984375
vt 0.380859375 0.4208984375
vt 0.380859375 0.4091796875
vt 0.298828125 0.4091796875
vt 0.298828125 0.4208984375
vt 0.380859375 0.4208984375
vn 0 0 -1
vn 1 0 0
vn 0 0 1
vn -1 0 0
vn 0 1 0
vn 0 -1 0
usemtl m_7c4fd87a-d0f1-9ad7-7479-aa72dea38889
f 2793/8377/2095 2794/8378/2095 2795/8379/2095 2796/8380/2095
f 2797/8381/2096 2793/8382/2096 2796/8383/2096 2798/8384/2096
f 2799/8385/2097 2797/8386/2097 2798/8387/2097 2800/8388/2097
f 2794/8389/2098 2799/8390/2098 2800/8391/2098 2795/8392/2098
f 2800/8393/2099 2798/8394/2099 2796/8395/2099 2795/8396/2099
f 2794/8397/2100 2793/8398/2100 2797/8399/2100 2799/8400/2100
o cube
v 0 2.25 -0.09375
v -0.5625 2.25 -0.09375
v -0.5625 2.8125 -0.09375
v 0 2.8125 -0.09375
v 0 2.25 0.09375
v 0 2.8125 0.09375
v -0.5625 2.25 0.09375
v -0.5625 2.8125 0.09375
vt 0.5615921020507814 0.09409332275390625
vt 0.5967483520507814 0.09409332275390625
vt 0.5967483520507814 0.12924957275390625
vt 0.5615921020507814 0.12924957275390625
vt 0.228515625 0.2568359375
vt 0.240234375 0.2568359375
vt 0.240234375 0.2919921875
vt 0.228515625 0.2919921875
vt 0.263671875 0.5029296875
vt 0.298828125 0.5029296875
vt 0.298828125 0.5380859375
vt 0.263671875 0.5380859375
vt 0.240234375 0.2568359375
vt 0.251953125 0.2568359375
vt 0.251953125 0.2919921875
vt 0.240234375 0.2919921875
vt 0.287109375 0.2919921875
vt 0.251953125 0.2919921875
vt 0.251953125 0.2802734375
vt 0.287109375 0.2802734375
vt 0.322265625 0.2802734375
vt 0.287109375 0.2802734375
vt 0.287109375 0.2919921875
vt 0.322265625 0.2919921875
vn 0 0 -1
vn 1 0 0
vn 0 0 1
vn -1 0 0
vn 0 1 0
vn 0 -1 0
usemtl m_7c4fd87a-d0f1-9ad7-7479-aa72dea38889
f 2801/8401/2101 2802/8402/2101 2803/8403/2101 2804/8404/2101
f 2805/8405/2102 2801/8406/2102 2804/8407/2102 2806/8408/2102
f 2807/8409/2103 2805/8410/2103 2806/8411/2103 2808/8412/2103
f 2802/8413/2104 2807/8414/2104 2808/8415/2104 2803/8416/2104
f 2808/8417/2105 2806/8418/2105 2804/8419/2105 2803/8420/2105
f 2802/8421/2106 2801/8422/2106 2805/8423/2106 2807/8424/2106
o cube
v -4.5 3 -0.09375
v -5.8125 3 -0.09375
v -5.8125 3.5625 -0.09375
v -4.5 3.5625 -0.09375
v -4.5 3 0.09375
v -4.5 3.5625 0.09375
v -5.8125 3 0.09375
v -5.8125 3.5625 0.09375
vt 0.401592254638672 0.04708099365234375
vt 0.483623504638672 0.04708099365234375
vt 0.483623504638672 0.08223724365234375
vt 0.401592254638672 0.08223724365234375
vt 0.322265625 0.2568359375
vt 0.333984375 0.2568359375
vt 0.333984375 0.2919921875
vt 0.322265625 0.2919921875
vt 0.099609375 0.4677734375
vt 0.181640625 0.4677734375
vt 0.181640625 0.5029296875
vt 0.099609375 0.5029296875
vt 0.333984375 0.2568359375
vt 0.345703125 0.2568359375
vt 0.345703125 0.2919921875
vt 0.333984375 0.2919921875
vt 0.380859375 0.4091796875
vt 0.298828125 0.4091796875
vt 0.298828125 0.3974609375
vt 0.380859375 0.3974609375
vt 0.380859375 0.3857421875
vt 0.298828125 0.3857421875
vt 0.298828125 0.3974609375
vt 0.380859375 0.3974609375
vn 0 0 -1
vn 1 0 0
vn 0 0 1
vn -1 0 0
vn 0 1 0
vn 0 -1 0
usemtl m_7c4fd87a-d0f1-9ad7-7479-aa72dea38889
f 2809/8425/2107 2810/8426/2107 2811/8427/2107 2812/8428/2107
f 2813/8429/2108 2809/8430/2108 2812/8431/2108 2814/8432/2108
f 2815/8433/2109 2813/8434/2109 2814/8435/2109 2816/8436/2109
f 2810/8437/2110 2815/8438/2110 2816/8439/2110 2811/8440/2110
f 2816/8441/2111 2814/8442/2111 2812/8443/2111 2811/8444/2111
f 2810/8445/2112 2809/8446/2112 2813/8447/2112 2815/8448/2112
o cube
v -3 3 -0.09375
v -4.3125 3 -0.09375
v -4.3125 3.5625 -0.09375
v -3 3.5625 -0.09375
v -3 3 0.09375
v -3 3.5625 0.09375
v -4.3125 3 0.09375
v -4.3125 3.5625 0.09375
vt 0.401592254638672 0.04708099365234375
vt 0.483623504638672 0.04708099365234375
vt 0.483623504638672 0.08223724365234375
vt 0.401592254638672 0.08223724365234375
vt 0.345703125 0.2568359375
vt 0.357421875 0.2568359375
vt 0.357421875 0.2919921875
vt 0.345703125 0.2919921875
vt 0.099609375 0.4326171875
vt 0.181640625 0.4326171875
vt 0.181640625 0.4677734375
vt 0.099609375 0.4677734375
vt 0.357421875 0.9599609375
vt 0.369140625 0.9599609375
vt 0.369140625 0.9951171875
vt 0.357421875 0.9951171875
vt 0.380859375 0.3857421875
vt 0.298828125 0.3857421875
vt 0.298828125 0.3740234375
vt 0.380859375 0.3740234375
vt 0.380859375 0.3623046875
vt 0.298828125 0.3623046875
vt 0.298828125 0.3740234375
vt 0.380859375 0.3740234375
vn 0 0 -1
vn 1 0 0
vn 0 0 1
vn -1 0 0
vn 0 1 0
vn 0 -1 0
usemtl m_7c4fd87a-d0f1-9ad7-7479-aa72dea38889
f 2817/8449/2113 2818/8450/2113 2819/8451/2113 2820/8452/2113
f 2821/8453/2114 2817/8454/2114 2820/8455/2114 2822/8456/2114
f 2823/8457/2115 2821/8458/2115 2822/8459/2115 2824/8460/2115
f 2818/8461/2116 2823/8462/2116 2824/8463/2116 2819/8464/2116
f 2824/8465/2117 2822/8466/2117 2820/8467/2117 2819/8468/2117
f 2818/8469/2118 2817/8470/2118 2821/8471/2118 2823/8472/2118
o cube
v -1.5 3 -0.09375
v -2.8125 3 -0.09375
v -2.8125 3.5625 -0.09375
v -1.5 3.5625 -0.09375
v -1.5 3 0.09375
v -1.5 3.5625 0.09375
v -2.8125 3 0.09375
v -2.8125 3.5625 0.09375
vt 0.46793365478515636 0.9403152465820312
vt 0.5499649047851564 0.9403152465820312
vt 0.5499649047851564 0.9754714965820312
vt 0.46793365478515636 0.9754714965820312
vt 0.357421875 0.9248046875
vt 0.369140625 0.9248046875
vt 0.369140625 0.9599609375
vt 0.357421875 0.9599609375
vt 0.181640625 0.9248046875
vt 0.263671875 0.9248046875
vt 0.263671875 0.9599609375
vt 0.181640625 0.9599609375
vt 0.357421875 0.6552734375
vt 0.369140625 0.6552734375
vt 0.369140625 0.6904296875
vt 0.357421875 0.6904296875
vt 0.099609375 0.3388671875
vt 0.017578125 0.3388671875
vt 0.017578125 0.3271484375
vt 0.099609375 0.3271484375
vt 0.181640625 0.3271484375
vt 0.099609375 0.3271484375
vt 0.099609375 0.3388671875
vt 0.181640625 0.3388671875
vn 0 0 -1
vn 1 0 0
vn 0 0 1
vn -1 0 0
vn 0 1 0
vn 0 -1 0
usemtl m_7c4fd87a-d0f1-9ad7-7479-aa72dea38889
f 2825/8473/2119 2826/8474/2119 2827/8475/2119 2828/8476/2119
f 2829/8477/2120 2825/8478/2120 2828/8479/2120 2830/8480/2120
f 2831/8481/2121 2829/8482/2121 2830/8483/2121 2832/8484/2121
f 2826/8485/2122 2831/8486/2122 2832/8487/2122 2827/8488/2122
f 2832/8489/2123 2830/8490/2123 2828/8491/2123 2827/8492/2123
f 2826/8493/2124 2825/8494/2124 2829/8495/2124 2831/8496/2124
o cube
v 0 3 -0.09375
v -1.3125 3 -0.09375
v -1.3125 3.5625 -0.09375
v 0 3.5625 -0.09375
v 0 3 0.09375
v 0 3.5625 0.09375
v -1.3125 3 0.09375
v -1.3125 3.5625 0.09375
vt 0.46793365478515636 0.7992782592773438
vt 0.5499649047851564 0.7992782592773438
vt 0.5499649047851564 0.8344345092773438
vt 0.46793365478515636 0.8344345092773438
vt 0.357421875 0.3271484375
vt 0.369140625 0.3271484375
vt 0.369140625 0.3623046875
vt 0.357421875 0.3623046875
vt 0.181640625 0.8544921875
vt 0.263671875 0.8544921875
vt 0.263671875 0.8896484375
vt 0.181640625 0.8896484375
vt 0.357421875 0.2919921875
vt 0.369140625 0.2919921875
vt 0.369140625 0.3271484375
vt 0.357421875 0.3271484375
vt 0.263671875 0.3388671875
vt 0.181640625 0.3388671875
vt 0.181640625 0.3271484375
vt 0.263671875 0.3271484375
vt 0.345703125 0.3271484375
vt 0.263671875 0.3271484375
vt 0.263671875 0.3388671875
vt 0.345703125 0.3388671875
vn 0 0 -1
vn 1 0 0
vn 0 0 1
vn -1 0 0
vn 0 1 0
vn 0 -1 0
usemtl m_7c4fd87a-d0f1-9ad7-7479-aa72dea38889
f 2833/8497/2125 2834/8498/2125 2835/8499/2125 2836/8500/2125
f 2837/8501/2126 2833/8502/2126 2836/8503/2126 2838/8504/2126
f 2839/8505/2127 2837/8506/2127 2838/8507/2127 2840/8508/2127
f 2834/8509/2128 2839/8510/2128 2840/8511/2128 2835/8512/2128
f 2840/8513/2129 2838/8514/2129 2836/8515/2129 2835/8516/2129
f 2834/8517/2130 2833/8518/2130 2837/8519/2130 2839/8520/2130
o cube
v -5.25 3.75 -0.09375
v -6 3.75 -0.09375
v -6 4.3125 -0.09375
v -5.25 4.3125 -0.09375
v -5.25 3.75 0.09375
v -5.25 4.3125 0.09375
v -6 3.75 0.09375
v -6 4.3125 0.09375
vt 0.5381774902343751 0.5172042846679688
vt 0.5850524902343751 0.5172042846679688
vt 0.5850524902343751 0.5523605346679688
vt 0.5381774902343751 0.5523605346679688
vt 0.357421875 0.2568359375
vt 0.369140625 0.2568359375
vt 0.369140625 0.2919921875
vt 0.357421875 0.2919921875
vt 0.263671875 0.7138671875
vt 0.310546875 0.7138671875
vt 0.310546875 0.7490234375
vt 0.263671875 0.7490234375
vt 0.017578125 0.2451171875
vt 0.029296875 0.2451171875
vt 0.029296875 0.2802734375
vt 0.017578125 0.2802734375
vt 0.064453125 0.3271484375
vt 0.017578125 0.3271484375
vt 0.017578125 0.3154296875
vt 0.064453125 0.3154296875
vt 0.111328125 0.3154296875
vt 0.064453125 0.3154296875
vt 0.064453125 0.3271484375
vt 0.111328125 0.3271484375
vn 0 0 -1
vn 1 0 0
vn 0 0 1
vn -1 0 0
vn 0 1 0
vn 0 -1 0
usemtl m_7c4fd87a-d0f1-9ad7-7479-aa72dea38889
f 2841/8521/2131 2842/8522/2131 2843/8523/2131 2844/8524/2131
f 2845/8525/2132 2841/8526/2132 2844/8527/2132 2846/8528/2132
f 2847/8529/2133 2845/8530/2133 2846/8531/2133 2848/8532/2133
f 2842/8533/2134 2847/8534/2134 2848/8535/2134 2843/8536/2134
f 2848/8537/2135 2846/8538/2135 2844/8539/2135 2843/8540/2135
f 2842/8541/2136 2841/8542/2136 2845/8543/2136 2847/8544/2136
o cube
v -3.75 3.75 -0.09375
v -5.0625 3.75 -0.09375
v -5.0625 4.3125 -0.09375
v -3.75 4.3125 -0.09375
v -3.75 3.75 0.09375
v -3.75 4.3125 0.09375
v -5.0625 3.75 0.09375
v -5.0625 4.3125 0.09375
vt 0.12125396728515636 0.8057022094726562
vt 0.20328521728515636 0.8057022094726562
vt 0.20328521728515636 0.8408584594726562
vt 0.12125396728515636 0.8408584594726562
vt 0.029296875 0.2451171875
vt 0.041015625 0.2451171875
vt 0.041015625 0.2802734375
vt 0.029296875 0.2802734375
vt 0.181640625 0.7841796875
vt 0.263671875 0.7841796875
vt 0.263671875 0.8193359375
vt 0.181640625 0.8193359375
vt 0.041015625 0.2451171875
vt 0.052734375 0.2451171875
vt 0.052734375 0.2802734375
vt 0.041015625 0.2802734375
vt 0.392578125 0.9248046875
vt 0.310546875 0.9248046875
vt 0.310546875 0.9130859375
vt 0.392578125 0.9130859375
vt 0.392578125 0.9013671875
vt 0.310546875 0.9013671875
vt 0.310546875 0.9130859375
vt 0.392578125 0.9130859375
vn 0 0 -1
vn 1 0 0
vn 0 0 1
vn -1 0 0
vn 0 1 0
vn 0 -1 0
usemtl m_7c4fd87a-d0f1-9ad7-7479-aa72dea38889
f 2849/8545/2137 2850/8546/2137 2851/8547/2137 2852/8548/2137
f 2853/8549/2138 2849/8550/2138 2852/8551/2138 2854/8552/2138
f 2855/8553/2139 2853/8554/2139 2854/8555/2139 2856/8556/2139
f 2850/8557/2140 2855/8558/2140 2856/8559/2140 2851/8560/2140
f 2856/8561/2141 2854/8562/2141 2852/8563/2141 2851/8564/2141
f 2850/8565/2142 2849/8566/2142 2853/8567/2142 2855/8568/2142
o cube
v -2.25 3.75 -0.09375
v -3.5625 3.75 -0.09375
v -3.5625 4.3125 -0.09375
v -2.25 4.3125 -0.09375
v -2.25 3.75 0.09375
v -2.25 4.3125 0.09375
v -3.5625 3.75 0.09375
v -3.5625 4.3125 0.09375
vt 0.35172271728515636 0.21739959716796875
vt 0.43375396728515636 0.21739959716796875
vt 0.43375396728515636 0.25255584716796875
vt 0.35172271728515636 0.25255584716796875
vt 0.052734375 0.2451171875
vt 0.064453125 0.2451171875
vt 0.064453125 0.2802734375
vt 0.052734375 0.2802734375
vt 0.181640625 0.7138671875
vt 0.263671875 0.7138671875
vt 0.263671875 0.7490234375
vt 0.181640625 0.7490234375
vt 0.064453125 0.2451171875
vt 0.076171875 0.2451171875
vt 0.076171875 0.2802734375
vt 0.064453125 0.2802734375
vt 0.392578125 0.9013671875
vt 0.310546875 0.9013671875
vt 0.310546875 0.8896484375
vt 0.392578125 0.8896484375
vt 0.392578125 0.8779296875
vt 0.310546875 0.8779296875
vt 0.310546875 0.8896484375
vt 0.392578125 0.8896484375
vn 0 0 -1
vn 1 0 0
vn 0 0 1
vn -1 0 0
vn 0 1 0
vn 0 -1 0
usemtl m_7c4fd87a-d0f1-9ad7-7479-aa72dea38889
f 2857/8569/2143 2858/8570/2143 2859/8571/2143 2860/8572/2143
f 2861/8573/2144 2857/8574/2144 2860/8575/2144 2862/8576/2144
f 2863/8577/2145 2861/8578/2145 2862/8579/2145 2864/8580/2145
f 2858/8581/2146 2863/8582/2146 2864/8583/2146 2859/8584/2146
f 2864/8585/2147 2862/8586/2147 2860/8587/2147 2859/8588/2147
f 2858/8589/2148 2857/8590/2148 2861/8591/2148 2863/8592/2148
o cube
v -0.75 3.75 -0.09375
v -2.0625 3.75 -0.09375
v -2.0625 4.3125 -0.09375
v -0.75 4.3125 -0.09375
v -0.75 3.75 0.09375
v -0.75 4.3125 0.09375
v -2.0625 3.75 0.09375
v -2.0625 4.3125 0.09375
vt 0.5372695922851564 0.7287063598632812
vt 0.6193008422851564 0.7287063598632812
vt 0.6193008422851564 0.7638626098632812
vt 0.5372695922851564 0.7638626098632812
vt 0.146484375 0.2451171875
vt 0.158203125 0.2451171875
vt 0.158203125 0.2802734375
vt 0.146484375 0.2802734375
vt 0.181640625 0.6435546875
vt 0.263671875 0.6435546875
vt 0.263671875 0.6787109375
vt 0.181640625 0.6787109375
vt 0.158203125 0.2451171875
vt 0.169921875 0.2451171875
vt 0.169921875 0.2802734375
vt 0.158203125 0.2802734375
vt 0.392578125 0.8779296875
vt 0.310546875 0.8779296875
vt 0.310546875 0.8662109375
vt 0.392578125 0.8662109375
vt 0.392578125 0.8544921875
vt 0.310546875 0.8544921875
vt 0.310546875 0.8662109375
vt 0.392578125 0.8662109375
vn 0 0 -1
vn 1 0 0
vn 0 0 1
vn -1 0 0
vn 0 1 0
vn 0 -1 0
usemtl m_7c4fd87a-d0f1-9ad7-7479-aa72dea38889
f 2865/8593/2149 2866/8594/2149 2867/8595/2149 2868/8596/2149
f 2869/8597/2150 2865/8598/2150 2868/8599/2150 2870/8600/2150
f 2871/8601/2151 2869/8602/2151 2870/8603/2151 2872/8604/2151
f 2866/8605/2152 2871/8606/2152 2872/8607/2152 2867/8608/2152
f 2872/8609/2153 2870/8610/2153 2868/8611/2153 2867/8612/2153
f 2866/8613/2154 2865/8614/2154 2869/8615/2154 2871/8616/2154
o cube
v 0 3.75 -0.09375
v -0.5625 3.75 -0.09375
v -0.5625 4.3125 -0.09375
v 0 4.3125 -0.09375
v 0 3.75 0.09375
v 0 4.3125 0.09375
v -0.5625 3.75 0.09375
v -0.5625 4.3125 0.09375
vt 0.5615921020507814 0.04708099365234375
vt 0.5967483520507814 0.04708099365234375
vt 0.5967483520507814 0.08223724365234375
vt 0.5615921020507814 0.08223724365234375
vt 0.169921875 0.2451171875
vt 0.181640625 0.2451171875
vt 0.181640625 0.2802734375
vt 0.169921875 0.2802734375
vt 0.263671875 0.4326171875
vt 0.298828125 0.4326171875
vt 0.298828125 0.4677734375
vt 0.263671875 0.4677734375
vt 0.181640625 0.2451171875
vt 0.193359375 0.2451171875
vt 0.193359375 0.2802734375
vt 0.181640625 0.2802734375
vt 0.392578125 0.6552734375
vt 0.357421875 0.6552734375
vt 0.357421875 0.6435546875
vt 0.392578125 0.6435546875
vt 0.287109375 0.2685546875
vt 0.251953125 0.2685546875
vt 0.251953125 0.2802734375
vt 0.287109375 0.2802734375
vn 0 0 -1
vn 1 0 0
vn 0 0 1
vn -1 0 0
vn 0 1 0
vn 0 -1 0
usemtl m_7c4fd87a-d0f1-9ad7-7479-aa72dea38889
f 2873/8617/2155 2874/8618/2155 2875/8619/2155 2876/8620/2155
f 2877/8621/2156 2873/8622/2156 2876/8623/2156 2878/8624/2156
f 2879/8625/2157 2877/8626/2157 2878/8627/2157 2880/8628/2157
f 2874/8629/2158 2879/8630/2158 2880/8631/2158 2875/8632/2158
f 2880/8633/2159 2878/8634/2159 2876/8635/2159 2875/8636/2159
f 2874/8637/2160 2873/8638/2160 2877/8639/2160 2879/8640/2160
o cube
v -4.5 4.5 -0.09375
v -5.8125 4.5 -0.09375
v -5.8125 5.0625 -0.09375
v -4.5 5.0625 -0.09375
v -4.5 4.5 0.09375
v -4.5 5.0625 0.09375
v -5.8125 4.5 0.09375
v -5.8125 5.0625 0.09375
vt 0.46793365478515636 0.23513031005859375
vt 0.5499649047851564 0.23513031005859375
vt 0.5499649047851564 0.27028656005859375
vt 0.46793365478515636 0.27028656005859375
vt 0.193359375 0.2451171875
vt 0.205078125 0.2451171875
vt 0.205078125 0.2802734375
vt 0.193359375 0.2802734375
vt 0.181640625 0.5732421875
vt 0.263671875 0.5732421875
vt 0.263671875 0.6083984375
vt 0.181640625 0.6083984375
vt 0.287109375 0.2451171875
vt 0.298828125 0.2451171875
vt 0.298828125 0.2802734375
vt 0.287109375 0.2802734375
vt 0.392578125 0.8544921875
vt 0.310546875 0.8544921875
vt 0.310546875 0.8427734375
vt 0.392578125 0.8427734375
vt 0.392578125 0.8310546875
vt 0.310546875 0.8310546875
vt 0.310546875 0.8427734375
vt 0.392578125 0.8427734375
vn 0 0 -1
vn 1 0 0
vn 0 0 1
vn -1 0 0
vn 0 1 0
vn 0 -1 0
usemtl m_7c4fd87a-d0f1-9ad7-7479-aa72dea38889
f 2881/8641/2161 2882/8642/2161 2883/8643/2161 2884/8644/2161
f 2885/8645/2162 2881/8646/2162 2884/8647/2162 2886/8648/2162
f 2887/8649/2163 2885/8650/2163 2886/8651/2163 2888/8652/2163
f 2882/8653/2164 2887/8654/2164 2888/8655/2164 2883/8656/2164
f 2888/8657/2165 2886/8658/2165 2884/8659/2165 2883/8660/2165
f 2882/8661/2166 2881/8662/2166 2885/8663/2166 2887/8664/2166
o cube
v -3 4.5 -0.09375
v -4.3125 4.5 -0.09375
v -4.3125 5.0625 -0.09375
v -3 5.0625 -0.09375
v -3 4.5 0.09375
v -3 5.0625 0.09375
v -4.3125 4.5 0.09375
v -4.3125 5.0625 0.09375
vt 0.46793365478515636 0.09409332275390625
vt 0.5499649047851564 0.09409332275390625
vt 0.5499649047851564 0.12924957275390625
vt 0.46793365478515636 0.12924957275390625
vt 0.298828125 0.2451171875
vt 0.310546875 0.2451171875
vt 0.310546875 0.2802734375
vt 0.298828125 0.2802734375
vt 0.181640625 0.5029296875
vt 0.263671875 0.5029296875
vt 0.263671875 0.5380859375
vt 0.181640625 0.5380859375
vt 0.310546875 0.2451171875
vt 0.322265625 0.2451171875
vt 0.322265625 0.2802734375
vt 0.310546875 0.2802734375
vt 0.392578125 0.8310546875
vt 0.310546875 0.8310546875
vt 0.310546875 0.8193359375
vt 0.392578125 0.8193359375
vt 0.392578125 0.8076171875
vt 0.310546875 0.8076171875
vt 0.310546875 0.8193359375
vt 0.392578125 0.8193359375
vn 0 0 -1
vn 1 0 0
vn 0 0 1
vn -1 0 0
vn 0 1 0
vn 0 -1 0
usemtl m_7c4fd87a-d0f1-9ad7-7479-aa72dea38889
f 2889/8665/2167 2890/8666/2167 2891/8667/2167 2892/8668/2167
f 2893/8669/2168 2889/8670/2168 2892/8671/2168 2894/8672/2168
f 2895/8673/2169 2893/8674/2169 2894/8675/2169 2896/8676/2169
f 2890/8677/2170 2895/8678/2170 2896/8679/2170 2891/8680/2170
f 2896/8681/2171 2894/8682/2171 2892/8683/2171 2891/8684/2171
f 2890/8685/2172 2889/8686/2172 2893/8687/2172 2895/8688/2172
o cube
v -1.5 4.5 -0.09375
v -2.8125 4.5 -0.09375
v -2.8125 5.0625 -0.09375
v -1.5 5.0625 -0.09375
v -1.5 4.5 0.09375
v -1.5 5.0625 0.09375
v -2.8125 4.5 0.09375
v -2.8125 5.0625 0.09375
vt 0.46793365478515636 0.04708099365234375
vt 0.5499649047851564 0.04708099365234375
vt 0.5499649047851564 0.08223724365234375
vt 0.46793365478515636 0.08223724365234375
vt 0.369140625 0.9599609375
vt 0.380859375 0.9599609375
vt 0.380859375 0.9951171875
vt 0.369140625 0.9951171875
vt 0.181640625 0.4326171875
vt 0.263671875 0.4326171875
vt 0.263671875 0.4677734375
vt 0.181640625 0.4677734375
vt 0.369140625 0.9248046875
vt 0.380859375 0.9248046875
vt 0.380859375 0.9599609375
vt 0.369140625 0.9599609375
vt 0.392578125 0.8076171875
vt 0.310546875 0.8076171875
vt 0.310546875 0.7958984375
vt 0.392578125 0.7958984375
vt 0.392578125 0.7841796875
vt 0.310546875 0.7841796875
vt 0.310546875 0.7958984375
vt 0.392578125 0.7958984375
vn 0 0 -1
vn 1 0 0
vn 0 0 1
vn -1 0 0
vn 0 1 0
vn 0 -1 0
usemtl m_7c4fd87a-d0f1-9ad7-7479-aa72dea38889
f 2897/8689/2173 2898/8690/2173 2899/8691/2173 2900/8692/2173
f 2901/8693/2174 2897/8694/2174 2900/8695/2174 2902/8696/2174
f 2903/8697/2175 2901/8698/2175 2902/8699/2175 2904/8700/2175
f 2898/8701/2176 2903/8702/2176 2904/8703/2176 2899/8704/2176
f 2904/8705/2177 2902/8706/2177 2900/8707/2177 2899/8708/2177
f 2898/8709/2178 2897/8710/2178 2901/8711/2178 2903/8712/2178
o cube
v 0 4.5 -0.09375
v -1.3125 4.5 -0.09375
v -1.3125 5.0625 -0.09375
v 0 5.0625 -0.09375
v 0 4.5 0.09375
v 0 5.0625 0.09375
v -1.3125 4.5 0.09375
v -1.3125 5.0625 0.09375
vt 0.401592254638672 0.04708099365234375
vt 0.483623504638672 0.04708099365234375
vt 0.483623504638672 0.08223724365234375
vt 0.401592254638672 0.08223724365234375
vt 0.369140625 0.6552734375
vt 0.380859375 0.6552734375
vt 0.380859375 0.6904296875
vt 0.369140625 0.6904296875
vt 0.099609375 0.3974609375
vt 0.181640625 0.3974609375
vt 0.181640625 0.4326171875
vt 0.099609375 0.4326171875
vt 0.369140625 0.3271484375
vt 0.380859375 0.3271484375
vt 0.380859375 0.3623046875
vt 0.369140625 0.3623046875
vt 0.392578125 0.7841796875
vt 0.310546875 0.7841796875
vt 0.310546875 0.7724609375
vt 0.392578125 0.7724609375
vt 0.392578125 0.7607421875
vt 0.310546875 0.7607421875
vt 0.310546875 0.7724609375
vt 0.392578125 0.7724609375
vn 0 0 -1
vn 1 0 0
vn 0 0 1
vn -1 0 0
vn 0 1 0
vn 0 -1 0
usemtl m_7c4fd87a-d0f1-9ad7-7479-aa72dea38889
f 2905/8713/2179 2906/8714/2179 2907/8715/2179 2908/8716/2179
f 2909/8717/2180 2905/8718/2180 2908/8719/2180 2910/8720/2180
f 2911/8721/2181 2909/8722/2181 2910/8723/2181 2912/8724/2181
f 2906/8725/2182 2911/8726/2182 2912/8727/2182 2907/8728/2182
f 2912/8729/2183 2910/8730/2183 2908/8731/2183 2907/8732/2183
f 2906/8733/2184 2905/8734/2184 2909/8735/2184 2911/8736/2184
o cube
v -5.25 5.25 -0.09375
v -6 5.25 -0.09375
v -6 5.8125 -0.09375
v -5.25 5.8125 -0.09375
v -5.25 5.25 0.09375
v -5.25 5.8125 0.09375
v -6 5.25 0.09375
v -6 5.8125 0.09375
vt 0.5381774902343751 0.37616729736328125
vt 0.5850524902343751 0.37616729736328125
vt 0.5850524902343751 0.41132354736328125
vt 0.5381774902343751 0.41132354736328125
vt 0.369140625 0.2919921875
vt 0.380859375 0.2919921875
vt 0.380859375 0.3271484375
vt 0.369140625 0.3271484375
vt 0.263671875 0.6435546875
vt 0.310546875 0.6435546875
vt 0.310546875 0.6787109375
vt 0.263671875 0.6787109375
vt 0.369140625 0.2568359375
vt 0.380859375 0.2568359375
vt 0.380859375 0.2919921875
vt 0.369140625 0.2919921875
vt 0.158203125 0.3271484375
vt 0.111328125 0.3271484375
vt 0.111328125 0.3154296875
vt 0.158203125 0.3154296875
vt 0.205078125 0.3154296875
vt 0.158203125 0.3154296875
vt 0.158203125 0.3271484375
vt 0.205078125 0.3271484375
vn 0 0 -1
vn 1 0 0
vn 0 0 1
vn -1 0 0
vn 0 1 0
vn 0 -1 0
usemtl m_7c4fd87a-d0f1-9ad7-7479-aa72dea38889
f 2913/8737/2185 2914/8738/2185 2915/8739/2185 2916/8740/2185
f 2917/8741/2186 2913/8742/2186 2916/8743/2186 2918/8744/2186
f 2919/8745/2187 2917/8746/2187 2918/8747/2187 2920/8748/2187
f 2914/8749/2188 2919/8750/2188 2920/8751/2188 2915/8752/2188
f 2920/8753/2189 2918/8754/2189 2916/8755/2189 2915/8756/2189
f 2914/8757/2190 2913/8758/2190 2917/8759/2190 2919/8760/2190
o cube
v -3.75 5.25 -0.09375
v -5.0625 5.25 -0.09375
v -5.0625 5.8125 -0.09375
v -3.75 5.8125 -0.09375
v -3.75 5.25 0.09375
v -3.75 5.8125 0.09375
v -5.0625 5.25 0.09375
v -5.0625 5.8125 0.09375
vt 0.46793365478515636 0.04708099365234375
vt 0.5499649047851564 0.04708099365234375
vt 0.5499649047851564 0.08223724365234375
vt 0.46793365478515636 0.08223724365234375
vt 0.076171875 0.2333984375
vt 0.087890625 0.2333984375
vt 0.087890625 0.2685546875
vt 0.076171875 0.2685546875
vt 0.017578125 0.3623046875
vt 0.099609375 0.3623046875
vt 0.099609375 0.3974609375
vt 0.017578125 0.3974609375
vt 0.087890625 0.2333984375
vt 0.099609375 0.2333984375
vt 0.099609375 0.2685546875
vt 0.087890625 0.2685546875
vt 0.392578125 0.7607421875
vt 0.310546875 0.7607421875
vt 0.310546875 0.7490234375
vt 0.392578125 0.7490234375
vt 0.392578125 0.7373046875
vt 0.310546875 0.7373046875
vt 0.310546875 0.7490234375
vt 0.392578125 0.7490234375
vn 0 0 -1
vn 1 0 0
vn 0 0 1
vn -1 0 0
vn 0 1 0
vn 0 -1 0
usemtl m_7c4fd87a-d0f1-9ad7-7479-aa72dea38889
f 2921/8761/2191 2922/8762/2191 2923/8763/2191 2924/8764/2191
f 2925/8765/2192 2921/8766/2192 2924/8767/2192 2926/8768/2192
f 2927/8769/2193 2925/8770/2193 2926/8771/2193 2928/8772/2193
f 2922/8773/2194 2927/8774/2194 2928/8775/2194 2923/8776/2194
f 2928/8777/2195 2926/8778/2195 2924/8779/2195 2923/8780/2195
f 2922/8781/2196 2921/8782/2196 2925/8783/2196 2927/8784/2196
o cube
v -2.25 5.25 -0.09375
v -3.5625 5.25 -0.09375
v -3.5625 5.8125 -0.09375
v -2.25 5.8125 -0.09375
v -2.25 5.25 0.09375
v -2.25 5.8125 0.09375
v -3.5625 5.25 0.09375
v -3.5625 5.8125 0.09375
vt 0.46793365478515636 0.04708099365234375
vt 0.5499649047851564 0.04708099365234375
vt 0.5499649047851564 0.08223724365234375
vt 0.46793365478515636 0.08223724365234375
vt 0.099609375 0.2333984375
vt 0.111328125 0.2333984375
vt 0.111328125 0.2685546875
vt 0.099609375 0.2685546875
vt 0.181640625 0.3623046875
vt 0.263671875 0.3623046875
vt 0.263671875 0.3974609375
vt 0.181640625 0.3974609375
vt 0.111328125 0.2333984375
vt 0.123046875 0.2333984375
vt 0.123046875 0.2685546875
vt 0.111328125 0.2685546875
vt 0.392578125 0.7373046875
vt 0.310546875 0.7373046875
vt 0.310546875 0.7255859375
vt 0.392578125 0.7255859375
vt 0.392578125 0.7138671875
vt 0.310546875 0.7138671875
vt 0.310546875 0.7255859375
vt 0.392578125 0.7255859375
vn 0 0 -1
vn 1 0 0
vn 0 0 1
vn -1 0 0
vn 0 1 0
vn 0 -1 0
usemtl m_7c4fd87a-d0f1-9ad7-7479-aa72dea38889
f 2929/8785/2197 2930/8786/2197 2931/8787/2197 2932/8788/2197
f 2933/8789/2198 2929/8790/2198 2932/8791/2198 2934/8792/2198
f 2935/8793/2199 2933/8794/2199 2934/8795/2199 2936/8796/2199
f 2930/8797/2200 2935/8798/2200 2936/8799/2200 2931/8800/2200
f 2936/8801/2201 2934/8802/2201 2932/8803/2201 2931/8804/2201
f 2930/8805/2202 2929/8806/2202 2933/8807/2202 2935/8808/2202
o cube
v -0.75 5.25 -0.09375
v -2.0625 5.25 -0.09375
v -2.0625 5.8125 -0.09375
v -0.75 5.8125 -0.09375
v -0.75 5.25 0.09375
v -0.75 5.8125 0.09375
v -2.0625 5.25 0.09375
v -2.0625 5.8125 0.09375
vt 0.46793365478515636 0.9403152465820312
vt 0.5499649047851564 0.9403152465820312
vt 0.5499649047851564 0.9754714965820312
vt 0.46793365478515636 0.9754714965820312
vt 0.123046875 0.2333984375
vt 0.134765625 0.2333984375
vt 0.134765625 0.2685546875
vt 0.123046875 0.2685546875
vt 0.263671875 0.9248046875
vt 0.345703125 0.9248046875
vt 0.345703125 0.9599609375
vt 0.263671875 0.9599609375
vt 0.134765625 0.2333984375
vt 0.146484375 0.2333984375
vt 0.146484375 0.2685546875
vt 0.134765625 0.2685546875
vt 0.392578125 0.7138671875
vt 0.310546875 0.7138671875
vt 0.310546875 0.7021484375
vt 0.392578125 0.7021484375
vt 0.392578125 0.6904296875
vt 0.310546875 0.6904296875
vt 0.310546875 0.7021484375
vt 0.392578125 0.7021484375
vn 0 0 -1
vn 1 0 0
vn 0 0 1
vn -1 0 0
vn 0 1 0
vn 0 -1 0
usemtl m_7c4fd87a-d0f1-9ad7-7479-aa72dea38889
f 2937/8809/2203 2938/8810/2203 2939/8811/2203 2940/8812/2203
f 2941/8813/2204 2937/8814/2204 2940/8815/2204 2942/8816/2204
f 2943/8817/2205 2941/8818/2205 2942/8819/2205 2944/8820/2205
f 2938/8821/2206 2943/8822/2206 2944/8823/2206 2939/8824/2206
f 2944/8825/2207 2942/8826/2207 2940/8827/2207 2939/8828/2207
f 2938/8829/2208 2937/8830/2208 2941/8831/2208 2943/8832/2208
o cube
v 0 5.25 -0.09375
v -0.5625 5.25 -0.09375
v -0.5625 5.8125 -0.09375
v 0 5.8125 -0.09375
v 0 5.25 0.09375
v 0 5.8125 0.09375
v -0.5625 5.25 0.09375
v -0.5625 5.8125 0.09375
vt 0.5615921020507814 0.04708099365234375
vt 0.5967483520507814 0.04708099365234375
vt 0.5967483520507814 0.08223724365234375
vt 0.5615921020507814 0.08223724365234375
vt 0.251953125 0.2333984375
vt 0.263671875 0.2333984375
vt 0.263671875 0.2685546875
vt 0.251953125 0.2685546875
vt 0.263671875 0.3623046875
vt 0.298828125 0.3623046875
vt 0.298828125 0.3974609375
vt 0.263671875 0.3974609375
vt 0.263671875 0.2333984375
vt 0.275390625 0.2333984375
vt 0.275390625 0.2685546875
vt 0.263671875 0.2685546875
vt 0.416015625 0.9951171875
vt 0.380859375 0.9951171875
vt 0.380859375 0.9833984375
vt 0.416015625 0.9833984375
vt 0.416015625 0.9716796875
vt 0.380859375 0.9716796875
vt 0.380859375 0.9833984375
vt 0.416015625 0.9833984375
vn 0 0 -1
vn 1 0 0
vn 0 0 1
vn -1 0 0
vn 0 1 0
vn 0 -1 0
usemtl m_7c4fd87a-d0f1-9ad7-7479-aa72dea38889
f 2945/8833/2209 2946/8834/2209 2947/8835/2209 2948/8836/2209
f 2949/8837/2210 2945/8838/2210 2948/8839/2210 2950/8840/2210
f 2951/8841/2211 2949/8842/2211 2950/8843/2211 2952/8844/2211
f 2946/8845/2212 2951/8846/2212 2952/8847/2212 2947/8848/2212
f 2952/8849/2213 2950/8850/2213 2948/8851/2213 2947/8852/2213
f 2946/8853/2214 2945/8854/2214 2949/8855/2214 2951/8856/2214
o cube
v 0 0 0
v -6 0 0
v -6 6 0
v 0 6 0
v 0 0 0.15625
v 0 6 0.15625
v -6 0 0.15625
v -6 6 0.15625
vt 0 0.625
vt 0.375 0.625
vt 0.375 1
vt 0 1
vt 0.375 0.625
vt 0.384765625 0.625
vt 0.384765625 1
vt 0.375 1
vt 0 0.625
vt 0.375 0.625
vt 0.375 1
vt 0 1
vt 0.375 0.25
vt 0.384765625 0.25
vt 0.384765625 0.625
vt 0.375 0.625
vt 0.759765625 1
vt 0.384765625 1
vt 0.384765625 0.990234375
vt 0.759765625 0.990234375
vt 0.759765625 0.98046875
vt 0.384765625 0.98046875
vt 0.384765625 0.990234375
vt 0.759765625 0.990234375
vn 0 0 -1
vn 1 0 0
vn 0 0 1
vn -1 0 0
vn 0 1 0
vn 0 -1 0
usemtl m_7c4fd87a-d0f1-9ad7-7479-aa72dea38889
f 2953/8857/2215 2954/8858/2215 2955/8859/2215 2956/8860/2215
f 2957/8861/2216 2953/8862/2216 2956/8863/2216 2958/8864/2216
f 2959/8865/2217 2957/8866/2217 2958/8867/2217 2960/8868/2217
f 2954/8869/2218 2959/8870/2218 2960/8871/2218 2955/8872/2218
f 2960/8873/2219 2958/8874/2219 2956/8875/2219 2955/8876/2219
f 2954/8877/2220 2953/8878/2220 2957/8879/2220 2959/8880/2220
o cube
v -5.25 12.75 -0.09375
v -6 12.75 -0.09375
v -6 13.3125 -0.09375
v -5.25 13.3125 -0.09375
v -5.25 12.75 0.09375
v -5.25 13.3125 0.09375
v -6 12.75 0.09375
v -6 13.3125 0.09375
vt 0.5381774902343751 0.7992782592773438
vt 0.5850524902343751 0.7992782592773438
vt 0.5850524902343751 0.8344345092773438
vt 0.5381774902343751 0.8344345092773438
vt 0.146484375 0.2802734375
vt 0.158203125 0.2802734375
vt 0.158203125 0.3154296875
vt 0.146484375 0.3154296875
vt 0.263671875 0.8544921875
vt 0.310546875 0.8544921875
vt 0.310546875 0.8896484375
vt 0.263671875 0.8896484375
vt 0.158203125 0.2802734375
vt 0.169921875 0.2802734375
vt 0.169921875 0.3154296875
vt 0.158203125 0.3154296875
vt 0.357421875 0.6904296875
vt 0.310546875 0.6904296875
vt 0.310546875 0.6787109375
vt 0.357421875 0.6787109375
vt 0.357421875 0.6669921875
vt 0.310546875 0.6669921875
vt 0.310546875 0.6787109375
vt 0.357421875 0.6787109375
vn 0 0 -1
vn 1 0 0
vn 0 0 1
vn -1 0 0
vn 0 1 0
vn 0 -1 0
usemtl m_7c4fd87a-d0f1-9ad7-7479-aa72dea38889
f 2961/8881/2221 2962/8882/2221 2963/8883/2221 2964/8884/2221
f 2965/8885/2222 2961/8886/2222 2964/8887/2222 2966/8888/2222
f 2967/8889/2223 2965/8890/2223 2966/8891/2223 2968/8892/2223
f 2962/8893/2224 2967/8894/2224 2968/8895/2224 2963/8896/2224
f 2968/8897/2225 2966/8898/2225 2964/8899/2225 2963/8900/2225
f 2962/8901/2226 2961/8902/2226 2965/8903/2226 2967/8904/2226
o cube
v -1.5 12 -0.09375
v -2.8125 12 -0.09375
v -2.8125 12.5625 -0.09375
v -1.5 12.5625 -0.09375
v -1.5 12 0.09375
v -1.5 12.5625 0.09375
v -2.8125 12 0.09375
v -2.8125 12.5625 0.09375
vt 0.401592254638672 0.9403152465820312
vt 0.483623504638672 0.9403152465820312
vt 0.483623504638672 0.9754714965820312
vt 0.401592254638672 0.9754714965820312
vt 0.205078125 0.2919921875
vt 0.216796875 0.2919921875
vt 0.216796875 0.3271484375
vt 0.205078125 0.3271484375
vt 0.017578125 0.9248046875
vt 0.099609375 0.9248046875
vt 0.099609375 0.9599609375
vt 0.017578125 0.9599609375
vt 0.216796875 0.2919921875
vt 0.228515625 0.2919921875
vt 0.228515625 0.3271484375
vt 0.216796875 0.3271484375
vt 0.099609375 0.3623046875
vt 0.017578125 0.3623046875
vt 0.017578125 0.3505859375
vt 0.099609375 0.3505859375
vt 0.181640625 0.3505859375
vt 0.099609375 0.3505859375
vt 0.099609375 0.3623046875
vt 0.181640625 0.3623046875
vn 0 0 -1
vn 1 0 0
vn 0 0 1
vn -1 0 0
vn 0 1 0
vn 0 -1 0
usemtl m_7c4fd87a-d0f1-9ad7-7479-aa72dea38889
f 2969/8905/2227 2970/8906/2227 2971/8907/2227 2972/8908/2227
f 2973/8909/2228 2969/8910/2228 2972/8911/2228 2974/8912/2228
f 2975/8913/2229 2973/8914/2229 2974/8915/2229 2976/8916/2229
f 2970/8917/2230 2975/8918/2230 2976/8919/2230 2971/8920/2230
f 2976/8921/2231 2974/8922/2231 2972/8923/2231 2971/8924/2231
f 2970/8925/2232 2969/8926/2232 2973/8927/2232 2975/8928/2232
o cube
v 0 12 -0.09375
v -1.3125 12 -0.09375
v -1.3125 12.5625 -0.09375
v 0 12.5625 -0.09375
v 0 12 0.09375
v 0 12.5625 0.09375
v -1.3125 12 0.09375
v -1.3125 12.5625 0.09375
vt 0.401592254638672 0.7992782592773438
vt 0.483623504638672 0.7992782592773438
vt 0.483623504638672 0.8344345092773438
vt 0.401592254638672 0.8344345092773438
vt 0.228515625 0.2919921875
vt 0.240234375 0.2919921875
vt 0.240234375 0.3271484375
vt 0.228515625 0.3271484375
vt 0.017578125 0.8544921875
vt 0.099609375 0.8544921875
vt 0.099609375 0.8896484375
vt 0.017578125 0.8896484375
vt 0.240234375 0.2919921875
vt 0.251953125 0.2919921875
vt 0.251953125 0.3271484375
vt 0.240234375 0.3271484375
vt 0.263671875 0.3623046875
vt 0.181640625 0.3623046875
vt 0.181640625 0.3505859375
vt 0.263671875 0.3505859375
vt 0.345703125 0.3505859375
vt 0.263671875 0.3505859375
vt 0.263671875 0.3623046875
vt 0.345703125 0.3623046875
vn 0 0 -1
vn 1 0 0
vn 0 0 1
vn -1 0 0
vn 0 1 0
vn 0 -1 0
usemtl m_7c4fd87a-d0f1-9ad7-7479-aa72dea38889
f 2977/8929/2233 2978/8930/2233 2979/8931/2233 2980/8932/2233
f 2981/8933/2234 2977/8934/2234 2980/8935/2234 2982/8936/2234
f 2983/8937/2235 2981/8938/2235 2982/8939/2235 2984/8940/2235
f 2978/8941/2236 2983/8942/2236 2984/8943/2236 2979/8944/2236
f 2984/8945/2237 2982/8946/2237 2980/8947/2237 2979/8948/2237
f 2978/8949/2238 2977/8950/2238 2981/8951/2238 2983/8952/2238
o cube
v -3 12 -0.09375
v -4.3125 12 -0.09375
v -4.3125 12.5625 -0.09375
v -3 12.5625 -0.09375
v -3 12 0.09375
v -3 12.5625 0.09375
v -4.3125 12 0.09375
v -4.3125 12.5625 0.09375
vt 0.401592254638672 0.6582412719726562
vt 0.483623504638672 0.6582412719726562
vt 0.483623504638672 0.6933975219726562
vt 0.401592254638672 0.6933975219726562
vt 0.251953125 0.2919921875
vt 0.263671875 0.2919921875
vt 0.263671875 0.3271484375
vt 0.251953125 0.3271484375
vt 0.017578125 0.7841796875
vt 0.099609375 0.7841796875
vt 0.099609375 0.8193359375
vt 0.017578125 0.8193359375
vt 0.263671875 0.2919921875
vt 0.275390625 0.2919921875
vt 0.275390625 0.3271484375
vt 0.263671875 0.3271484375
vt 0.099609375 0.3505859375
vt 0.017578125 0.3505859375
vt 0.017578125 0.3388671875
vt 0.099609375 0.3388671875
vt 0.181640625 0.3388671875
vt 0.099609375 0.3388671875
vt 0.099609375 0.3505859375
vt 0.181640625 0.3505859375
vn 0 0 -1
vn 1 0 0
vn 0 0 1
vn -1 0 0
vn 0 1 0
vn 0 -1 0
usemtl m_7c4fd87a-d0f1-9ad7-7479-aa72dea38889
f 2985/8953/2239 2986/8954/2239 2987/8955/2239 2988/8956/2239
f 2989/8957/2240 2985/8958/2240 2988/8959/2240 2990/8960/2240
f 2991/8961/2241 2989/8962/2241 2990/8963/2241 2992/8964/2241
f 2986/8965/2242 2991/8966/2242 2992/8967/2242 2987/8968/2242
f 2992/8969/2243 2990/8970/2243 2988/8971/2243 2987/8972/2243
f 2986/8973/2244 2985/8974/2244 2989/8975/2244 2991/8976/2244
o cube
v -3.75 12.75 -0.09375
v -5.0625 12.75 -0.09375
v -5.0625 13.3125 -0.09375
v -3.75 13.3125 -0.09375
v -3.75 12.75 0.09375
v -3.75 13.3125 0.09375
v -5.0625 12.75 0.09375
v -5.0625 13.3125 0.09375
vt 0.401592254638672 0.5172042846679688
vt 0.483623504638672 0.5172042846679688
vt 0.483623504638672 0.5523605346679688
vt 0.401592254638672 0.5523605346679688
vt 0.275390625 0.2919921875
vt 0.287109375 0.2919921875
vt 0.287109375 0.3271484375
vt 0.275390625 0.3271484375
vt 0.017578125 0.7138671875
vt 0.099609375 0.7138671875
vt 0.099609375 0.7490234375
vt 0.017578125 0.7490234375
vt 0.287109375 0.2919921875
vt 0.298828125 0.2919921875
vt 0.298828125 0.3271484375
vt 0.287109375 0.3271484375
vt 0.263671875 0.3505859375
vt 0.181640625 0.3505859375
vt 0.181640625 0.3388671875
vt 0.263671875 0.3388671875
vt 0.345703125 0.3388671875
vt 0.263671875 0.3388671875
vt 0.263671875 0.3505859375
vt 0.345703125 0.3505859375
vn 0 0 -1
vn 1 0 0
vn 0 0 1
vn -1 0 0
vn 0 1 0
vn 0 -1 0
usemtl m_7c4fd87a-d0f1-9ad7-7479-aa72dea38889
f 2993/8977/2245 2994/8978/2245 2995/8979/2245 2996/8980/2245
f 2997/8981/2246 2993/8982/2246 2996/8983/2246 2998/8984/2246
f 2999/8985/2247 2997/8986/2247 2998/8987/2247 3000/8988/2247
f 2994/8989/2248 2999/8990/2248 3000/8991/2248 2995/8992/2248
f 3000/8993/2249 2998/8994/2249 2996/8995/2249 2995/8996/2249
f 2994/8997/2250 2993/8998/2250 2997/8999/2250 2999/9000/2250
o cube
v -4.5 12 -0.09375
v -5.8125 12 -0.09375
v -5.8125 12.5625 -0.09375
v -4.5 12.5625 -0.09375
v -4.5 12 0.09375
v -4.5 12.5625 0.09375
v -5.8125 12 0.09375
v -5.8125 12.5625 0.09375
vt 0.401592254638672 0.37616729736328125
vt 0.483623504638672 0.37616729736328125
vt 0.483623504638672 0.41132354736328125
vt 0.401592254638672 0.41132354736328125
vt 0.298828125 0.2919921875
vt 0.310546875 0.2919921875
vt 0.310546875 0.3271484375
vt 0.298828125 0.3271484375
vt 0.017578125 0.6435546875
vt 0.099609375 0.6435546875
vt 0.099609375 0.6787109375
vt 0.017578125 0.6787109375
vt 0.310546875 0.2919921875
vt 0.322265625 0.2919921875
vt 0.322265625 0.3271484375
vt 0.310546875 0.3271484375
vt 0.380859375 0.6435546875
vt 0.298828125 0.6435546875
vt 0.298828125 0.6318359375
vt 0.380859375 0.6318359375
vt 0.380859375 0.6201171875
vt 0.298828125 0.6201171875
vt 0.298828125 0.6318359375
vt 0.380859375 0.6318359375
vn 0 0 -1
vn 1 0 0
vn 0 0 1
vn -1 0 0
vn 0 1 0
vn 0 -1 0
usemtl m_7c4fd87a-d0f1-9ad7-7479-aa72dea38889
f 3001/9001/2251 3002/9002/2251 3003/9003/2251 3004/9004/2251
f 3005/9005/2252 3001/9006/2252 3004/9007/2252 3006/9008/2252
f 3007/9009/2253 3005/9010/2253 3006/9011/2253 3008/9012/2253
f 3002/9013/2254 3007/9014/2254 3008/9015/2254 3003/9016/2254
f 3008/9017/2255 3006/9018/2255 3004/9019/2255 3003/9020/2255
f 3002/9021/2256 3001/9022/2256 3005/9023/2256 3007/9024/2256
o cube
v -2.25 12.75 -0.09375
v -3.5625 12.75 -0.09375
v -3.5625 13.3125 -0.09375
v -2.25 13.3125 -0.09375
v -2.25 12.75 0.09375
v -2.25 13.3125 0.09375
v -3.5625 12.75 0.09375
v -3.5625 13.3125 0.09375
vt 0.401592254638672 0.23513031005859375
vt 0.483623504638672 0.23513031005859375
vt 0.483623504638672 0.27028656005859375
vt 0.401592254638672 0.27028656005859375
vt 0.322265625 0.2919921875
vt 0.333984375 0.2919921875
vt 0.333984375 0.3271484375
vt 0.322265625 0.3271484375
vt 0.017578125 0.5732421875
vt 0.099609375 0.5732421875
vt 0.099609375 0.6083984375
vt 0.017578125 0.6083984375
vt 0.017578125 0.2802734375
vt 0.029296875 0.2802734375
vt 0.029296875 0.3154296875
vt 0.017578125 0.3154296875
vt 0.380859375 0.6201171875
vt 0.298828125 0.6201171875
vt 0.298828125 0.6083984375
vt 0.380859375 0.6083984375
vt 0.380859375 0.5966796875
vt 0.298828125 0.5966796875
vt 0.298828125 0.6083984375
vt 0.380859375 0.6083984375
vn 0 0 -1
vn 1 0 0
vn 0 0 1
vn -1 0 0
vn 0 1 0
vn 0 -1 0
usemtl m_7c4fd87a-d0f1-9ad7-7479-aa72dea38889
f 3009/9025/2257 3010/9026/2257 3011/9027/2257 3012/9028/2257
f 3013/9029/2258 3009/9030/2258 3012/9031/2258 3014/9032/2258
f 3015/9033/2259 3013/9034/2259 3014/9035/2259 3016/9036/2259
f 3010/9037/2260 3015/9038/2260 3016/9039/2260 3011/9040/2260
f 3016/9041/2261 3014/9042/2261 3012/9043/2261 3011/9044/2261
f 3010/9045/2262 3009/9046/2262 3013/9047/2262 3015/9048/2262
o cube
v -0.75 12.75 -0.09375
v -2.0625 12.75 -0.09375
v -2.0625 13.3125 -0.09375
v -0.75 13.3125 -0.09375
v -0.75 12.75 0.09375
v -0.75 13.3125 0.09375
v -2.0625 12.75 0.09375
v -2.0625 13.3125 0.09375
vt 0.401592254638672 0.09409332275390625
vt 0.483623504638672 0.09409332275390625
vt 0.483623504638672 0.12924957275390625
vt 0.401592254638672 0.12924957275390625
vt 0.029296875 0.2802734375
vt 0.041015625 0.2802734375
vt 0.041015625 0.3154296875
vt 0.029296875 0.3154296875
vt 0.099609375 0.9599609375
vt 0.181640625 0.9599609375
vt 0.181640625 0.9951171875
vt 0.099609375 0.9951171875
vt 0.041015625 0.2802734375
vt 0.052734375 0.2802734375
vt 0.052734375 0.3154296875
vt 0.041015625 0.3154296875
vt 0.380859375 0.5966796875
vt 0.298828125 0.5966796875
vt 0.298828125 0.5849609375
vt 0.380859375 0.5849609375
vt 0.380859375 0.5732421875
vt 0.298828125 0.5732421875
vt 0.298828125 0.5849609375
vt 0.380859375 0.5849609375
vn 0 0 -1
vn 1 0 0
vn 0 0 1
vn -1 0 0
vn 0 1 0
vn 0 -1 0
usemtl m_7c4fd87a-d0f1-9ad7-7479-aa72dea38889
f 3017/9049/2263 3018/9050/2263 3019/9051/2263 3020/9052/2263
f 3021/9053/2264 3017/9054/2264 3020/9055/2264 3022/9056/2264
f 3023/9057/2265 3021/9058/2265 3022/9059/2265 3024/9060/2265
f 3018/9061/2266 3023/9062/2266 3024/9063/2266 3019/9064/2266
f 3024/9065/2267 3022/9066/2267 3020/9067/2267 3019/9068/2267
f 3018/9069/2268 3017/9070/2268 3021/9071/2268 3023/9072/2268
o cube
v 0 12.75 -0.09375
v -0.5625 12.75 -0.09375
v -0.5625 13.3125 -0.09375
v 0 13.3125 -0.09375
v 0 12.75 0.09375
v 0 13.3125 0.09375
v -0.5625 12.75 0.09375
v -0.5625 13.3125 0.09375
vt 0.5615921020507814 0.23513031005859375
vt 0.5967483520507814 0.23513031005859375
vt 0.5967483520507814 0.27028656005859375
vt 0.5615921020507814 0.27028656005859375
vt 0.052734375 0.2802734375
vt 0.064453125 0.2802734375
vt 0.064453125 0.3154296875
vt 0.052734375 0.3154296875
vt 0.263671875 0.5732421875
vt 0.298828125 0.5732421875
vt 0.298828125 0.6083984375
vt 0.263671875 0.6083984375
vt 0.064453125 0.2802734375
vt 0.076171875 0.2802734375
vt 0.076171875 0.3154296875
vt 0.064453125 0.3154296875
vt 0.111328125 0.3154296875
vt 0.076171875 0.3154296875
vt 0.076171875 0.3037109375
vt 0.111328125 0.3037109375
vt 0.146484375 0.3037109375
vt 0.111328125 0.3037109375
vt 0.111328125 0.3154296875
vt 0.146484375 0.3154296875
vn 0 0 -1
vn 1 0 0
vn 0 0 1
vn -1 0 0
vn 0 1 0
vn 0 -1 0
usemtl m_7c4fd87a-d0f1-9ad7-7479-aa72dea38889
f 3025/9073/2269 3026/9074/2269 3027/9075/2269 3028/9076/2269
f 3029/9077/2270 3025/9078/2270 3028/9079/2270 3030/9080/2270
f 3031/9081/2271 3029/9082/2271 3030/9083/2271 3032/9084/2271
f 3026/9085/2272 3031/9086/2272 3032/9087/2272 3027/9088/2272
f 3032/9089/2273 3030/9090/2273 3028/9091/2273 3027/9092/2273
f 3026/9093/2274 3025/9094/2274 3029/9095/2274 3031/9096/2274
o cube
v 0 13.5 -0.09375
v -1.3125 13.5 -0.09375
v -1.3125 14.0625 -0.09375
v 0 14.0625 -0.09375
v 0 13.5 0.09375
v 0 14.0625 0.09375
v -1.3125 13.5 0.09375
v -1.3125 14.0625 0.09375
vt 0.46793365478515636 0.8697967529296875
vt 0.5499649047851564 0.8697967529296875
vt 0.5499649047851564 0.9049530029296875
vt 0.46793365478515636 0.9049530029296875
vt 0.169921875 0.2802734375
vt 0.181640625 0.2802734375
vt 0.181640625 0.3154296875
vt 0.169921875 0.3154296875
vt 0.099609375 0.8896484375
vt 0.181640625 0.8896484375
vt 0.181640625 0.9248046875
vt 0.099609375 0.9248046875
vt 0.181640625 0.2802734375
vt 0.193359375 0.2802734375
vt 0.193359375 0.3154296875
vt 0.181640625 0.3154296875
vt 0.380859375 0.5732421875
vt 0.298828125 0.5732421875
vt 0.298828125 0.5615234375
vt 0.380859375 0.5615234375
vt 0.380859375 0.5498046875
vt 0.298828125 0.5498046875
vt 0.298828125 0.5615234375
vt 0.380859375 0.5615234375
vn 0 0 -1
vn 1 0 0
vn 0 0 1
vn -1 0 0
vn 0 1 0
vn 0 -1 0
usemtl m_7c4fd87a-d0f1-9ad7-7479-aa72dea38889
f 3033/9097/2275 3034/9098/2275 3035/9099/2275 3036/9100/2275
f 3037/9101/2276 3033/9102/2276 3036/9103/2276 3038/9104/2276
f 3039/9105/2277 3037/9106/2277 3038/9107/2277 3040/9108/2277
f 3034/9109/2278 3039/9110/2278 3040/9111/2278 3035/9112/2278
f 3040/9113/2279 3038/9114/2279 3036/9115/2279 3035/9116/2279
f 3034/9117/2280 3033/9118/2280 3037/9119/2280 3039/9120/2280
o cube
v -1.5 13.5 -0.09375
v -2.8125 13.5 -0.09375
v -2.8125 14.0625 -0.09375
v -1.5 14.0625 -0.09375
v -1.5 13.5 0.09375
v -1.5 14.0625 0.09375
v -2.8125 13.5 0.09375
v -2.8125 14.0625 0.09375
vt 0.46793365478515636 0.728759765625
vt 0.5499649047851564 0.728759765625
vt 0.5499649047851564 0.763916015625
vt 0.46793365478515636 0.763916015625
vt 0.193359375 0.2802734375
vt 0.205078125 0.2802734375
vt 0.205078125 0.3154296875
vt 0.193359375 0.3154296875
vt 0.099609375 0.8193359375
vt 0.181640625 0.8193359375
vt 0.181640625 0.8544921875
vt 0.099609375 0.8544921875
vt 0.333984375 0.2919921875
vt 0.345703125 0.2919921875
vt 0.345703125 0.3271484375
vt 0.333984375 0.3271484375
vt 0.380859375 0.5498046875
vt 0.298828125 0.5498046875
vt 0.298828125 0.5380859375
vt 0.380859375 0.5380859375
vt 0.380859375 0.5263671875
vt 0.298828125 0.5263671875
vt 0.298828125 0.5380859375
vt 0.380859375 0.5380859375
vn 0 0 -1
vn 1 0 0
vn 0 0 1
vn -1 0 0
vn 0 1 0
vn 0 -1 0
usemtl m_7c4fd87a-d0f1-9ad7-7479-aa72dea38889
f 3041/9121/2281 3042/9122/2281 3043/9123/2281 3044/9124/2281
f 3045/9125/2282 3041/9126/2282 3044/9127/2282 3046/9128/2282
f 3047/9129/2283 3045/9130/2283 3046/9131/2283 3048/9132/2283
f 3042/9133/2284 3047/9134/2284 3048/9135/2284 3043/9136/2284
f 3048/9137/2285 3046/9138/2285 3044/9139/2285 3043/9140/2285
f 3042/9141/2286 3041/9142/2286 3045/9143/2286 3047/9144/2286
o cube
v -3 13.5 -0.09375
v -4.3125 13.5 -0.09375
v -4.3125 14.0625 -0.09375
v -3 14.0625 -0.09375
v -3 13.5 0.09375
v -3 14.0625 0.09375
v -4.3125 13.5 0.09375
v -4.3125 14.0625 0.09375
vt 0.46793365478515636 0.5877227783203125
vt 0.5499649047851564 0.5877227783203125
vt 0.5499649047851564 0.6228790283203125
vt 0.46793365478515636 0.6228790283203125
vt 0.076171875 0.2685546875
vt 0.087890625 0.2685546875
vt 0.087890625 0.3037109375
vt 0.076171875 0.3037109375
vt 0.099609375 0.7490234375
vt 0.181640625 0.7490234375
vt 0.181640625 0.7841796875
vt 0.099609375 0.7841796875
vt 0.087890625 0.2685546875
vt 0.099609375 0.2685546875
vt 0.099609375 0.3037109375
vt 0.087890625 0.3037109375
vt 0.380859375 0.5263671875
vt 0.298828125 0.5263671875
vt 0.298828125 0.5146484375
vt 0.380859375 0.5146484375
vt 0.380859375 0.5029296875
vt 0.298828125 0.5029296875
vt 0.298828125 0.5146484375
vt 0.380859375 0.5146484375
vn 0 0 -1
vn 1 0 0
vn 0 0 1
vn -1 0 0
vn 0 1 0
vn 0 -1 0
usemtl m_7c4fd87a-d0f1-9ad7-7479-aa72dea38889
f 3049/9145/2287 3050/9146/2287 3051/9147/2287 3052/9148/2287
f 3053/9149/2288 3049/9150/2288 3052/9151/2288 3054/9152/2288
f 3055/9153/2289 3053/9154/2289 3054/9155/2289 3056/9156/2289
f 3050/9157/2290 3055/9158/2290 3056/9159/2290 3051/9160/2290
f 3056/9161/2291 3054/9162/2291 3052/9163/2291 3051/9164/2291
f 3050/9165/2292 3049/9166/2292 3053/9167/2292 3055/9168/2292
o cube
v -4.5 13.5 -0.09375
v -5.8125 13.5 -0.09375
v -5.8125 14.0625 -0.09375
v -4.5 14.0625 -0.09375
v -4.5 13.5 0.09375
v -4.5 14.0625 0.09375
v -5.8125 13.5 0.09375
v -5.8125 14.0625 0.09375
vt 0.46793365478515636 0.446685791015625
vt 0.5499649047851564 0.446685791015625
vt 0.5499649047851564 0.481842041015625
vt 0.46793365478515636 0.481842041015625
vt 0.099609375 0.2685546875
vt 0.111328125 0.2685546875
vt 0.111328125 0.3037109375
vt 0.099609375 0.3037109375
vt 0.099609375 0.6787109375
vt 0.181640625 0.6787109375
vt 0.181640625 0.7138671875
vt 0.099609375 0.7138671875
vt 0.111328125 0.2685546875
vt 0.123046875 0.2685546875
vt 0.123046875 0.3037109375
vt 0.111328125 0.3037109375
vt 0.380859375 0.5029296875
vt 0.298828125 0.5029296875
vt 0.298828125 0.4912109375
vt 0.380859375 0.4912109375
vt 0.380859375 0.4794921875
vt 0.298828125 0.4794921875
vt 0.298828125 0.4912109375
vt 0.380859375 0.4912109375
vn 0 0 -1
vn 1 0 0
vn 0 0 1
vn -1 0 0
vn 0 1 0
vn 0 -1 0
usemtl m_7c4fd87a-d0f1-9ad7-7479-aa72dea38889
f 3057/9169/2293 3058/9170/2293 3059/9171/2293 3060/9172/2293
f 3061/9173/2294 3057/9174/2294 3060/9175/2294 3062/9176/2294
f 3063/9177/2295 3061/9178/2295 3062/9179/2295 3064/9180/2295
f 3058/9181/2296 3063/9182/2296 3064/9183/2296 3059/9184/2296
f 3064/9185/2297 3062/9186/2297 3060/9187/2297 3059/9188/2297
f 3058/9189/2298 3057/9190/2298 3061/9191/2298 3063/9192/2298
o cube
v -5.25 14.25 -0.09375
v -6 14.25 -0.09375
v -6 14.8125 -0.09375
v -5.25 14.8125 -0.09375
v -5.25 14.25 0.09375
v -5.25 14.8125 0.09375
v -6 14.25 0.09375
v -6 14.8125 0.09375
vt 0.5381774902343751 0.6582412719726562
vt 0.5850524902343751 0.6582412719726562
vt 0.5850524902343751 0.6933975219726562
vt 0.5381774902343751 0.6933975219726562
vt 0.123046875 0.2685546875
vt 0.134765625 0.2685546875
vt 0.134765625 0.3037109375
vt 0.123046875 0.3037109375
vt 0.263671875 0.7841796875
vt 0.310546875 0.7841796875
vt 0.310546875 0.8193359375
vt 0.263671875 0.8193359375
vt 0.134765625 0.2685546875
vt 0.146484375 0.2685546875
vt 0.146484375 0.3037109375
vt 0.134765625 0.3037109375
vt 0.357421875 0.6669921875
vt 0.310546875 0.6669921875
vt 0.310546875 0.6552734375
vt 0.357421875 0.6552734375
vt 0.357421875 0.6435546875
vt 0.310546875 0.6435546875
vt 0.310546875 0.6552734375
vt 0.357421875 0.6552734375
vn 0 0 -1
vn 1 0 0
vn 0 0 1
vn -1 0 0
vn 0 1 0
vn 0 -1 0
usemtl m_7c4fd87a-d0f1-9ad7-7479-aa72dea38889
f 3065/9193/2299 3066/9194/2299 3067/9195/2299 3068/9196/2299
f 3069/9197/2300 3065/9198/2300 3068/9199/2300 3070/9200/2300
f 3071/9201/2301 3069/9202/2301 3070/9203/2301 3072/9204/2301
f 3066/9205/2302 3071/9206/2302 3072/9207/2302 3067/9208/2302
f 3072/9209/2303 3070/9210/2303 3068/9211/2303 3067/9212/2303
f 3066/9213/2304 3065/9214/2304 3069/9215/2304 3071/9216/2304
o cube
v -3.75 14.25 -0.09375
v -5.0625 14.25 -0.09375
v -5.0625 14.8125 -0.09375
v -3.75 14.8125 -0.09375
v -3.75 14.25 0.09375
v -3.75 14.8125 0.09375
v -5.0625 14.25 0.09375
v -5.0625 14.8125 0.09375
vt 0.46793365478515636 0.3056488037109375
vt 0.5499649047851564 0.3056488037109375
vt 0.5499649047851564 0.3408050537109375
vt 0.46793365478515636 0.3408050537109375
vt 0.345703125 0.9599609375
vt 0.357421875 0.9599609375
vt 0.357421875 0.9951171875
vt 0.345703125 0.9951171875
vt 0.099609375 0.6083984375
vt 0.181640625 0.6083984375
vt 0.181640625 0.6435546875
vt 0.099609375 0.6435546875
vt 0.345703125 0.9248046875
vt 0.357421875 0.9248046875
vt 0.357421875 0.9599609375
vt 0.345703125 0.9599609375
vt 0.380859375 0.4794921875
vt 0.298828125 0.4794921875
vt 0.298828125 0.4677734375
vt 0.380859375 0.4677734375
vt 0.380859375 0.4560546875
vt 0.298828125 0.4560546875
vt 0.298828125 0.4677734375
vt 0.380859375 0.4677734375
vn 0 0 -1
vn 1 0 0
vn 0 0 1
vn -1 0 0
vn 0 1 0
vn 0 -1 0
usemtl m_7c4fd87a-d0f1-9ad7-7479-aa72dea38889
f 3073/9217/2305 3074/9218/2305 3075/9219/2305 3076/9220/2305
f 3077/9221/2306 3073/9222/2306 3076/9223/2306 3078/9224/2306
f 3079/9225/2307 3077/9226/2307 3078/9227/2307 3080/9228/2307
f 3074/9229/2308 3079/9230/2308 3080/9231/2308 3075/9232/2308
f 3080/9233/2309 3078/9234/2309 3076/9235/2309 3075/9236/2309
f 3074/9237/2310 3073/9238/2310 3077/9239/2310 3079/9240/2310
o cube
v -2.25 14.25 -0.09375
v -3.5625 14.25 -0.09375
v -3.5625 14.8125 -0.09375
v -2.25 14.8125 -0.09375
v -2.25 14.25 0.09375
v -2.25 14.8125 0.09375
v -3.5625 14.25 0.09375
v -3.5625 14.8125 0.09375
vt 0.46793365478515636 0.16461181640625
vt 0.5499649047851564 0.16461181640625
vt 0.5499649047851564 0.19976806640625
vt 0.46793365478515636 0.19976806640625
vt 0.345703125 0.3271484375
vt 0.357421875 0.3271484375
vt 0.357421875 0.3623046875
vt 0.345703125 0.3623046875
vt 0.099609375 0.5380859375
vt 0.181640625 0.5380859375
vt 0.181640625 0.5732421875
vt 0.099609375 0.5732421875
vt 0.345703125 0.2919921875
vt 0.357421875 0.2919921875
vt 0.357421875 0.3271484375
vt 0.345703125 0.3271484375
vt 0.380859375 0.4560546875
vt 0.298828125 0.4560546875
vt 0.298828125 0.4443359375
vt 0.380859375 0.4443359375
vt 0.380859375 0.4326171875
vt 0.298828125 0.4326171875
vt 0.298828125 0.4443359375
vt 0.380859375 0.4443359375
vn 0 0 -1
vn 1 0 0
vn 0 0 1
vn -1 0 0
vn 0 1 0
vn 0 -1 0
usemtl m_7c4fd87a-d0f1-9ad7-7479-aa72dea38889
f 3081/9241/2311 3082/9242/2311 3083/9243/2311 3084/9244/2311
f 3085/9245/2312 3081/9246/2312 3084/9247/2312 3086/9248/2312
f 3087/9249/2313 3085/9250/2313 3086/9251/2313 3088/9252/2313
f 3082/9253/2314 3087/9254/2314 3088/9255/2314 3083/9256/2314
f 3088/9257/2315 3086/9258/2315 3084/9259/2315 3083/9260/2315
f 3082/9261/2316 3081/9262/2316 3085/9263/2316 3087/9264/2316
o cube
v -0.75 14.25 -0.09375
v -2.0625 14.25 -0.09375
v -2.0625 14.8125 -0.09375
v -0.75 14.8125 -0.09375
v -0.75 14.25 0.09375
v -0.75 14.8125 0.09375
v -2.0625 14.25 0.09375
v -2.0625 14.8125 0.09375
vt 0.401592254638672 0.04708099365234375
vt 0.483623504638672 0.04708099365234375
vt 0.483623504638672 0.08223724365234375
vt 0.401592254638672 0.08223724365234375
vt 0.205078125 0.2568359375
vt 0.216796875 0.2568359375
vt 0.216796875 0.2919921875
vt 0.205078125 0.2919921875
vt 0.099609375 0.5029296875
vt 0.181640625 0.5029296875
vt 0.181640625 0.5380859375
vt 0.099609375 0.5380859375
vt 0.216796875 0.2568359375
vt 0.228515625 0.2568359375
vt 0.228515625 0.2919921875
vt 0.216796875 0.2919921875
vt 0.380859375 0.4326171875
vt 0.298828125 0.4326171875
vt 0.298828125 0.4208984375
vt 0.380859375 0.4208984375
vt 0.380859375 0.4091796875
vt 0.298828125 0.4091796875
vt 0.298828125 0.4208984375
vt 0.380859375 0.4208984375
vn 0 0 -1
vn 1 0 0
vn 0 0 1
vn -1 0 0
vn 0 1 0
vn 0 -1 0
usemtl m_7c4fd87a-d0f1-9ad7-7479-aa72dea38889
f 3089/9265/2317 3090/9266/2317 3091/9267/2317 3092/9268/2317
f 3093/9269/2318 3089/9270/2318 3092/9271/2318 3094/9272/2318
f 3095/9273/2319 3093/9274/2319 3094/9275/2319 3096/9276/2319
f 3090/9277/2320 3095/9278/2320 3096/9279/2320 3091/9280/2320
f 3096/9281/2321 3094/9282/2321 3092/9283/2321 3091/9284/2321
f 3090/9285/2322 3089/9286/2322 3093/9287/2322 3095/9288/2322
o cube
v 0 14.25 -0.09375
v -0.5625 14.25 -0.09375
v -0.5625 14.8125 -0.09375
v 0 14.8125 -0.09375
v 0 14.25 0.09375
v 0 14.8125 0.09375
v -0.5625 14.25 0.09375
v -0.5625 14.8125 0.09375
vt 0.5615921020507814 0.09409332275390625
vt 0.5967483520507814 0.09409332275390625
vt 0.5967483520507814 0.12924957275390625
vt 0.5615921020507814 0.12924957275390625
vt 0.228515625 0.2568359375
vt 0.240234375 0.2568359375
vt 0.240234375 0.2919921875
vt 0.228515625 0.2919921875
vt 0.263671875 0.5029296875
vt 0.298828125 0.5029296875
vt 0.298828125 0.5380859375
vt 0.263671875 0.5380859375
vt 0.240234375 0.2568359375
vt 0.251953125 0.2568359375
vt 0.251953125 0.2919921875
vt 0.240234375 0.2919921875
vt 0.287109375 0.2919921875
vt 0.251953125 0.2919921875
vt 0.251953125 0.2802734375
vt 0.287109375 0.2802734375
vt 0.322265625 0.2802734375
vt 0.287109375 0.2802734375
vt 0.287109375 0.2919921875
vt 0.322265625 0.2919921875
vn 0 0 -1
vn 1 0 0
vn 0 0 1
vn -1 0 0
vn 0 1 0
vn 0 -1 0
usemtl m_7c4fd87a-d0f1-9ad7-7479-aa72dea38889
f 3097/9289/2323 3098/9290/2323 3099/9291/2323 3100/9292/2323
f 3101/9293/2324 3097/9294/2324 3100/9295/2324 3102/9296/2324
f 3103/9297/2325 3101/9298/2325 3102/9299/2325 3104/9300/2325
f 3098/9301/2326 3103/9302/2326 3104/9303/2326 3099/9304/2326
f 3104/9305/2327 3102/9306/2327 3100/9307/2327 3099/9308/2327
f 3098/9309/2328 3097/9310/2328 3101/9311/2328 3103/9312/2328
o cube
v -4.5 15 -0.09375
v -5.8125 15 -0.09375
v -5.8125 15.5625 -0.09375
v -4.5 15.5625 -0.09375
v -4.5 15 0.09375
v -4.5 15.5625 0.09375
v -5.8125 15 0.09375
v -5.8125 15.5625 0.09375
vt 0.401592254638672 0.04708099365234375
vt 0.483623504638672 0.04708099365234375
vt 0.483623504638672 0.08223724365234375
vt 0.401592254638672 0.08223724365234375
vt 0.322265625 0.2568359375
vt 0.333984375 0.2568359375
vt 0.333984375 0.2919921875
vt 0.322265625 0.2919921875
vt 0.099609375 0.4677734375
vt 0.181640625 0.4677734375
vt 0.181640625 0.5029296875
vt 0.099609375 0.5029296875
vt 0.333984375 0.2568359375
vt 0.345703125 0.2568359375
vt 0.345703125 0.2919921875
vt 0.333984375 0.2919921875
vt 0.380859375 0.4091796875
vt 0.298828125 0.4091796875
vt 0.298828125 0.3974609375
vt 0.380859375 0.3974609375
vt 0.380859375 0.3857421875
vt 0.298828125 0.3857421875
vt 0.298828125 0.3974609375
vt 0.380859375 0.3974609375
vn 0 0 -1
vn 1 0 0
vn 0 0 1
vn -1 0 0
vn 0 1 0
vn 0 -1 0
usemtl m_7c4fd87a-d0f1-9ad7-7479-aa72dea38889
f 3105/9313/2329 3106/9314/2329 3107/9315/2329 3108/9316/2329
f 3109/9317/2330 3105/9318/2330 3108/9319/2330 3110/9320/2330
f 3111/9321/2331 3109/9322/2331 3110/9323/2331 3112/9324/2331
f 3106/9325/2332 3111/9326/2332 3112/9327/2332 3107/9328/2332
f 3112/9329/2333 3110/9330/2333 3108/9331/2333 3107/9332/2333
f 3106/9333/2334 3105/9334/2334 3109/9335/2334 3111/9336/2334
o cube
v -3 15 -0.09375
v -4.3125 15 -0.09375
v -4.3125 15.5625 -0.09375
v -3 15.5625 -0.09375
v -3 15 0.09375
v -3 15.5625 0.09375
v -4.3125 15 0.09375
v -4.3125 15.5625 0.09375
vt 0.401592254638672 0.04708099365234375
vt 0.483623504638672 0.04708099365234375
vt 0.483623504638672 0.08223724365234375
vt 0.401592254638672 0.08223724365234375
vt 0.345703125 0.2568359375
vt 0.357421875 0.2568359375
vt 0.357421875 0.2919921875
vt 0.345703125 0.2919921875
vt 0.099609375 0.4326171875
vt 0.181640625 0.4326171875
vt 0.181640625 0.4677734375
vt 0.099609375 0.4677734375
vt 0.357421875 0.9599609375
vt 0.369140625 0.9599609375
vt 0.369140625 0.9951171875
vt 0.357421875 0.9951171875
vt 0.380859375 0.3857421875
vt 0.298828125 0.3857421875
vt 0.298828125 0.3740234375
vt 0.380859375 0.3740234375
vt 0.380859375 0.3623046875
vt 0.298828125 0.3623046875
vt 0.298828125 0.3740234375
vt 0.380859375 0.3740234375
vn 0 0 -1
vn 1 0 0
vn 0 0 1
vn -1 0 0
vn 0 1 0
vn 0 -1 0
usemtl m_7c4fd87a-d0f1-9ad7-7479-aa72dea38889
f 3113/9337/2335 3114/9338/2335 3115/9339/2335 3116/9340/2335
f 3117/9341/2336 3113/9342/2336 3116/9343/2336 3118/9344/2336
f 3119/9345/2337 3117/9346/2337 3118/9347/2337 3120/9348/2337
f 3114/9349/2338 3119/9350/2338 3120/9351/2338 3115/9352/2338
f 3120/9353/2339 3118/9354/2339 3116/9355/2339 3115/9356/2339
f 3114/9357/2340 3113/9358/2340 3117/9359/2340 3119/9360/2340
o cube
v -1.5 15 -0.09375
v -2.8125 15 -0.09375
v -2.8125 15.5625 -0.09375
v -1.5 15.5625 -0.09375
v -1.5 15 0.09375
v -1.5 15.5625 0.09375
v -2.8125 15 0.09375
v -2.8125 15.5625 0.09375
vt 0.46793365478515636 0.9403152465820312
vt 0.5499649047851564 0.9403152465820312
vt 0.5499649047851564 0.9754714965820312
vt 0.46793365478515636 0.9754714965820312
vt 0.357421875 0.9248046875
vt 0.369140625 0.9248046875
vt 0.369140625 0.9599609375
vt 0.357421875 0.9599609375
vt 0.181640625 0.9248046875
vt 0.263671875 0.9248046875
vt 0.263671875 0.9599609375
vt 0.181640625 0.9599609375
vt 0.357421875 0.6552734375
vt 0.369140625 0.6552734375
vt 0.369140625 0.6904296875
vt 0.357421875 0.6904296875
vt 0.099609375 0.3388671875
vt 0.017578125 0.3388671875
vt 0.017578125 0.3271484375
vt 0.099609375 0.3271484375
vt 0.181640625 0.3271484375
vt 0.099609375 0.3271484375
vt 0.099609375 0.3388671875
vt 0.181640625 0.3388671875
vn 0 0 -1
vn 1 0 0
vn 0 0 1
vn -1 0 0
vn 0 1 0
vn 0 -1 0
usemtl m_7c4fd87a-d0f1-9ad7-7479-aa72dea38889
f 3121/9361/2341 3122/9362/2341 3123/9363/2341 3124/9364/2341
f 3125/9365/2342 3121/9366/2342 3124/9367/2342 3126/9368/2342
f 3127/9369/2343 3125/9370/2343 3126/9371/2343 3128/9372/2343
f 3122/9373/2344 3127/9374/2344 3128/9375/2344 3123/9376/2344
f 3128/9377/2345 3126/9378/2345 3124/9379/2345 3123/9380/2345
f 3122/9381/2346 3121/9382/2346 3125/9383/2346 3127/9384/2346
o cube
v 0 15 -0.09375
v -1.3125 15 -0.09375
v -1.3125 15.5625 -0.09375
v 0 15.5625 -0.09375
v 0 15 0.09375
v 0 15.5625 0.09375
v -1.3125 15 0.09375
v -1.3125 15.5625 0.09375
vt 0.46793365478515636 0.7992782592773438
vt 0.5499649047851564 0.7992782592773438
vt 0.5499649047851564 0.8344345092773438
vt 0.46793365478515636 0.8344345092773438
vt 0.357421875 0.3271484375
vt 0.369140625 0.3271484375
vt 0.369140625 0.3623046875
vt 0.357421875 0.3623046875
vt 0.181640625 0.8544921875
vt 0.263671875 0.8544921875
vt 0.263671875 0.8896484375
vt 0.181640625 0.8896484375
vt 0.357421875 0.2919921875
vt 0.369140625 0.2919921875
vt 0.369140625 0.3271484375
vt 0.357421875 0.3271484375
vt 0.263671875 0.3388671875
vt 0.181640625 0.3388671875
vt 0.181640625 0.3271484375
vt 0.263671875 0.3271484375
vt 0.345703125 0.3271484375
vt 0.263671875 0.3271484375
vt 0.263671875 0.3388671875
vt 0.345703125 0.3388671875
vn 0 0 -1
vn 1 0 0
vn 0 0 1
vn -1 0 0
vn 0 1 0
vn 0 -1 0
usemtl m_7c4fd87a-d0f1-9ad7-7479-aa72dea38889
f 3129/9385/2347 3130/9386/2347 3131/9387/2347 3132/9388/2347
f 3133/9389/2348 3129/9390/2348 3132/9391/2348 3134/9392/2348
f 3135/9393/2349 3133/9394/2349 3134/9395/2349 3136/9396/2349
f 3130/9397/2350 3135/9398/2350 3136/9399/2350 3131/9400/2350
f 3136/9401/2351 3134/9402/2351 3132/9403/2351 3131/9404/2351
f 3130/9405/2352 3129/9406/2352 3133/9407/2352 3135/9408/2352
o cube
v -5.25 15.75 -0.09375
v -6 15.75 -0.09375
v -6 16.3125 -0.09375
v -5.25 16.3125 -0.09375
v -5.25 15.75 0.09375
v -5.25 16.3125 0.09375
v -6 15.75 0.09375
v -6 16.3125 0.09375
vt 0.5381774902343751 0.5172042846679688
vt 0.5850524902343751 0.5172042846679688
vt 0.5850524902343751 0.5523605346679688
vt 0.5381774902343751 0.5523605346679688
vt 0.357421875 0.2568359375
vt 0.369140625 0.2568359375
vt 0.369140625 0.2919921875
vt 0.357421875 0.2919921875
vt 0.263671875 0.7138671875
vt 0.310546875 0.7138671875
vt 0.310546875 0.7490234375
vt 0.263671875 0.7490234375
vt 0.017578125 0.2451171875
vt 0.029296875 0.2451171875
vt 0.029296875 0.2802734375
vt 0.017578125 0.2802734375
vt 0.064453125 0.3271484375
vt 0.017578125 0.3271484375
vt 0.017578125 0.3154296875
vt 0.064453125 0.3154296875
vt 0.111328125 0.3154296875
vt 0.064453125 0.3154296875
vt 0.064453125 0.3271484375
vt 0.111328125 0.3271484375
vn 0 0 -1
vn 1 0 0
vn 0 0 1
vn -1 0 0
vn 0 1 0
vn 0 -1 0
usemtl m_7c4fd87a-d0f1-9ad7-7479-aa72dea38889
f 3137/9409/2353 3138/9410/2353 3139/9411/2353 3140/9412/2353
f 3141/9413/2354 3137/9414/2354 3140/9415/2354 3142/9416/2354
f 3143/9417/2355 3141/9418/2355 3142/9419/2355 3144/9420/2355
f 3138/9421/2356 3143/9422/2356 3144/9423/2356 3139/9424/2356
f 3144/9425/2357 3142/9426/2357 3140/9427/2357 3139/9428/2357
f 3138/9429/2358 3137/9430/2358 3141/9431/2358 3143/9432/2358
o cube
v -3.75 15.75 -0.09375
v -5.0625 15.75 -0.09375
v -5.0625 16.3125 -0.09375
v -3.75 16.3125 -0.09375
v -3.75 15.75 0.09375
v -3.75 16.3125 0.09375
v -5.0625 15.75 0.09375
v -5.0625 16.3125 0.09375
vt 0.12125396728515636 0.8057022094726562
vt 0.20328521728515636 0.8057022094726562
vt 0.20328521728515636 0.8408584594726562
vt 0.12125396728515636 0.8408584594726562
vt 0.029296875 0.2451171875
vt 0.041015625 0.2451171875
vt 0.041015625 0.2802734375
vt 0.029296875 0.2802734375
vt 0.181640625 0.7841796875
vt 0.263671875 0.7841796875
vt 0.263671875 0.8193359375
vt 0.181640625 0.8193359375
vt 0.041015625 0.2451171875
vt 0.052734375 0.2451171875
vt 0.052734375 0.2802734375
vt 0.041015625 0.2802734375
vt 0.392578125 0.9248046875
vt 0.310546875 0.9248046875
vt 0.310546875 0.9130859375
vt 0.392578125 0.9130859375
vt 0.392578125 0.9013671875
vt 0.310546875 0.9013671875
vt 0.310546875 0.9130859375
vt 0.392578125 0.9130859375
vn 0 0 -1
vn 1 0 0
vn 0 0 1
vn -1 0 0
vn 0 1 0
vn 0 -1 0
usemtl m_7c4fd87a-d0f1-9ad7-7479-aa72dea38889
f 3145/9433/2359 3146/9434/2359 3147/9435/2359 3148/9436/2359
f 3149/9437/2360 3145/9438/2360 3148/9439/2360 3150/9440/2360
f 3151/9441/2361 3149/9442/2361 3150/9443/2361 3152/9444/2361
f 3146/9445/2362 3151/9446/2362 3152/9447/2362 3147/9448/2362
f 3152/9449/2363 3150/9450/2363 3148/9451/2363 3147/9452/2363
f 3146/9453/2364 3145/9454/2364 3149/9455/2364 3151/9456/2364
o cube
v -2.25 15.75 -0.09375
v -3.5625 15.75 -0.09375
v -3.5625 16.3125 -0.09375
v -2.25 16.3125 -0.09375
v -2.25 15.75 0.09375
v -2.25 16.3125 0.09375
v -3.5625 15.75 0.09375
v -3.5625 16.3125 0.09375
vt 0.35172271728515636 0.21739959716796875
vt 0.43375396728515636 0.21739959716796875
vt 0.43375396728515636 0.25255584716796875
vt 0.35172271728515636 0.25255584716796875
vt 0.052734375 0.2451171875
vt 0.064453125 0.2451171875
vt 0.064453125 0.2802734375
vt 0.052734375 0.2802734375
vt 0.181640625 0.7138671875
vt 0.263671875 0.7138671875
vt 0.263671875 0.7490234375
vt 0.181640625 0.7490234375
vt 0.064453125 0.2451171875
vt 0.076171875 0.2451171875
vt 0.076171875 0.2802734375
vt 0.064453125 0.2802734375
vt 0.392578125 0.9013671875
vt 0.310546875 0.9013671875
vt 0.310546875 0.8896484375
vt 0.392578125 0.8896484375
vt 0.392578125 0.8779296875
vt 0.310546875 0.8779296875
vt 0.310546875 0.8896484375
vt 0.392578125 0.8896484375
vn 0 0 -1
vn 1 0 0
vn 0 0 1
vn -1 0 0
vn 0 1 0
vn 0 -1 0
usemtl m_7c4fd87a-d0f1-9ad7-7479-aa72dea38889
f 3153/9457/2365 3154/9458/2365 3155/9459/2365 3156/9460/2365
f 3157/9461/2366 3153/9462/2366 3156/9463/2366 3158/9464/2366
f 3159/9465/2367 3157/9466/2367 3158/9467/2367 3160/9468/2367
f 3154/9469/2368 3159/9470/2368 3160/9471/2368 3155/9472/2368
f 3160/9473/2369 3158/9474/2369 3156/9475/2369 3155/9476/2369
f 3154/9477/2370 3153/9478/2370 3157/9479/2370 3159/9480/2370
o cube
v -0.75 15.75 -0.09375
v -2.0625 15.75 -0.09375
v -2.0625 16.3125 -0.09375
v -0.75 16.3125 -0.09375
v -0.75 15.75 0.09375
v -0.75 16.3125 0.09375
v -2.0625 15.75 0.09375
v -2.0625 16.3125 0.09375
vt 0.5372695922851564 0.7287063598632812
vt 0.6193008422851564 0.7287063598632812
vt 0.6193008422851564 0.7638626098632812
vt 0.5372695922851564 0.7638626098632812
vt 0.146484375 0.2451171875
vt 0.158203125 0.2451171875
vt 0.158203125 0.2802734375
vt 0.146484375 0.2802734375
vt 0.181640625 0.6435546875
vt 0.263671875 0.6435546875
vt 0.263671875 0.6787109375
vt 0.181640625 0.6787109375
vt 0.158203125 0.2451171875
vt 0.169921875 0.2451171875
vt 0.169921875 0.2802734375
vt 0.158203125 0.2802734375
vt 0.392578125 0.8779296875
vt 0.310546875 0.8779296875
vt 0.310546875 0.8662109375
vt 0.392578125 0.8662109375
vt 0.392578125 0.8544921875
vt 0.310546875 0.8544921875
vt 0.310546875 0.8662109375
vt 0.392578125 0.8662109375
vn 0 0 -1
vn 1 0 0
vn 0 0 1
vn -1 0 0
vn 0 1 0
vn 0 -1 0
usemtl m_7c4fd87a-d0f1-9ad7-7479-aa72dea38889
f 3161/9481/2371 3162/9482/2371 3163/9483/2371 3164/9484/2371
f 3165/9485/2372 3161/9486/2372 3164/9487/2372 3166/9488/2372
f 3167/9489/2373 3165/9490/2373 3166/9491/2373 3168/9492/2373
f 3162/9493/2374 3167/9494/2374 3168/9495/2374 3163/9496/2374
f 3168/9497/2375 3166/9498/2375 3164/9499/2375 3163/9500/2375
f 3162/9501/2376 3161/9502/2376 3165/9503/2376 3167/9504/2376
o cube
v 0 15.75 -0.09375
v -0.5625 15.75 -0.09375
v -0.5625 16.3125 -0.09375
v 0 16.3125 -0.09375
v 0 15.75 0.09375
v 0 16.3125 0.09375
v -0.5625 15.75 0.09375
v -0.5625 16.3125 0.09375
vt 0.5615921020507814 0.04708099365234375
vt 0.5967483520507814 0.04708099365234375
vt 0.5967483520507814 0.08223724365234375
vt 0.5615921020507814 0.08223724365234375
vt 0.169921875 0.2451171875
vt 0.181640625 0.2451171875
vt 0.181640625 0.2802734375
vt 0.169921875 0.2802734375
vt 0.263671875 0.4326171875
vt 0.298828125 0.4326171875
vt 0.298828125 0.4677734375
vt 0.263671875 0.4677734375
vt 0.181640625 0.2451171875
vt 0.193359375 0.2451171875
vt 0.193359375 0.2802734375
vt 0.181640625 0.2802734375
vt 0.392578125 0.6552734375
vt 0.357421875 0.6552734375
vt 0.357421875 0.6435546875
vt 0.392578125 0.6435546875
vt 0.287109375 0.2685546875
vt 0.251953125 0.2685546875
vt 0.251953125 0.2802734375
vt 0.287109375 0.2802734375
vn 0 0 -1
vn 1 0 0
vn 0 0 1
vn -1 0 0
vn 0 1 0
vn 0 -1 0
usemtl m_7c4fd87a-d0f1-9ad7-7479-aa72dea38889
f 3169/9505/2377 3170/9506/2377 3171/9507/2377 3172/9508/2377
f 3173/9509/2378 3169/9510/2378 3172/9511/2378 3174/9512/2378
f 3175/9513/2379 3173/9514/2379 3174/9515/2379 3176/9516/2379
f 3170/9517/2380 3175/9518/2380 3176/9519/2380 3171/9520/2380
f 3176/9521/2381 3174/9522/2381 3172/9523/2381 3171/9524/2381
f 3170/9525/2382 3169/9526/2382 3173/9527/2382 3175/9528/2382
o cube
v -4.5 16.5 -0.09375
v -5.8125 16.5 -0.09375
v -5.8125 17.0625 -0.09375
v -4.5 17.0625 -0.09375
v -4.5 16.5 0.09375
v -4.5 17.0625 0.09375
v -5.8125 16.5 0.09375
v -5.8125 17.0625 0.09375
vt 0.46793365478515636 0.23513031005859375
vt 0.5499649047851564 0.23513031005859375
vt 0.5499649047851564 0.27028656005859375
vt 0.46793365478515636 0.27028656005859375
vt 0.193359375 0.2451171875
vt 0.205078125 0.2451171875
vt 0.205078125 0.2802734375
vt 0.193359375 0.2802734375
vt 0.181640625 0.5732421875
vt 0.263671875 0.5732421875
vt 0.263671875 0.6083984375
vt 0.181640625 0.6083984375
vt 0.287109375 0.2451171875
vt 0.298828125 0.2451171875
vt 0.298828125 0.2802734375
vt 0.287109375 0.2802734375
vt 0.392578125 0.8544921875
vt 0.310546875 0.8544921875
vt 0.310546875 0.8427734375
vt 0.392578125 0.8427734375
vt 0.392578125 0.8310546875
vt 0.310546875 0.8310546875
vt 0.310546875 0.8427734375
vt 0.392578125 0.8427734375
vn 0 0 -1
vn 1 0 0
vn 0 0 1
vn -1 0 0
vn 0 1 0
vn 0 -1 0
usemtl m_7c4fd87a-d0f1-9ad7-7479-aa72dea38889
f 3177/9529/2383 3178/9530/2383 3179/9531/2383 3180/9532/2383
f 3181/9533/2384 3177/9534/2384 3180/9535/2384 3182/9536/2384
f 3183/9537/2385 3181/9538/2385 3182/9539/2385 3184/9540/2385
f 3178/9541/2386 3183/9542/2386 3184/9543/2386 3179/9544/2386
f 3184/9545/2387 3182/9546/2387 3180/9547/2387 3179/9548/2387
f 3178/9549/2388 3177/9550/2388 3181/9551/2388 3183/9552/2388
o cube
v -3 16.5 -0.09375
v -4.3125 16.5 -0.09375
v -4.3125 17.0625 -0.09375
v -3 17.0625 -0.09375
v -3 16.5 0.09375
v -3 17.0625 0.09375
v -4.3125 16.5 0.09375
v -4.3125 17.0625 0.09375
vt 0.46793365478515636 0.09409332275390625
vt 0.5499649047851564 0.09409332275390625
vt 0.5499649047851564 0.12924957275390625
vt 0.46793365478515636 0.12924957275390625
vt 0.298828125 0.2451171875
vt 0.310546875 0.2451171875
vt 0.310546875 0.2802734375
vt 0.298828125 0.2802734375
vt 0.181640625 0.5029296875
vt 0.263671875 0.5029296875
vt 0.263671875 0.5380859375
vt 0.181640625 0.5380859375
vt 0.310546875 0.2451171875
vt 0.322265625 0.2451171875
vt 0.322265625 0.2802734375
vt 0.310546875 0.2802734375
vt 0.392578125 0.8310546875
vt 0.310546875 0.8310546875
vt 0.310546875 0.8193359375
vt 0.392578125 0.8193359375
vt 0.392578125 0.8076171875
vt 0.310546875 0.8076171875
vt 0.310546875 0.8193359375
vt 0.392578125 0.8193359375
vn 0 0 -1
vn 1 0 0
vn 0 0 1
vn -1 0 0
vn 0 1 0
vn 0 -1 0
usemtl m_7c4fd87a-d0f1-9ad7-7479-aa72dea38889
f 3185/9553/2389 3186/9554/2389 3187/9555/2389 3188/9556/2389
f 3189/9557/2390 3185/9558/2390 3188/9559/2390 3190/9560/2390
f 3191/9561/2391 3189/9562/2391 3190/9563/2391 3192/9564/2391
f 3186/9565/2392 3191/9566/2392 3192/9567/2392 3187/9568/2392
f 3192/9569/2393 3190/9570/2393 3188/9571/2393 3187/9572/2393
f 3186/9573/2394 3185/9574/2394 3189/9575/2394 3191/9576/2394
o cube
v -1.5 16.5 -0.09375
v -2.8125 16.5 -0.09375
v -2.8125 17.0625 -0.09375
v -1.5 17.0625 -0.09375
v -1.5 16.5 0.09375
v -1.5 17.0625 0.09375
v -2.8125 16.5 0.09375
v -2.8125 17.0625 0.09375
vt 0.46793365478515636 0.04708099365234375
vt 0.5499649047851564 0.04708099365234375
vt 0.5499649047851564 0.08223724365234375
vt 0.46793365478515636 0.08223724365234375
vt 0.369140625 0.9599609375
vt 0.380859375 0.9599609375
vt 0.380859375 0.9951171875
vt 0.369140625 0.9951171875
vt 0.181640625 0.4326171875
vt 0.263671875 0.4326171875
vt 0.263671875 0.4677734375
vt 0.181640625 0.4677734375
vt 0.369140625 0.9248046875
vt 0.380859375 0.9248046875
vt 0.380859375 0.9599609375
vt 0.369140625 0.9599609375
vt 0.392578125 0.8076171875
vt 0.310546875 0.8076171875
vt 0.310546875 0.7958984375
vt 0.392578125 0.7958984375
vt 0.392578125 0.7841796875
vt 0.310546875 0.7841796875
vt 0.310546875 0.7958984375
vt 0.392578125 0.7958984375
vn 0 0 -1
vn 1 0 0
vn 0 0 1
vn -1 0 0
vn 0 1 0
vn 0 -1 0
usemtl m_7c4fd87a-d0f1-9ad7-7479-aa72dea38889
f 3193/9577/2395 3194/9578/2395 3195/9579/2395 3196/9580/2395
f 3197/9581/2396 3193/9582/2396 3196/9583/2396 3198/9584/2396
f 3199/9585/2397 3197/9586/2397 3198/9587/2397 3200/9588/2397
f 3194/9589/2398 3199/9590/2398 3200/9591/2398 3195/9592/2398
f 3200/9593/2399 3198/9594/2399 3196/9595/2399 3195/9596/2399
f 3194/9597/2400 3193/9598/2400 3197/9599/2400 3199/9600/2400
o cube
v 0 16.5 -0.09375
v -1.3125 16.5 -0.09375
v -1.3125 17.0625 -0.09375
v 0 17.0625 -0.09375
v 0 16.5 0.09375
v 0 17.0625 0.09375
v -1.3125 16.5 0.09375
v -1.3125 17.0625 0.09375
vt 0.401592254638672 0.04708099365234375
vt 0.483623504638672 0.04708099365234375
vt 0.483623504638672 0.08223724365234375
vt 0.401592254638672 0.08223724365234375
vt 0.369140625 0.6552734375
vt 0.380859375 0.6552734375
vt 0.380859375 0.6904296875
vt 0.369140625 0.6904296875
vt 0.099609375 0.3974609375
vt 0.181640625 0.3974609375
vt 0.181640625 0.4326171875
vt 0.099609375 0.4326171875
vt 0.369140625 0.3271484375
vt 0.380859375 0.3271484375
vt 0.380859375 0.3623046875
vt 0.369140625 0.3623046875
vt 0.392578125 0.7841796875
vt 0.310546875 0.7841796875
vt 0.310546875 0.7724609375
vt 0.392578125 0.7724609375
vt 0.392578125 0.7607421875
vt 0.310546875 0.7607421875
vt 0.310546875 0.7724609375
vt 0.392578125 0.7724609375
vn 0 0 -1
vn 1 0 0
vn 0 0 1
vn -1 0 0
vn 0 1 0
vn 0 -1 0
usemtl m_7c4fd87a-d0f1-9ad7-7479-aa72dea38889
f 3201/9601/2401 3202/9602/2401 3203/9603/2401 3204/9604/2401
f 3205/9605/2402 3201/9606/2402 3204/9607/2402 3206/9608/2402
f 3207/9609/2403 3205/9610/2403 3206/9611/2403 3208/9612/2403
f 3202/9613/2404 3207/9614/2404 3208/9615/2404 3203/9616/2404
f 3208/9617/2405 3206/9618/2405 3204/9619/2405 3203/9620/2405
f 3202/9621/2406 3201/9622/2406 3205/9623/2406 3207/9624/2406
o cube
v -5.25 17.25 -0.09375
v -6 17.25 -0.09375
v -6 17.8125 -0.09375
v -5.25 17.8125 -0.09375
v -5.25 17.25 0.09375
v -5.25 17.8125 0.09375
v -6 17.25 0.09375
v -6 17.8125 0.09375
vt 0.5381774902343751 0.37616729736328125
vt 0.5850524902343751 0.37616729736328125
vt 0.5850524902343751 0.41132354736328125
vt 0.5381774902343751 0.41132354736328125
vt 0.369140625 0.2919921875
vt 0.380859375 0.2919921875
vt 0.380859375 0.3271484375
vt 0.369140625 0.3271484375
vt 0.263671875 0.6435546875
vt 0.310546875 0.6435546875
vt 0.310546875 0.6787109375
vt 0.263671875 0.6787109375
vt 0.369140625 0.2568359375
vt 0.380859375 0.2568359375
vt 0.380859375 0.2919921875
vt 0.369140625 0.2919921875
vt 0.158203125 0.3271484375
vt 0.111328125 0.3271484375
vt 0.111328125 0.3154296875
vt 0.158203125 0.3154296875
vt 0.205078125 0.3154296875
vt 0.158203125 0.3154296875
vt 0.158203125 0.3271484375
vt 0.205078125 0.3271484375
vn 0 0 -1
vn 1 0 0
vn 0 0 1
vn -1 0 0
vn 0 1 0
vn 0 -1 0
usemtl m_7c4fd87a-d0f1-9ad7-7479-aa72dea38889
f 3209/9625/2407 3210/9626/2407 3211/9627/2407 3212/9628/2407
f 3213/9629/2408 3209/9630/2408 3212/9631/2408 3214/9632/2408
f 3215/9633/2409 3213/9634/2409 3214/9635/2409 3216/9636/2409
f 3210/9637/2410 3215/9638/2410 3216/9639/2410 3211/9640/2410
f 3216/9641/2411 3214/9642/2411 3212/9643/2411 3211/9644/2411
f 3210/9645/2412 3209/9646/2412 3213/9647/2412 3215/9648/2412
o cube
v -3.75 17.25 -0.09375
v -5.0625 17.25 -0.09375
v -5.0625 17.8125 -0.09375
v -3.75 17.8125 -0.09375
v -3.75 17.25 0.09375
v -3.75 17.8125 0.09375
v -5.0625 17.25 0.09375
v -5.0625 17.8125 0.09375
vt 0.46793365478515636 0.04708099365234375
vt 0.5499649047851564 0.04708099365234375
vt 0.5499649047851564 0.08223724365234375
vt 0.46793365478515636 0.08223724365234375
vt 0.076171875 0.2333984375
vt 0.087890625 0.2333984375
vt 0.087890625 0.2685546875
vt 0.076171875 0.2685546875
vt 0.017578125 0.3623046875
vt 0.099609375 0.3623046875
vt 0.099609375 0.3974609375
vt 0.017578125 0.3974609375
vt 0.087890625 0.2333984375
vt 0.099609375 0.2333984375
vt 0.099609375 0.2685546875
vt 0.087890625 0.2685546875
vt 0.392578125 0.7607421875
vt 0.310546875 0.7607421875
vt 0.310546875 0.7490234375
vt 0.392578125 0.7490234375
vt 0.392578125 0.7373046875
vt 0.310546875 0.7373046875
vt 0.310546875 0.7490234375
vt 0.392578125 0.7490234375
vn 0 0 -1
vn 1 0 0
vn 0 0 1
vn -1 0 0
vn 0 1 0
vn 0 -1 0
usemtl m_7c4fd87a-d0f1-9ad7-7479-aa72dea38889
f 3217/9649/2413 3218/9650/2413 3219/9651/2413 3220/9652/2413
f 3221/9653/2414 3217/9654/2414 3220/9655/2414 3222/9656/2414
f 3223/9657/2415 3221/9658/2415 3222/9659/2415 3224/9660/2415
f 3218/9661/2416 3223/9662/2416 3224/9663/2416 3219/9664/2416
f 3224/9665/2417 3222/9666/2417 3220/9667/2417 3219/9668/2417
f 3218/9669/2418 3217/9670/2418 3221/9671/2418 3223/9672/2418
o cube
v -2.25 17.25 -0.09375
v -3.5625 17.25 -0.09375
v -3.5625 17.8125 -0.09375
v -2.25 17.8125 -0.09375
v -2.25 17.25 0.09375
v -2.25 17.8125 0.09375
v -3.5625 17.25 0.09375
v -3.5625 17.8125 0.09375
vt 0.46793365478515636 0.04708099365234375
vt 0.5499649047851564 0.04708099365234375
vt 0.5499649047851564 0.08223724365234375
vt 0.46793365478515636 0.08223724365234375
vt 0.099609375 0.2333984375
vt 0.111328125 0.2333984375
vt 0.111328125 0.2685546875
vt 0.099609375 0.2685546875
vt 0.181640625 0.3623046875
vt 0.263671875 0.3623046875
vt 0.263671875 0.3974609375
vt 0.181640625 0.3974609375
vt 0.111328125 0.2333984375
vt 0.123046875 0.2333984375
vt 0.123046875 0.2685546875
vt 0.111328125 0.2685546875
vt 0.392578125 0.7373046875
vt 0.310546875 0.7373046875
vt 0.310546875 0.7255859375
vt 0.392578125 0.7255859375
vt 0.392578125 0.7138671875
vt 0.310546875 0.7138671875
vt 0.310546875 0.7255859375
vt 0.392578125 0.7255859375
vn 0 0 -1
vn 1 0 0
vn 0 0 1
vn -1 0 0
vn 0 1 0
vn 0 -1 0
usemtl m_7c4fd87a-d0f1-9ad7-7479-aa72dea38889
f 3225/9673/2419 3226/9674/2419 3227/9675/2419 3228/9676/2419
f 3229/9677/2420 3225/9678/2420 3228/9679/2420 3230/9680/2420
f 3231/9681/2421 3229/9682/2421 3230/9683/2421 3232/9684/2421
f 3226/9685/2422 3231/9686/2422 3232/9687/2422 3227/9688/2422
f 3232/9689/2423 3230/9690/2423 3228/9691/2423 3227/9692/2423
f 3226/9693/2424 3225/9694/2424 3229/9695/2424 3231/9696/2424
o cube
v -0.75 17.25 -0.09375
v -2.0625 17.25 -0.09375
v -2.0625 17.8125 -0.09375
v -0.75 17.8125 -0.09375
v -0.75 17.25 0.09375
v -0.75 17.8125 0.09375
v -2.0625 17.25 0.09375
v -2.0625 17.8125 0.09375
vt 0.46793365478515636 0.9403152465820312
vt 0.5499649047851564 0.9403152465820312
vt 0.5499649047851564 0.9754714965820312
vt 0.46793365478515636 0.9754714965820312
vt 0.123046875 0.2333984375
vt 0.134765625 0.2333984375
vt 0.134765625 0.2685546875
vt 0.123046875 0.2685546875
vt 0.263671875 0.9248046875
vt 0.345703125 0.9248046875
vt 0.345703125 0.9599609375
vt 0.263671875 0.9599609375
vt 0.134765625 0.2333984375
vt 0.146484375 0.2333984375
vt 0.146484375 0.2685546875
vt 0.134765625 0.2685546875
vt 0.392578125 0.7138671875
vt 0.310546875 0.7138671875
vt 0.310546875 0.7021484375
vt 0.392578125 0.7021484375
vt 0.392578125 0.6904296875
vt 0.310546875 0.6904296875
vt 0.310546875 0.7021484375
vt 0.392578125 0.7021484375
vn 0 0 -1
vn 1 0 0
vn 0 0 1
vn -1 0 0
vn 0 1 0
vn 0 -1 0
usemtl m_7c4fd87a-d0f1-9ad7-7479-aa72dea38889
f 3233/9697/2425 3234/9698/2425 3235/9699/2425 3236/9700/2425
f 3237/9701/2426 3233/9702/2426 3236/9703/2426 3238/9704/2426
f 3239/9705/2427 3237/9706/2427 3238/9707/2427 3240/9708/2427
f 3234/9709/2428 3239/9710/2428 3240/9711/2428 3235/9712/2428
f 3240/9713/2429 3238/9714/2429 3236/9715/2429 3235/9716/2429
f 3234/9717/2430 3233/9718/2430 3237/9719/2430 3239/9720/2430
o cube
v 0 17.25 -0.09375
v -0.5625 17.25 -0.09375
v -0.5625 17.8125 -0.09375
v 0 17.8125 -0.09375
v 0 17.25 0.09375
v 0 17.8125 0.09375
v -0.5625 17.25 0.09375
v -0.5625 17.8125 0.09375
vt 0.5615921020507814 0.04708099365234375
vt 0.5967483520507814 0.04708099365234375
vt 0.5967483520507814 0.08223724365234375
vt 0.5615921020507814 0.08223724365234375
vt 0.251953125 0.2333984375
vt 0.263671875 0.2333984375
vt 0.263671875 0.2685546875
vt 0.251953125 0.2685546875
vt 0.263671875 0.3623046875
vt 0.298828125 0.3623046875
vt 0.298828125 0.3974609375
vt 0.263671875 0.3974609375
vt 0.263671875 0.2333984375
vt 0.275390625 0.2333984375
vt 0.275390625 0.2685546875
vt 0.263671875 0.2685546875
vt 0.416015625 0.9951171875
vt 0.380859375 0.9951171875
vt 0.380859375 0.9833984375
vt 0.416015625 0.9833984375
vt 0.416015625 0.9716796875
vt 0.380859375 0.9716796875
vt 0.380859375 0.9833984375
vt 0.416015625 0.9833984375
vn 0 0 -1
vn 1 0 0
vn 0 0 1
vn -1 0 0
vn 0 1 0
vn 0 -1 0
usemtl m_7c4fd87a-d0f1-9ad7-7479-aa72dea38889
f 3241/9721/2431 3242/9722/2431 3243/9723/2431 3244/9724/2431
f 3245/9725/2432 3241/9726/2432 3244/9727/2432 3246/9728/2432
f 3247/9729/2433 3245/9730/2433 3246/9731/2433 3248/9732/2433
f 3242/9733/2434 3247/9734/2434 3248/9735/2434 3243/9736/2434
f 3248/9737/2435 3246/9738/2435 3244/9739/2435 3243/9740/2435
f 3242/9741/2436 3241/9742/2436 3245/9743/2436 3247/9744/2436
o cube
v 0 12 0
v -6 12 0
v -6 18 0
v 0 18 0
v 0 12 0.15625
v 0 18 0.15625
v -6 12 0.15625
v -6 18 0.15625
vt 0 0.625
vt 0.375 0.625
vt 0.375 1
vt 0 1
vt 0.375 0.625
vt 0.384765625 0.625
vt 0.384765625 1
vt 0.375 1
vt 0 0.625
vt 0.375 0.625
vt 0.375 1
vt 0 1
vt 0.375 0.25
vt 0.384765625 0.25
vt 0.384765625 0.625
vt 0.375 0.625
vt 0.759765625 1
vt 0.384765625 1
vt 0.384765625 0.990234375
vt 0.759765625 0.990234375
vt 0.759765625 0.98046875
vt 0.384765625 0.98046875
vt 0.384765625 0.990234375
vt 0.759765625 0.990234375
vn 0 0 -1
vn 1 0 0
vn 0 0 1
vn -1 0 0
vn 0 1 0
vn 0 -1 0
usemtl m_7c4fd87a-d0f1-9ad7-7479-aa72dea38889
f 3249/9745/2437 3250/9746/2437 3251/9747/2437 3252/9748/2437
f 3253/9749/2438 3249/9750/2438 3252/9751/2438 3254/9752/2438
f 3255/9753/2439 3253/9754/2439 3254/9755/2439 3256/9756/2439
f 3250/9757/2440 3255/9758/2440 3256/9759/2440 3251/9760/2440
f 3256/9761/2441 3254/9762/2441 3252/9763/2441 3251/9764/2441
f 3250/9765/2442 3249/9766/2442 3253/9767/2442 3255/9768/2442
o cube
v -5.25 6.75 -0.09375
v -6 6.75 -0.09375
v -6 7.3125 -0.09375
v -5.25 7.3125 -0.09375
v -5.25 6.75 0.09375
v -5.25 7.3125 0.09375
v -6 6.75 0.09375
v -6 7.3125 0.09375
vt 0.5381774902343751 0.7992782592773438
vt 0.5850524902343751 0.7992782592773438
vt 0.5850524902343751 0.8344345092773438
vt 0.5381774902343751 0.8344345092773438
vt 0.146484375 0.2802734375
vt 0.158203125 0.2802734375
vt 0.158203125 0.3154296875
vt 0.146484375 0.3154296875
vt 0.263671875 0.8544921875
vt 0.310546875 0.8544921875
vt 0.310546875 0.8896484375
vt 0.263671875 0.8896484375
vt 0.158203125 0.2802734375
vt 0.169921875 0.2802734375
vt 0.169921875 0.3154296875
vt 0.158203125 0.3154296875
vt 0.357421875 0.6904296875
vt 0.310546875 0.6904296875
vt 0.310546875 0.6787109375
vt 0.357421875 0.6787109375
vt 0.357421875 0.6669921875
vt 0.310546875 0.6669921875
vt 0.310546875 0.6787109375
vt 0.357421875 0.6787109375
vn 0 0 -1
vn 1 0 0
vn 0 0 1
vn -1 0 0
vn 0 1 0
vn 0 -1 0
usemtl m_7c4fd87a-d0f1-9ad7-7479-aa72dea38889
f 3257/9769/2443 3258/9770/2443 3259/9771/2443 3260/9772/2443
f 3261/9773/2444 3257/9774/2444 3260/9775/2444 3262/9776/2444
f 3263/9777/2445 3261/9778/2445 3262/9779/2445 3264/9780/2445
f 3258/9781/2446 3263/9782/2446 3264/9783/2446 3259/9784/2446
f 3264/9785/2447 3262/9786/2447 3260/9787/2447 3259/9788/2447
f 3258/9789/2448 3257/9790/2448 3261/9791/2448 3263/9792/2448
o cube
v -1.5 6 -0.09375
v -2.8125 6 -0.09375
v -2.8125 6.5625 -0.09375
v -1.5 6.5625 -0.09375
v -1.5 6 0.09375
v -1.5 6.5625 0.09375
v -2.8125 6 0.09375
v -2.8125 6.5625 0.09375
vt 0.401592254638672 0.9403152465820312
vt 0.483623504638672 0.9403152465820312
vt 0.483623504638672 0.9754714965820312
vt 0.401592254638672 0.9754714965820312
vt 0.205078125 0.2919921875
vt 0.216796875 0.2919921875
vt 0.216796875 0.3271484375
vt 0.205078125 0.3271484375
vt 0.017578125 0.9248046875
vt 0.099609375 0.9248046875
vt 0.099609375 0.9599609375
vt 0.017578125 0.9599609375
vt 0.216796875 0.2919921875
vt 0.228515625 0.2919921875
vt 0.228515625 0.3271484375
vt 0.216796875 0.3271484375
vt 0.099609375 0.3623046875
vt 0.017578125 0.3623046875
vt 0.017578125 0.3505859375
vt 0.099609375 0.3505859375
vt 0.181640625 0.3505859375
vt 0.099609375 0.3505859375
vt 0.099609375 0.3623046875
vt 0.181640625 0.3623046875
vn 0 0 -1
vn 1 0 0
vn 0 0 1
vn -1 0 0
vn 0 1 0
vn 0 -1 0
usemtl m_7c4fd87a-d0f1-9ad7-7479-aa72dea38889
f 3265/9793/2449 3266/9794/2449 3267/9795/2449 3268/9796/2449
f 3269/9797/2450 3265/9798/2450 3268/9799/2450 3270/9800/2450
f 3271/9801/2451 3269/9802/2451 3270/9803/2451 3272/9804/2451
f 3266/9805/2452 3271/9806/2452 3272/9807/2452 3267/9808/2452
f 3272/9809/2453 3270/9810/2453 3268/9811/2453 3267/9812/2453
f 3266/9813/2454 3265/9814/2454 3269/9815/2454 3271/9816/2454
o cube
v 0 6 -0.09375
v -1.3125 6 -0.09375
v -1.3125 6.5625 -0.09375
v 0 6.5625 -0.09375
v 0 6 0.09375
v 0 6.5625 0.09375
v -1.3125 6 0.09375
v -1.3125 6.5625 0.09375
vt 0.401592254638672 0.7992782592773438
vt 0.483623504638672 0.7992782592773438
vt 0.483623504638672 0.8344345092773438
vt 0.401592254638672 0.8344345092773438
vt 0.228515625 0.2919921875
vt 0.240234375 0.2919921875
vt 0.240234375 0.3271484375
vt 0.228515625 0.3271484375
vt 0.017578125 0.8544921875
vt 0.099609375 0.8544921875
vt 0.099609375 0.8896484375
vt 0.017578125 0.8896484375
vt 0.240234375 0.2919921875
vt 0.251953125 0.2919921875
vt 0.251953125 0.3271484375
vt 0.240234375 0.3271484375
vt 0.263671875 0.3623046875
vt 0.181640625 0.3623046875
vt 0.181640625 0.3505859375
vt 0.263671875 0.3505859375
vt 0.345703125 0.3505859375
vt 0.263671875 0.3505859375
vt 0.263671875 0.3623046875
vt 0.345703125 0.3623046875
vn 0 0 -1
vn 1 0 0
vn 0 0 1
vn -1 0 0
vn 0 1 0
vn 0 -1 0
usemtl m_7c4fd87a-d0f1-9ad7-7479-aa72dea38889
f 3273/9817/2455 3274/9818/2455 3275/9819/2455 3276/9820/2455
f 3277/9821/2456 3273/9822/2456 3276/9823/2456 3278/9824/2456
f 3279/9825/2457 3277/9826/2457 3278/9827/2457 3280/9828/2457
f 3274/9829/2458 3279/9830/2458 3280/9831/2458 3275/9832/2458
f 3280/9833/2459 3278/9834/2459 3276/9835/2459 3275/9836/2459
f 3274/9837/2460 3273/9838/2460 3277/9839/2460 3279/9840/2460
o cube
v -3 6 -0.09375
v -4.3125 6 -0.09375
v -4.3125 6.5625 -0.09375
v -3 6.5625 -0.09375
v -3 6 0.09375
v -3 6.5625 0.09375
v -4.3125 6 0.09375
v -4.3125 6.5625 0.09375
vt 0.401592254638672 0.6582412719726562
vt 0.483623504638672 0.6582412719726562
vt 0.483623504638672 0.6933975219726562
vt 0.401592254638672 0.6933975219726562
vt 0.251953125 0.2919921875
vt 0.263671875 0.2919921875
vt 0.263671875 0.3271484375
vt 0.251953125 0.3271484375
vt 0.017578125 0.7841796875
vt 0.099609375 0.7841796875
vt 0.099609375 0.8193359375
vt 0.017578125 0.8193359375
vt 0.263671875 0.2919921875
vt 0.275390625 0.2919921875
vt 0.275390625 0.3271484375
vt 0.263671875 0.3271484375
vt 0.099609375 0.3505859375
vt 0.017578125 0.3505859375
vt 0.017578125 0.3388671875
vt 0.099609375 0.3388671875
vt 0.181640625 0.3388671875
vt 0.099609375 0.3388671875
vt 0.099609375 0.3505859375
vt 0.181640625 0.3505859375
vn 0 0 -1
vn 1 0 0
vn 0 0 1
vn -1 0 0
vn 0 1 0
vn 0 -1 0
usemtl m_7c4fd87a-d0f1-9ad7-7479-aa72dea38889
f 3281/9841/2461 3282/9842/2461 3283/9843/2461 3284/9844/2461
f 3285/9845/2462 3281/9846/2462 3284/9847/2462 3286/9848/2462
f 3287/9849/2463 3285/9850/2463 3286/9851/2463 3288/9852/2463
f 3282/9853/2464 3287/9854/2464 3288/9855/2464 3283/9856/2464
f 3288/9857/2465 3286/9858/2465 3284/9859/2465 3283/9860/2465
f 3282/9861/2466 3281/9862/2466 3285/9863/2466 3287/9864/2466
o cube
v -3.75 6.75 -0.09375
v -5.0625 6.75 -0.09375
v -5.0625 7.3125 -0.09375
v -3.75 7.3125 -0.09375
v -3.75 6.75 0.09375
v -3.75 7.3125 0.09375
v -5.0625 6.75 0.09375
v -5.0625 7.3125 0.09375
vt 0.401592254638672 0.5172042846679688
vt 0.483623504638672 0.5172042846679688
vt 0.483623504638672 0.5523605346679688
vt 0.401592254638672 0.5523605346679688
vt 0.275390625 0.2919921875
vt 0.287109375 0.2919921875
vt 0.287109375 0.3271484375
vt 0.275390625 0.3271484375
vt 0.017578125 0.7138671875
vt 0.099609375 0.7138671875
vt 0.099609375 0.7490234375
vt 0.017578125 0.7490234375
vt 0.287109375 0.2919921875
vt 0.298828125 0.2919921875
vt 0.298828125 0.3271484375
vt 0.287109375 0.3271484375
vt 0.263671875 0.3505859375
vt 0.181640625 0.3505859375
vt 0.181640625 0.3388671875
vt 0.263671875 0.3388671875
vt 0.345703125 0.3388671875
vt 0.263671875 0.3388671875
vt 0.263671875 0.3505859375
vt 0.345703125 0.3505859375
vn 0 0 -1
vn 1 0 0
vn 0 0 1
vn -1 0 0
vn 0 1 0
vn 0 -1 0
usemtl m_7c4fd87a-d0f1-9ad7-7479-aa72dea38889
f 3289/9865/2467 3290/9866/2467 3291/9867/2467 3292/9868/2467
f 3293/9869/2468 3289/9870/2468 3292/9871/2468 3294/9872/2468
f 3295/9873/2469 3293/9874/2469 3294/9875/2469 3296/9876/2469
f 3290/9877/2470 3295/9878/2470 3296/9879/2470 3291/9880/2470
f 3296/9881/2471 3294/9882/2471 3292/9883/2471 3291/9884/2471
f 3290/9885/2472 3289/9886/2472 3293/9887/2472 3295/9888/2472
o cube
v -4.5 6 -0.09375
v -5.8125 6 -0.09375
v -5.8125 6.5625 -0.09375
v -4.5 6.5625 -0.09375
v -4.5 6 0.09375
v -4.5 6.5625 0.09375
v -5.8125 6 0.09375
v -5.8125 6.5625 0.09375
vt 0.401592254638672 0.37616729736328125
vt 0.483623504638672 0.37616729736328125
vt 0.483623504638672 0.41132354736328125
vt 0.401592254638672 0.41132354736328125
vt 0.298828125 0.2919921875
vt 0.310546875 0.2919921875
vt 0.310546875 0.3271484375
vt 0.298828125 0.3271484375
vt 0.017578125 0.6435546875
vt 0.099609375 0.6435546875
vt 0.099609375 0.6787109375
vt 0.017578125 0.6787109375
vt 0.310546875 0.2919921875
vt 0.322265625 0.2919921875
vt 0.322265625 0.3271484375
vt 0.310546875 0.3271484375
vt 0.380859375 0.6435546875
vt 0.298828125 0.6435546875
vt 0.298828125 0.6318359375
vt 0.380859375 0.6318359375
vt 0.380859375 0.6201171875
vt 0.298828125 0.6201171875
vt 0.298828125 0.6318359375
vt 0.380859375 0.6318359375
vn 0 0 -1
vn 1 0 0
vn 0 0 1
vn -1 0 0
vn 0 1 0
vn 0 -1 0
usemtl m_7c4fd87a-d0f1-9ad7-7479-aa72dea38889
f 3297/9889/2473 3298/9890/2473 3299/9891/2473 3300/9892/2473
f 3301/9893/2474 3297/9894/2474 3300/9895/2474 3302/9896/2474
f 3303/9897/2475 3301/9898/2475 3302/9899/2475 3304/9900/2475
f 3298/9901/2476 3303/9902/2476 3304/9903/2476 3299/9904/2476
f 3304/9905/2477 3302/9906/2477 3300/9907/2477 3299/9908/2477
f 3298/9909/2478 3297/9910/2478 3301/9911/2478 3303/9912/2478
o cube
v -2.25 6.75 -0.09375
v -3.5625 6.75 -0.09375
v -3.5625 7.3125 -0.09375
v -2.25 7.3125 -0.09375
v -2.25 6.75 0.09375
v -2.25 7.3125 0.09375
v -3.5625 6.75 0.09375
v -3.5625 7.3125 0.09375
vt 0.401592254638672 0.23513031005859375
vt 0.483623504638672 0.23513031005859375
vt 0.483623504638672 0.27028656005859375
vt 0.401592254638672 0.27028656005859375
vt 0.322265625 0.2919921875
vt 0.333984375 0.2919921875
vt 0.333984375 0.3271484375
vt 0.322265625 0.3271484375
vt 0.017578125 0.5732421875
vt 0.099609375 0.5732421875
vt 0.099609375 0.6083984375
vt 0.017578125 0.6083984375
vt 0.017578125 0.2802734375
vt 0.029296875 0.2802734375
vt 0.029296875 0.3154296875
vt 0.017578125 0.3154296875
vt 0.380859375 0.6201171875
vt 0.298828125 0.6201171875
vt 0.298828125 0.6083984375
vt 0.380859375 0.6083984375
vt 0.380859375 0.5966796875
vt 0.298828125 0.5966796875
vt 0.298828125 0.6083984375
vt 0.380859375 0.6083984375
vn 0 0 -1
vn 1 0 0
vn 0 0 1
vn -1 0 0
vn 0 1 0
vn 0 -1 0
usemtl m_7c4fd87a-d0f1-9ad7-7479-aa72dea38889
f 3305/9913/2479 3306/9914/2479 3307/9915/2479 3308/9916/2479
f 3309/9917/2480 3305/9918/2480 3308/9919/2480 3310/9920/2480
f 3311/9921/2481 3309/9922/2481 3310/9923/2481 3312/9924/2481
f 3306/9925/2482 3311/9926/2482 3312/9927/2482 3307/9928/2482
f 3312/9929/2483 3310/9930/2483 3308/9931/2483 3307/9932/2483
f 3306/9933/2484 3305/9934/2484 3309/9935/2484 3311/9936/2484
o cube
v -0.75 6.75 -0.09375
v -2.0625 6.75 -0.09375
v -2.0625 7.3125 -0.09375
v -0.75 7.3125 -0.09375
v -0.75 6.75 0.09375
v -0.75 7.3125 0.09375
v -2.0625 6.75 0.09375
v -2.0625 7.3125 0.09375
vt 0.401592254638672 0.09409332275390625
vt 0.483623504638672 0.09409332275390625
vt 0.483623504638672 0.12924957275390625
vt 0.401592254638672 0.12924957275390625
vt 0.029296875 0.2802734375
vt 0.041015625 0.2802734375
vt 0.041015625 0.3154296875
vt 0.029296875 0.3154296875
vt 0.099609375 0.9599609375
vt 0.181640625 0.9599609375
vt 0.181640625 0.9951171875
vt 0.099609375 0.9951171875
vt 0.041015625 0.2802734375
vt 0.052734375 0.2802734375
vt 0.052734375 0.3154296875
vt 0.041015625 0.3154296875
vt 0.380859375 0.5966796875
vt 0.298828125 0.5966796875
vt 0.298828125 0.5849609375
vt 0.380859375 0.5849609375
vt 0.380859375 0.5732421875
vt 0.298828125 0.5732421875
vt 0.298828125 0.5849609375
vt 0.380859375 0.5849609375
vn 0 0 -1
vn 1 0 0
vn 0 0 1
vn -1 0 0
vn 0 1 0
vn 0 -1 0
usemtl m_7c4fd87a-d0f1-9ad7-7479-aa72dea38889
f 3313/9937/2485 3314/9938/2485 3315/9939/2485 3316/9940/2485
f 3317/9941/2486 3313/9942/2486 3316/9943/2486 3318/9944/2486
f 3319/9945/2487 3317/9946/2487 3318/9947/2487 3320/9948/2487
f 3314/9949/2488 3319/9950/2488 3320/9951/2488 3315/9952/2488
f 3320/9953/2489 3318/9954/2489 3316/9955/2489 3315/9956/2489
f 3314/9957/2490 3313/9958/2490 3317/9959/2490 3319/9960/2490
o cube
v 0 6.75 -0.09375
v -0.5625 6.75 -0.09375
v -0.5625 7.3125 -0.09375
v 0 7.3125 -0.09375
v 0 6.75 0.09375
v 0 7.3125 0.09375
v -0.5625 6.75 0.09375
v -0.5625 7.3125 0.09375
vt 0.5615921020507814 0.23513031005859375
vt 0.5967483520507814 0.23513031005859375
vt 0.5967483520507814 0.27028656005859375
vt 0.5615921020507814 0.27028656005859375
vt 0.052734375 0.2802734375
vt 0.064453125 0.2802734375
vt 0.064453125 0.3154296875
vt 0.052734375 0.3154296875
vt 0.263671875 0.5732421875
vt 0.298828125 0.5732421875
vt 0.298828125 0.6083984375
vt 0.263671875 0.6083984375
vt 0.064453125 0.2802734375
vt 0.076171875 0.2802734375
vt 0.076171875 0.3154296875
vt 0.064453125 0.3154296875
vt 0.111328125 0.3154296875
vt 0.076171875 0.3154296875
vt 0.076171875 0.3037109375
vt 0.111328125 0.3037109375
vt 0.146484375 0.3037109375
vt 0.111328125 0.3037109375
vt 0.111328125 0.3154296875
vt 0.146484375 0.3154296875
vn 0 0 -1
vn 1 0 0
vn 0 0 1
vn -1 0 0
vn 0 1 0
vn 0 -1 0
usemtl m_7c4fd87a-d0f1-9ad7-7479-aa72dea38889
f 3321/9961/2491 3322/9962/2491 3323/9963/2491 3324/9964/2491
f 3325/9965/2492 3321/9966/2492 3324/9967/2492 3326/9968/2492
f 3327/9969/2493 3325/9970/2493 3326/9971/2493 3328/9972/2493
f 3322/9973/2494 3327/9974/2494 3328/9975/2494 3323/9976/2494
f 3328/9977/2495 3326/9978/2495 3324/9979/2495 3323/9980/2495
f 3322/9981/2496 3321/9982/2496 3325/9983/2496 3327/9984/2496
o cube
v 0 7.5 -0.09375
v -1.3125 7.5 -0.09375
v -1.3125 8.0625 -0.09375
v 0 8.0625 -0.09375
v 0 7.5 0.09375
v 0 8.0625 0.09375
v -1.3125 7.5 0.09375
v -1.3125 8.0625 0.09375
vt 0.46793365478515636 0.8697967529296875
vt 0.5499649047851564 0.8697967529296875
vt 0.5499649047851564 0.9049530029296875
vt 0.46793365478515636 0.9049530029296875
vt 0.169921875 0.2802734375
vt 0.181640625 0.2802734375
vt 0.181640625 0.3154296875
vt 0.169921875 0.3154296875
vt 0.099609375 0.8896484375
vt 0.181640625 0.8896484375
vt 0.181640625 0.9248046875
vt 0.099609375 0.9248046875
vt 0.181640625 0.2802734375
vt 0.193359375 0.2802734375
vt 0.193359375 0.3154296875
vt 0.181640625 0.3154296875
vt 0.380859375 0.5732421875
vt 0.298828125 0.5732421875
vt 0.298828125 0.5615234375
vt 0.380859375 0.5615234375
vt 0.380859375 0.5498046875
vt 0.298828125 0.5498046875
vt 0.298828125 0.5615234375
vt 0.380859375 0.5615234375
vn 0 0 -1
vn 1 0 0
vn 0 0 1
vn -1 0 0
vn 0 1 0
vn 0 -1 0
usemtl m_7c4fd87a-d0f1-9ad7-7479-aa72dea38889
f 3329/9985/2497 3330/9986/2497 3331/9987/2497 3332/9988/2497
f 3333/9989/2498 3329/9990/2498 3332/9991/2498 3334/9992/2498
f 3335/9993/2499 3333/9994/2499 3334/9995/2499 3336/9996/2499
f 3330/9997/2500 3335/9998/2500 3336/9999/2500 3331/10000/2500
f 3336/10001/2501 3334/10002/2501 3332/10003/2501 3331/10004/2501
f 3330/10005/2502 3329/10006/2502 3333/10007/2502 3335/10008/2502
o cube
v -1.5 7.5 -0.09375
v -2.8125 7.5 -0.09375
v -2.8125 8.0625 -0.09375
v -1.5 8.0625 -0.09375
v -1.5 7.5 0.09375
v -1.5 8.0625 0.09375
v -2.8125 7.5 0.09375
v -2.8125 8.0625 0.09375
vt 0.46793365478515636 0.728759765625
vt 0.5499649047851564 0.728759765625
vt 0.5499649047851564 0.763916015625
vt 0.46793365478515636 0.763916015625
vt 0.193359375 0.2802734375
vt 0.205078125 0.2802734375
vt 0.205078125 0.3154296875
vt 0.193359375 0.3154296875
vt 0.099609375 0.8193359375
vt 0.181640625 0.8193359375
vt 0.181640625 0.8544921875
vt 0.099609375 0.8544921875
vt 0.333984375 0.2919921875
vt 0.345703125 0.2919921875
vt 0.345703125 0.3271484375
vt 0.333984375 0.3271484375
vt 0.380859375 0.5498046875
vt 0.298828125 0.5498046875
vt 0.298828125 0.5380859375
vt 0.380859375 0.5380859375
vt 0.380859375 0.5263671875
vt 0.298828125 0.5263671875
vt 0.298828125 0.5380859375
vt 0.380859375 0.5380859375
vn 0 0 -1
vn 1 0 0
vn 0 0 1
vn -1 0 0
vn 0 1 0
vn 0 -1 0
usemtl m_7c4fd87a-d0f1-9ad7-7479-aa72dea38889
f 3337/10009/2503 3338/10010/2503 3339/10011/2503 3340/10012/2503
f 3341/10013/2504 3337/10014/2504 3340/10015/2504 3342/10016/2504
f 3343/10017/2505 3341/10018/2505 3342/10019/2505 3344/10020/2505
f 3338/10021/2506 3343/10022/2506 3344/10023/2506 3339/10024/2506
f 3344/10025/2507 3342/10026/2507 3340/10027/2507 3339/10028/2507
f 3338/10029/2508 3337/10030/2508 3341/10031/2508 3343/10032/2508
o cube
v -3 7.5 -0.09375
v -4.3125 7.5 -0.09375
v -4.3125 8.0625 -0.09375
v -3 8.0625 -0.09375
v -3 7.5 0.09375
v -3 8.0625 0.09375
v -4.3125 7.5 0.09375
v -4.3125 8.0625 0.09375
vt 0.46793365478515636 0.5877227783203125
vt 0.5499649047851564 0.5877227783203125
vt 0.5499649047851564 0.6228790283203125
vt 0.46793365478515636 0.6228790283203125
vt 0.076171875 0.2685546875
vt 0.087890625 0.2685546875
vt 0.087890625 0.3037109375
vt 0.076171875 0.3037109375
vt 0.099609375 0.7490234375
vt 0.181640625 0.7490234375
vt 0.181640625 0.7841796875
vt 0.099609375 0.7841796875
vt 0.087890625 0.2685546875
vt 0.099609375 0.2685546875
vt 0.099609375 0.3037109375
vt 0.087890625 0.3037109375
vt 0.380859375 0.5263671875
vt 0.298828125 0.5263671875
vt 0.298828125 0.5146484375
vt 0.380859375 0.5146484375
vt 0.380859375 0.5029296875
vt 0.298828125 0.5029296875
vt 0.298828125 0.5146484375
vt 0.380859375 0.5146484375
vn 0 0 -1
vn 1 0 0
vn 0 0 1
vn -1 0 0
vn 0 1 0
vn 0 -1 0
usemtl m_7c4fd87a-d0f1-9ad7-7479-aa72dea38889
f 3345/10033/2509 3346/10034/2509 3347/10035/2509 3348/10036/2509
f 3349/10037/2510 3345/10038/2510 3348/10039/2510 3350/10040/2510
f 3351/10041/2511 3349/10042/2511 3350/10043/2511 3352/10044/2511
f 3346/10045/2512 3351/10046/2512 3352/10047/2512 3347/10048/2512
f 3352/10049/2513 3350/10050/2513 3348/10051/2513 3347/10052/2513
f 3346/10053/2514 3345/10054/2514 3349/10055/2514 3351/10056/2514
o cube
v -4.5 7.5 -0.09375
v -5.8125 7.5 -0.09375
v -5.8125 8.0625 -0.09375
v -4.5 8.0625 -0.09375
v -4.5 7.5 0.09375
v -4.5 8.0625 0.09375
v -5.8125 7.5 0.09375
v -5.8125 8.0625 0.09375
vt 0.46793365478515636 0.446685791015625
vt 0.5499649047851564 0.446685791015625
vt 0.5499649047851564 0.481842041015625
vt 0.46793365478515636 0.481842041015625
vt 0.099609375 0.2685546875
vt 0.111328125 0.2685546875
vt 0.111328125 0.3037109375
vt 0.099609375 0.3037109375
vt 0.099609375 0.6787109375
vt 0.181640625 0.6787109375
vt 0.181640625 0.7138671875
vt 0.099609375 0.7138671875
vt 0.111328125 0.2685546875
vt 0.123046875 0.2685546875
vt 0.123046875 0.3037109375
vt 0.111328125 0.3037109375
vt 0.380859375 0.5029296875
vt 0.298828125 0.5029296875
vt 0.298828125 0.4912109375
vt 0.380859375 0.4912109375
vt 0.380859375 0.4794921875
vt 0.298828125 0.4794921875
vt 0.298828125 0.4912109375
vt 0.380859375 0.4912109375
vn 0 0 -1
vn 1 0 0
vn 0 0 1
vn -1 0 0
vn 0 1 0
vn 0 -1 0
usemtl m_7c4fd87a-d0f1-9ad7-7479-aa72dea38889
f 3353/10057/2515 3354/10058/2515 3355/10059/2515 3356/10060/2515
f 3357/10061/2516 3353/10062/2516 3356/10063/2516 3358/10064/2516
f 3359/10065/2517 3357/10066/2517 3358/10067/2517 3360/10068/2517
f 3354/10069/2518 3359/10070/2518 3360/10071/2518 3355/10072/2518
f 3360/10073/2519 3358/10074/2519 3356/10075/2519 3355/10076/2519
f 3354/10077/2520 3353/10078/2520 3357/10079/2520 3359/10080/2520
o cube
v -5.25 8.25 -0.09375
v -6 8.25 -0.09375
v -6 8.8125 -0.09375
v -5.25 8.8125 -0.09375
v -5.25 8.25 0.09375
v -5.25 8.8125 0.09375
v -6 8.25 0.09375
v -6 8.8125 0.09375
vt 0.5381774902343751 0.6582412719726562
vt 0.5850524902343751 0.6582412719726562
vt 0.5850524902343751 0.6933975219726562
vt 0.5381774902343751 0.6933975219726562
vt 0.123046875 0.2685546875
vt 0.134765625 0.2685546875
vt 0.134765625 0.3037109375
vt 0.123046875 0.3037109375
vt 0.263671875 0.7841796875
vt 0.310546875 0.7841796875
vt 0.310546875 0.8193359375
vt 0.263671875 0.8193359375
vt 0.134765625 0.2685546875
vt 0.146484375 0.2685546875
vt 0.146484375 0.3037109375
vt 0.134765625 0.3037109375
vt 0.357421875 0.6669921875
vt 0.310546875 0.6669921875
vt 0.310546875 0.6552734375
vt 0.357421875 0.6552734375
vt 0.357421875 0.6435546875
vt 0.310546875 0.6435546875
vt 0.310546875 0.6552734375
vt 0.357421875 0.6552734375
vn 0 0 -1
vn 1 0 0
vn 0 0 1
vn -1 0 0
vn 0 1 0
vn 0 -1 0
usemtl m_7c4fd87a-d0f1-9ad7-7479-aa72dea38889
f 3361/10081/2521 3362/10082/2521 3363/10083/2521 3364/10084/2521
f 3365/10085/2522 3361/10086/2522 3364/10087/2522 3366/10088/2522
f 3367/10089/2523 3365/10090/2523 3366/10091/2523 3368/10092/2523
f 3362/10093/2524 3367/10094/2524 3368/10095/2524 3363/10096/2524
f 3368/10097/2525 3366/10098/2525 3364/10099/2525 3363/10100/2525
f 3362/10101/2526 3361/10102/2526 3365/10103/2526 3367/10104/2526
o cube
v -3.75 8.25 -0.09375
v -5.0625 8.25 -0.09375
v -5.0625 8.8125 -0.09375
v -3.75 8.8125 -0.09375
v -3.75 8.25 0.09375
v -3.75 8.8125 0.09375
v -5.0625 8.25 0.09375
v -5.0625 8.8125 0.09375
vt 0.46793365478515636 0.3056488037109375
vt 0.5499649047851564 0.3056488037109375
vt 0.5499649047851564 0.3408050537109375
vt 0.46793365478515636 0.3408050537109375
vt 0.345703125 0.9599609375
vt 0.357421875 0.9599609375
vt 0.357421875 0.9951171875
vt 0.345703125 0.9951171875
vt 0.099609375 0.6083984375
vt 0.181640625 0.6083984375
vt 0.181640625 0.6435546875
vt 0.099609375 0.6435546875
vt 0.345703125 0.9248046875
vt 0.357421875 0.9248046875
vt 0.357421875 0.9599609375
vt 0.345703125 0.9599609375
vt 0.380859375 0.4794921875
vt 0.298828125 0.4794921875
vt 0.298828125 0.4677734375
vt 0.380859375 0.4677734375
vt 0.380859375 0.4560546875
vt 0.298828125 0.4560546875
vt 0.298828125 0.4677734375
vt 0.380859375 0.4677734375
vn 0 0 -1
vn 1 0 0
vn 0 0 1
vn -1 0 0
vn 0 1 0
vn 0 -1 0
usemtl m_7c4fd87a-d0f1-9ad7-7479-aa72dea38889
f 3369/10105/2527 3370/10106/2527 3371/10107/2527 3372/10108/2527
f 3373/10109/2528 3369/10110/2528 3372/10111/2528 3374/10112/2528
f 3375/10113/2529 3373/10114/2529 3374/10115/2529 3376/10116/2529
f 3370/10117/2530 3375/10118/2530 3376/10119/2530 3371/10120/2530
f 3376/10121/2531 3374/10122/2531 3372/10123/2531 3371/10124/2531
f 3370/10125/2532 3369/10126/2532 3373/10127/2532 3375/10128/2532
o cube
v -2.25 8.25 -0.09375
v -3.5625 8.25 -0.09375
v -3.5625 8.8125 -0.09375
v -2.25 8.8125 -0.09375
v -2.25 8.25 0.09375
v -2.25 8.8125 0.09375
v -3.5625 8.25 0.09375
v -3.5625 8.8125 0.09375
vt 0.46793365478515636 0.16461181640625
vt 0.5499649047851564 0.16461181640625
vt 0.5499649047851564 0.19976806640625
vt 0.46793365478515636 0.19976806640625
vt 0.345703125 0.3271484375
vt 0.357421875 0.3271484375
vt 0.357421875 0.3623046875
vt 0.345703125 0.3623046875
vt 0.099609375 0.5380859375
vt 0.181640625 0.5380859375
vt 0.181640625 0.5732421875
vt 0.099609375 0.5732421875
vt 0.345703125 0.2919921875
vt 0.357421875 0.2919921875
vt 0.357421875 0.3271484375
vt 0.345703125 0.3271484375
vt 0.380859375 0.4560546875
vt 0.298828125 0.4560546875
vt 0.298828125 0.4443359375
vt 0.380859375 0.4443359375
vt 0.380859375 0.4326171875
vt 0.298828125 0.4326171875
vt 0.298828125 0.4443359375
vt 0.380859375 0.4443359375
vn 0 0 -1
vn 1 0 0
vn 0 0 1
vn -1 0 0
vn 0 1 0
vn 0 -1 0
usemtl m_7c4fd87a-d0f1-9ad7-7479-aa72dea38889
f 3377/10129/2533 3378/10130/2533 3379/10131/2533 3380/10132/2533
f 3381/10133/2534 3377/10134/2534 3380/10135/2534 3382/10136/2534
f 3383/10137/2535 3381/10138/2535 3382/10139/2535 3384/10140/2535
f 3378/10141/2536 3383/10142/2536 3384/10143/2536 3379/10144/2536
f 3384/10145/2537 3382/10146/2537 3380/10147/2537 3379/10148/2537
f 3378/10149/2538 3377/10150/2538 3381/10151/2538 3383/10152/2538
o cube
v -0.75 8.25 -0.09375
v -2.0625 8.25 -0.09375
v -2.0625 8.8125 -0.09375
v -0.75 8.8125 -0.09375
v -0.75 8.25 0.09375
v -0.75 8.8125 0.09375
v -2.0625 8.25 0.09375
v -2.0625 8.8125 0.09375
vt 0.401592254638672 0.04708099365234375
vt 0.483623504638672 0.04708099365234375
vt 0.483623504638672 0.08223724365234375
vt 0.401592254638672 0.08223724365234375
vt 0.205078125 0.2568359375
vt 0.216796875 0.2568359375
vt 0.216796875 0.2919921875
vt 0.205078125 0.2919921875
vt 0.099609375 0.5029296875
vt 0.181640625 0.5029296875
vt 0.181640625 0.5380859375
vt 0.099609375 0.5380859375
vt 0.216796875 0.2568359375
vt 0.228515625 0.2568359375
vt 0.228515625 0.2919921875
vt 0.216796875 0.2919921875
vt 0.380859375 0.4326171875
vt 0.298828125 0.4326171875
vt 0.298828125 0.4208984375
vt 0.380859375 0.4208984375
vt 0.380859375 0.4091796875
vt 0.298828125 0.4091796875
vt 0.298828125 0.4208984375
vt 0.380859375 0.4208984375
vn 0 0 -1
vn 1 0 0
vn 0 0 1
vn -1 0 0
vn 0 1 0
vn 0 -1 0
usemtl m_7c4fd87a-d0f1-9ad7-7479-aa72dea38889
f 3385/10153/2539 3386/10154/2539 3387/10155/2539 3388/10156/2539
f 3389/10157/2540 3385/10158/2540 3388/10159/2540 3390/10160/2540
f 3391/10161/2541 3389/10162/2541 3390/10163/2541 3392/10164/2541
f 3386/10165/2542 3391/10166/2542 3392/10167/2542 3387/10168/2542
f 3392/10169/2543 3390/10170/2543 3388/10171/2543 3387/10172/2543
f 3386/10173/2544 3385/10174/2544 3389/10175/2544 3391/10176/2544
o cube
v 0 8.25 -0.09375
v -0.5625 8.25 -0.09375
v -0.5625 8.8125 -0.09375
v 0 8.8125 -0.09375
v 0 8.25 0.09375
v 0 8.8125 0.09375
v -0.5625 8.25 0.09375
v -0.5625 8.8125 0.09375
vt 0.5615921020507814 0.09409332275390625
vt 0.5967483520507814 0.09409332275390625
vt 0.5967483520507814 0.12924957275390625
vt 0.5615921020507814 0.12924957275390625
vt 0.228515625 0.2568359375
vt 0.240234375 0.2568359375
vt 0.240234375 0.2919921875
vt 0.228515625 0.2919921875
vt 0.263671875 0.5029296875
vt 0.298828125 0.5029296875
vt 0.298828125 0.5380859375
vt 0.263671875 0.5380859375
vt 0.240234375 0.2568359375
vt 0.251953125 0.2568359375
vt 0.251953125 0.2919921875
vt 0.240234375 0.2919921875
vt 0.287109375 0.2919921875
vt 0.251953125 0.2919921875
vt 0.251953125 0.2802734375
vt 0.287109375 0.2802734375
vt 0.322265625 0.2802734375
vt 0.287109375 0.2802734375
vt 0.287109375 0.2919921875
vt 0.322265625 0.2919921875
vn 0 0 -1
vn 1 0 0
vn 0 0 1
vn -1 0 0
vn 0 1 0
vn 0 -1 0
usemtl m_7c4fd87a-d0f1-9ad7-7479-aa72dea38889
f 3393/10177/2545 3394/10178/2545 3395/10179/2545 3396/10180/2545
f 3397/10181/2546 3393/10182/2546 3396/10183/2546 3398/10184/2546
f 3399/10185/2547 3397/10186/2547 3398/10187/2547 3400/10188/2547
f 3394/10189/2548 3399/10190/2548 3400/10191/2548 3395/10192/2548
f 3400/10193/2549 3398/10194/2549 3396/10195/2549 3395/10196/2549
f 3394/10197/2550 3393/10198/2550 3397/10199/2550 3399/10200/2550
o cube
v -4.5 9 -0.09375
v -5.8125 9 -0.09375
v -5.8125 9.5625 -0.09375
v -4.5 9.5625 -0.09375
v -4.5 9 0.09375
v -4.5 9.5625 0.09375
v -5.8125 9 0.09375
v -5.8125 9.5625 0.09375
vt 0.401592254638672 0.04708099365234375
vt 0.483623504638672 0.04708099365234375
vt 0.483623504638672 0.08223724365234375
vt 0.401592254638672 0.08223724365234375
vt 0.322265625 0.2568359375
vt 0.333984375 0.2568359375
vt 0.333984375 0.2919921875
vt 0.322265625 0.2919921875
vt 0.099609375 0.4677734375
vt 0.181640625 0.4677734375
vt 0.181640625 0.5029296875
vt 0.099609375 0.5029296875
vt 0.333984375 0.2568359375
vt 0.345703125 0.2568359375
vt 0.345703125 0.2919921875
vt 0.333984375 0.2919921875
vt 0.380859375 0.4091796875
vt 0.298828125 0.4091796875
vt 0.298828125 0.3974609375
vt 0.380859375 0.3974609375
vt 0.380859375 0.3857421875
vt 0.298828125 0.3857421875
vt 0.298828125 0.3974609375
vt 0.380859375 0.3974609375
vn 0 0 -1
vn 1 0 0
vn 0 0 1
vn -1 0 0
vn 0 1 0
vn 0 -1 0
usemtl m_7c4fd87a-d0f1-9ad7-7479-aa72dea38889
f 3401/10201/2551 3402/10202/2551 3403/10203/2551 3404/10204/2551
f 3405/10205/2552 3401/10206/2552 3404/10207/2552 3406/10208/2552
f 3407/10209/2553 3405/10210/2553 3406/10211/2553 3408/10212/2553
f 3402/10213/2554 3407/10214/2554 3408/10215/2554 3403/10216/2554
f 3408/10217/2555 3406/10218/2555 3404/10219/2555 3403/10220/2555
f 3402/10221/2556 3401/10222/2556 3405/10223/2556 3407/10224/2556
o cube
v -3 9 -0.09375
v -4.3125 9 -0.09375
v -4.3125 9.5625 -0.09375
v -3 9.5625 -0.09375
v -3 9 0.09375
v -3 9.5625 0.09375
v -4.3125 9 0.09375
v -4.3125 9.5625 0.09375
vt 0.401592254638672 0.04708099365234375
vt 0.483623504638672 0.04708099365234375
vt 0.483623504638672 0.08223724365234375
vt 0.401592254638672 0.08223724365234375
vt 0.345703125 0.2568359375
vt 0.357421875 0.2568359375
vt 0.357421875 0.2919921875
vt 0.345703125 0.2919921875
vt 0.099609375 0.4326171875
vt 0.181640625 0.4326171875
vt 0.181640625 0.4677734375
vt 0.099609375 0.4677734375
vt 0.357421875 0.9599609375
vt 0.369140625 0.9599609375
vt 0.369140625 0.9951171875
vt 0.357421875 0.9951171875
vt 0.380859375 0.3857421875
vt 0.298828125 0.3857421875
vt 0.298828125 0.3740234375
vt 0.380859375 0.3740234375
vt 0.380859375 0.3623046875
vt 0.298828125 0.3623046875
vt 0.298828125 0.3740234375
vt 0.380859375 0.3740234375
vn 0 0 -1
vn 1 0 0
vn 0 0 1
vn -1 0 0
vn 0 1 0
vn 0 -1 0
usemtl m_7c4fd87a-d0f1-9ad7-7479-aa72dea38889
f 3409/10225/2557 3410/10226/2557 3411/10227/2557 3412/10228/2557
f 3413/10229/2558 3409/10230/2558 3412/10231/2558 3414/10232/2558
f 3415/10233/2559 3413/10234/2559 3414/10235/2559 3416/10236/2559
f 3410/10237/2560 3415/10238/2560 3416/10239/2560 3411/10240/2560
f 3416/10241/2561 3414/10242/2561 3412/10243/2561 3411/10244/2561
f 3410/10245/2562 3409/10246/2562 3413/10247/2562 3415/10248/2562
o cube
v -1.5 9 -0.09375
v -2.8125 9 -0.09375
v -2.8125 9.5625 -0.09375
v -1.5 9.5625 -0.09375
v -1.5 9 0.09375
v -1.5 9.5625 0.09375
v -2.8125 9 0.09375
v -2.8125 9.5625 0.09375
vt 0.46793365478515636 0.9403152465820312
vt 0.5499649047851564 0.9403152465820312
vt 0.5499649047851564 0.9754714965820312
vt 0.46793365478515636 0.9754714965820312
vt 0.357421875 0.9248046875
vt 0.369140625 0.9248046875
vt 0.369140625 0.9599609375
vt 0.357421875 0.9599609375
vt 0.181640625 0.9248046875
vt 0.263671875 0.9248046875
vt 0.263671875 0.9599609375
vt 0.181640625 0.9599609375
vt 0.357421875 0.6552734375
vt 0.369140625 0.6552734375
vt 0.369140625 0.6904296875
vt 0.357421875 0.6904296875
vt 0.099609375 0.3388671875
vt 0.017578125 0.3388671875
vt 0.017578125 0.3271484375
vt 0.099609375 0.3271484375
vt 0.181640625 0.3271484375
vt 0.099609375 0.3271484375
vt 0.099609375 0.3388671875
vt 0.181640625 0.3388671875
vn 0 0 -1
vn 1 0 0
vn 0 0 1
vn -1 0 0
vn 0 1 0
vn 0 -1 0
usemtl m_7c4fd87a-d0f1-9ad7-7479-aa72dea38889
f 3417/10249/2563 3418/10250/2563 3419/10251/2563 3420/10252/2563
f 3421/10253/2564 3417/10254/2564 3420/10255/2564 3422/10256/2564
f 3423/10257/2565 3421/10258/2565 3422/10259/2565 3424/10260/2565
f 3418/10261/2566 3423/10262/2566 3424/10263/2566 3419/10264/2566
f 3424/10265/2567 3422/10266/2567 3420/10267/2567 3419/10268/2567
f 3418/10269/2568 3417/10270/2568 3421/10271/2568 3423/10272/2568
o cube
v 0 9 -0.09375
v -1.3125 9 -0.09375
v -1.3125 9.5625 -0.09375
v 0 9.5625 -0.09375
v 0 9 0.09375
v 0 9.5625 0.09375
v -1.3125 9 0.09375
v -1.3125 9.5625 0.09375
vt 0.46793365478515636 0.7992782592773438
vt 0.5499649047851564 0.7992782592773438
vt 0.5499649047851564 0.8344345092773438
vt 0.46793365478515636 0.8344345092773438
vt 0.357421875 0.3271484375
vt 0.369140625 0.3271484375
vt 0.369140625 0.3623046875
vt 0.357421875 0.3623046875
vt 0.181640625 0.8544921875
vt 0.263671875 0.8544921875
vt 0.263671875 0.8896484375
vt 0.181640625 0.8896484375
vt 0.357421875 0.2919921875
vt 0.369140625 0.2919921875
vt 0.369140625 0.3271484375
vt 0.357421875 0.3271484375
vt 0.263671875 0.3388671875
vt 0.181640625 0.3388671875
vt 0.181640625 0.3271484375
vt 0.263671875 0.3271484375
vt 0.345703125 0.3271484375
vt 0.263671875 0.3271484375
vt 0.263671875 0.3388671875
vt 0.345703125 0.3388671875
vn 0 0 -1
vn 1 0 0
vn 0 0 1
vn -1 0 0
vn 0 1 0
vn 0 -1 0
usemtl m_7c4fd87a-d0f1-9ad7-7479-aa72dea38889
f 3425/10273/2569 3426/10274/2569 3427/10275/2569 3428/10276/2569
f 3429/10277/2570 3425/10278/2570 3428/10279/2570 3430/10280/2570
f 3431/10281/2571 3429/10282/2571 3430/10283/2571 3432/10284/2571
f 3426/10285/2572 3431/10286/2572 3432/10287/2572 3427/10288/2572
f 3432/10289/2573 3430/10290/2573 3428/10291/2573 3427/10292/2573
f 3426/10293/2574 3425/10294/2574 3429/10295/2574 3431/10296/2574
o cube
v -5.25 9.75 -0.09375
v -6 9.75 -0.09375
v -6 10.3125 -0.09375
v -5.25 10.3125 -0.09375
v -5.25 9.75 0.09375
v -5.25 10.3125 0.09375
v -6 9.75 0.09375
v -6 10.3125 0.09375
vt 0.5381774902343751 0.5172042846679688
vt 0.5850524902343751 0.5172042846679688
vt 0.5850524902343751 0.5523605346679688
vt 0.5381774902343751 0.5523605346679688
vt 0.357421875 0.2568359375
vt 0.369140625 0.2568359375
vt 0.369140625 0.2919921875
vt 0.357421875 0.2919921875
vt 0.263671875 0.7138671875
vt 0.310546875 0.7138671875
vt 0.310546875 0.7490234375
vt 0.263671875 0.7490234375
vt 0.017578125 0.2451171875
vt 0.029296875 0.2451171875
vt 0.029296875 0.2802734375
vt 0.017578125 0.2802734375
vt 0.064453125 0.3271484375
vt 0.017578125 0.3271484375
vt 0.017578125 0.3154296875
vt 0.064453125 0.3154296875
vt 0.111328125 0.3154296875
vt 0.064453125 0.3154296875
vt 0.064453125 0.3271484375
vt 0.111328125 0.3271484375
vn 0 0 -1
vn 1 0 0
vn 0 0 1
vn -1 0 0
vn 0 1 0
vn 0 -1 0
usemtl m_7c4fd87a-d0f1-9ad7-7479-aa72dea38889
f 3433/10297/2575 3434/10298/2575 3435/10299/2575 3436/10300/2575
f 3437/10301/2576 3433/10302/2576 3436/10303/2576 3438/10304/2576
f 3439/10305/2577 3437/10306/2577 3438/10307/2577 3440/10308/2577
f 3434/10309/2578 3439/10310/2578 3440/10311/2578 3435/10312/2578
f 3440/10313/2579 3438/10314/2579 3436/10315/2579 3435/10316/2579
f 3434/10317/2580 3433/10318/2580 3437/10319/2580 3439/10320/2580
o cube
v -3.75 9.75 -0.09375
v -5.0625 9.75 -0.09375
v -5.0625 10.3125 -0.09375
v -3.75 10.3125 -0.09375
v -3.75 9.75 0.09375
v -3.75 10.3125 0.09375
v -5.0625 9.75 0.09375
v -5.0625 10.3125 0.09375
vt 0.12125396728515636 0.8057022094726562
vt 0.20328521728515636 0.8057022094726562
vt 0.20328521728515636 0.8408584594726562
vt 0.12125396728515636 0.8408584594726562
vt 0.029296875 0.2451171875
vt 0.041015625 0.2451171875
vt 0.041015625 0.2802734375
vt 0.029296875 0.2802734375
vt 0.181640625 0.7841796875
vt 0.263671875 0.7841796875
vt 0.263671875 0.8193359375
vt 0.181640625 0.8193359375
vt 0.041015625 0.2451171875
vt 0.052734375 0.2451171875
vt 0.052734375 0.2802734375
vt 0.041015625 0.2802734375
vt 0.392578125 0.9248046875
vt 0.310546875 0.9248046875
vt 0.310546875 0.9130859375
vt 0.392578125 0.9130859375
vt 0.392578125 0.9013671875
vt 0.310546875 0.9013671875
vt 0.310546875 0.9130859375
vt 0.392578125 0.9130859375
vn 0 0 -1
vn 1 0 0
vn 0 0 1
vn -1 0 0
vn 0 1 0
vn 0 -1 0
usemtl m_7c4fd87a-d0f1-9ad7-7479-aa72dea38889
f 3441/10321/2581 3442/10322/2581 3443/10323/2581 3444/10324/2581
f 3445/10325/2582 3441/10326/2582 3444/10327/2582 3446/10328/2582
f 3447/10329/2583 3445/10330/2583 3446/10331/2583 3448/10332/2583
f 3442/10333/2584 3447/10334/2584 3448/10335/2584 3443/10336/2584
f 3448/10337/2585 3446/10338/2585 3444/10339/2585 3443/10340/2585
f 3442/10341/2586 3441/10342/2586 3445/10343/2586 3447/10344/2586
o cube
v -2.25 9.75 -0.09375
v -3.5625 9.75 -0.09375
v -3.5625 10.3125 -0.09375
v -2.25 10.3125 -0.09375
v -2.25 9.75 0.09375
v -2.25 10.3125 0.09375
v -3.5625 9.75 0.09375
v -3.5625 10.3125 0.09375
vt 0.35172271728515636 0.21739959716796875
vt 0.43375396728515636 0.21739959716796875
vt 0.43375396728515636 0.25255584716796875
vt 0.35172271728515636 0.25255584716796875
vt 0.052734375 0.2451171875
vt 0.064453125 0.2451171875
vt 0.064453125 0.2802734375
vt 0.052734375 0.2802734375
vt 0.181640625 0.7138671875
vt 0.263671875 0.7138671875
vt 0.263671875 0.7490234375
vt 0.181640625 0.7490234375
vt 0.064453125 0.2451171875
vt 0.076171875 0.2451171875
vt 0.076171875 0.2802734375
vt 0.064453125 0.2802734375
vt 0.392578125 0.9013671875
vt 0.310546875 0.9013671875
vt 0.310546875 0.8896484375
vt 0.392578125 0.8896484375
vt 0.392578125 0.8779296875
vt 0.310546875 0.8779296875
vt 0.310546875 0.8896484375
vt 0.392578125 0.8896484375
vn 0 0 -1
vn 1 0 0
vn 0 0 1
vn -1 0 0
vn 0 1 0
vn 0 -1 0
usemtl m_7c4fd87a-d0f1-9ad7-7479-aa72dea38889
f 3449/10345/2587 3450/10346/2587 3451/10347/2587 3452/10348/2587
f 3453/10349/2588 3449/10350/2588 3452/10351/2588 3454/10352/2588
f 3455/10353/2589 3453/10354/2589 3454/10355/2589 3456/10356/2589
f 3450/10357/2590 3455/10358/2590 3456/10359/2590 3451/10360/2590
f 3456/10361/2591 3454/10362/2591 3452/10363/2591 3451/10364/2591
f 3450/10365/2592 3449/10366/2592 3453/10367/2592 3455/10368/2592
o cube
v -0.75 9.75 -0.09375
v -2.0625 9.75 -0.09375
v -2.0625 10.3125 -0.09375
v -0.75 10.3125 -0.09375
v -0.75 9.75 0.09375
v -0.75 10.3125 0.09375
v -2.0625 9.75 0.09375
v -2.0625 10.3125 0.09375
vt 0.5372695922851564 0.7287063598632812
vt 0.6193008422851564 0.7287063598632812
vt 0.6193008422851564 0.7638626098632812
vt 0.5372695922851564 0.7638626098632812
vt 0.146484375 0.2451171875
vt 0.158203125 0.2451171875
vt 0.158203125 0.2802734375
vt 0.146484375 0.2802734375
vt 0.181640625 0.6435546875
vt 0.263671875 0.6435546875
vt 0.263671875 0.6787109375
vt 0.181640625 0.6787109375
vt 0.158203125 0.2451171875
vt 0.169921875 0.2451171875
vt 0.169921875 0.2802734375
vt 0.158203125 0.2802734375
vt 0.392578125 0.8779296875
vt 0.310546875 0.8779296875
vt 0.310546875 0.8662109375
vt 0.392578125 0.8662109375
vt 0.392578125 0.8544921875
vt 0.310546875 0.8544921875
vt 0.310546875 0.8662109375
vt 0.392578125 0.8662109375
vn 0 0 -1
vn 1 0 0
vn 0 0 1
vn -1 0 0
vn 0 1 0
vn 0 -1 0
usemtl m_7c4fd87a-d0f1-9ad7-7479-aa72dea38889
f 3457/10369/2593 3458/10370/2593 3459/10371/2593 3460/10372/2593
f 3461/10373/2594 3457/10374/2594 3460/10375/2594 3462/10376/2594
f 3463/10377/2595 3461/10378/2595 3462/10379/2595 3464/10380/2595
f 3458/10381/2596 3463/10382/2596 3464/10383/2596 3459/10384/2596
f 3464/10385/2597 3462/10386/2597 3460/10387/2597 3459/10388/2597
f 3458/10389/2598 3457/10390/2598 3461/10391/2598 3463/10392/2598
o cube
v 0 9.75 -0.09375
v -0.5625 9.75 -0.09375
v -0.5625 10.3125 -0.09375
v 0 10.3125 -0.09375
v 0 9.75 0.09375
v 0 10.3125 0.09375
v -0.5625 9.75 0.09375
v -0.5625 10.3125 0.09375
vt 0.5615921020507814 0.04708099365234375
vt 0.5967483520507814 0.04708099365234375
vt 0.5967483520507814 0.08223724365234375
vt 0.5615921020507814 0.08223724365234375
vt 0.169921875 0.2451171875
vt 0.181640625 0.2451171875
vt 0.181640625 0.2802734375
vt 0.169921875 0.2802734375
vt 0.263671875 0.4326171875
vt 0.298828125 0.4326171875
vt 0.298828125 0.4677734375
vt 0.263671875 0.4677734375
vt 0.181640625 0.2451171875
vt 0.193359375 0.2451171875
vt 0.193359375 0.2802734375
vt 0.181640625 0.2802734375
vt 0.392578125 0.6552734375
vt 0.357421875 0.6552734375
vt 0.357421875 0.6435546875
vt 0.392578125 0.6435546875
vt 0.287109375 0.2685546875
vt 0.251953125 0.2685546875
vt 0.251953125 0.2802734375
vt 0.287109375 0.2802734375
vn 0 0 -1
vn 1 0 0
vn 0 0 1
vn -1 0 0
vn 0 1 0
vn 0 -1 0
usemtl m_7c4fd87a-d0f1-9ad7-7479-aa72dea38889
f 3465/10393/2599 3466/10394/2599 3467/10395/2599 3468/10396/2599
f 3469/10397/2600 3465/10398/2600 3468/10399/2600 3470/10400/2600
f 3471/10401/2601 3469/10402/2601 3470/10403/2601 3472/10404/2601
f 3466/10405/2602 3471/10406/2602 3472/10407/2602 3467/10408/2602
f 3472/10409/2603 3470/10410/2603 3468/10411/2603 3467/10412/2603
f 3466/10413/2604 3465/10414/2604 3469/10415/2604 3471/10416/2604
o cube
v -4.5 10.5 -0.09375
v -5.8125 10.5 -0.09375
v -5.8125 11.0625 -0.09375
v -4.5 11.0625 -0.09375
v -4.5 10.5 0.09375
v -4.5 11.0625 0.09375
v -5.8125 10.5 0.09375
v -5.8125 11.0625 0.09375
vt 0.46793365478515636 0.23513031005859375
vt 0.5499649047851564 0.23513031005859375
vt 0.5499649047851564 0.27028656005859375
vt 0.46793365478515636 0.27028656005859375
vt 0.193359375 0.2451171875
vt 0.205078125 0.2451171875
vt 0.205078125 0.2802734375
vt 0.193359375 0.2802734375
vt 0.181640625 0.5732421875
vt 0.263671875 0.5732421875
vt 0.263671875 0.6083984375
vt 0.181640625 0.6083984375
vt 0.287109375 0.2451171875
vt 0.298828125 0.2451171875
vt 0.298828125 0.2802734375
vt 0.287109375 0.2802734375
vt 0.392578125 0.8544921875
vt 0.310546875 0.8544921875
vt 0.310546875 0.8427734375
vt 0.392578125 0.8427734375
vt 0.392578125 0.8310546875
vt 0.310546875 0.8310546875
vt 0.310546875 0.8427734375
vt 0.392578125 0.8427734375
vn 0 0 -1
vn 1 0 0
vn 0 0 1
vn -1 0 0
vn 0 1 0
vn 0 -1 0
usemtl m_7c4fd87a-d0f1-9ad7-7479-aa72dea38889
f 3473/10417/2605 3474/10418/2605 3475/10419/2605 3476/10420/2605
f 3477/10421/2606 3473/10422/2606 3476/10423/2606 3478/10424/2606
f 3479/10425/2607 3477/10426/2607 3478/10427/2607 3480/10428/2607
f 3474/10429/2608 3479/10430/2608 3480/10431/2608 3475/10432/2608
f 3480/10433/2609 3478/10434/2609 3476/10435/2609 3475/10436/2609
f 3474/10437/2610 3473/10438/2610 3477/10439/2610 3479/10440/2610
o cube
v -3 10.5 -0.09375
v -4.3125 10.5 -0.09375
v -4.3125 11.0625 -0.09375
v -3 11.0625 -0.09375
v -3 10.5 0.09375
v -3 11.0625 0.09375
v -4.3125 10.5 0.09375
v -4.3125 11.0625 0.09375
vt 0.46793365478515636 0.09409332275390625
vt 0.5499649047851564 0.09409332275390625
vt 0.5499649047851564 0.12924957275390625
vt 0.46793365478515636 0.12924957275390625
vt 0.298828125 0.2451171875
vt 0.310546875 0.2451171875
vt 0.310546875 0.2802734375
vt 0.298828125 0.2802734375
vt 0.181640625 0.5029296875
vt 0.263671875 0.5029296875
vt 0.263671875 0.5380859375
vt 0.181640625 0.5380859375
vt 0.310546875 0.2451171875
vt 0.322265625 0.2451171875
vt 0.322265625 0.2802734375
vt 0.310546875 0.2802734375
vt 0.392578125 0.8310546875
vt 0.310546875 0.8310546875
vt 0.310546875 0.8193359375
vt 0.392578125 0.8193359375
vt 0.392578125 0.8076171875
vt 0.310546875 0.8076171875
vt 0.310546875 0.8193359375
vt 0.392578125 0.8193359375
vn 0 0 -1
vn 1 0 0
vn 0 0 1
vn -1 0 0
vn 0 1 0
vn 0 -1 0
usemtl m_7c4fd87a-d0f1-9ad7-7479-aa72dea38889
f 3481/10441/2611 3482/10442/2611 3483/10443/2611 3484/10444/2611
f 3485/10445/2612 3481/10446/2612 3484/10447/2612 3486/10448/2612
f 3487/10449/2613 3485/10450/2613 3486/10451/2613 3488/10452/2613
f 3482/10453/2614 3487/10454/2614 3488/10455/2614 3483/10456/2614
f 3488/10457/2615 3486/10458/2615 3484/10459/2615 3483/10460/2615
f 3482/10461/2616 3481/10462/2616 3485/10463/2616 3487/10464/2616
o cube
v -1.5 10.5 -0.09375
v -2.8125 10.5 -0.09375
v -2.8125 11.0625 -0.09375
v -1.5 11.0625 -0.09375
v -1.5 10.5 0.09375
v -1.5 11.0625 0.09375
v -2.8125 10.5 0.09375
v -2.8125 11.0625 0.09375
vt 0.46793365478515636 0.04708099365234375
vt 0.5499649047851564 0.04708099365234375
vt 0.5499649047851564 0.08223724365234375
vt 0.46793365478515636 0.08223724365234375
vt 0.369140625 0.9599609375
vt 0.380859375 0.9599609375
vt 0.380859375 0.9951171875
vt 0.369140625 0.9951171875
vt 0.181640625 0.4326171875
vt 0.263671875 0.4326171875
vt 0.263671875 0.4677734375
vt 0.181640625 0.4677734375
vt 0.369140625 0.9248046875
vt 0.380859375 0.9248046875
vt 0.380859375 0.9599609375
vt 0.369140625 0.9599609375
vt 0.392578125 0.8076171875
vt 0.310546875 0.8076171875
vt 0.310546875 0.7958984375
vt 0.392578125 0.7958984375
vt 0.392578125 0.7841796875
vt 0.310546875 0.7841796875
vt 0.310546875 0.7958984375
vt 0.392578125 0.7958984375
vn 0 0 -1
vn 1 0 0
vn 0 0 1
vn -1 0 0
vn 0 1 0
vn 0 -1 0
usemtl m_7c4fd87a-d0f1-9ad7-7479-aa72dea38889
f 3489/10465/2617 3490/10466/2617 3491/10467/2617 3492/10468/2617
f 3493/10469/2618 3489/10470/2618 3492/10471/2618 3494/10472/2618
f 3495/10473/2619 3493/10474/2619 3494/10475/2619 3496/10476/2619
f 3490/10477/2620 3495/10478/2620 3496/10479/2620 3491/10480/2620
f 3496/10481/2621 3494/10482/2621 3492/10483/2621 3491/10484/2621
f 3490/10485/2622 3489/10486/2622 3493/10487/2622 3495/10488/2622
o cube
v 0 10.5 -0.09375
v -1.3125 10.5 -0.09375
v -1.3125 11.0625 -0.09375
v 0 11.0625 -0.09375
v 0 10.5 0.09375
v 0 11.0625 0.09375
v -1.3125 10.5 0.09375
v -1.3125 11.0625 0.09375
vt 0.401592254638672 0.04708099365234375
vt 0.483623504638672 0.04708099365234375
vt 0.483623504638672 0.08223724365234375
vt 0.401592254638672 0.08223724365234375
vt 0.369140625 0.6552734375
vt 0.380859375 0.6552734375
vt 0.380859375 0.6904296875
vt 0.369140625 0.6904296875
vt 0.099609375 0.3974609375
vt 0.181640625 0.3974609375
vt 0.181640625 0.4326171875
vt 0.099609375 0.4326171875
vt 0.369140625 0.3271484375
vt 0.380859375 0.3271484375
vt 0.380859375 0.3623046875
vt 0.369140625 0.3623046875
vt 0.392578125 0.7841796875
vt 0.310546875 0.7841796875
vt 0.310546875 0.7724609375
vt 0.392578125 0.7724609375
vt 0.392578125 0.7607421875
vt 0.310546875 0.7607421875
vt 0.310546875 0.7724609375
vt 0.392578125 0.7724609375
vn 0 0 -1
vn 1 0 0
vn 0 0 1
vn -1 0 0
vn 0 1 0
vn 0 -1 0
usemtl m_7c4fd87a-d0f1-9ad7-7479-aa72dea38889
f 3497/10489/2623 3498/10490/2623 3499/10491/2623 3500/10492/2623
f 3501/10493/2624 3497/10494/2624 3500/10495/2624 3502/10496/2624
f 3503/10497/2625 3501/10498/2625 3502/10499/2625 3504/10500/2625
f 3498/10501/2626 3503/10502/2626 3504/10503/2626 3499/10504/2626
f 3504/10505/2627 3502/10506/2627 3500/10507/2627 3499/10508/2627
f 3498/10509/2628 3497/10510/2628 3501/10511/2628 3503/10512/2628
o cube
v -5.25 11.25 -0.09375
v -6 11.25 -0.09375
v -6 11.8125 -0.09375
v -5.25 11.8125 -0.09375
v -5.25 11.25 0.09375
v -5.25 11.8125 0.09375
v -6 11.25 0.09375
v -6 11.8125 0.09375
vt 0.5381774902343751 0.37616729736328125
vt 0.5850524902343751 0.37616729736328125
vt 0.5850524902343751 0.41132354736328125
vt 0.5381774902343751 0.41132354736328125
vt 0.369140625 0.2919921875
vt 0.380859375 0.2919921875
vt 0.380859375 0.3271484375
vt 0.369140625 0.3271484375
vt 0.263671875 0.6435546875
vt 0.310546875 0.6435546875
vt 0.310546875 0.6787109375
vt 0.263671875 0.6787109375
vt 0.369140625 0.2568359375
vt 0.380859375 0.2568359375
vt 0.380859375 0.2919921875
vt 0.369140625 0.2919921875
vt 0.158203125 0.3271484375
vt 0.111328125 0.3271484375
vt 0.111328125 0.3154296875
vt 0.158203125 0.3154296875
vt 0.205078125 0.3154296875
vt 0.158203125 0.3154296875
vt 0.158203125 0.3271484375
vt 0.205078125 0.3271484375
vn 0 0 -1
vn 1 0 0
vn 0 0 1
vn -1 0 0
vn 0 1 0
vn 0 -1 0
usemtl m_7c4fd87a-d0f1-9ad7-7479-aa72dea38889
f 3505/10513/2629 3506/10514/2629 3507/10515/2629 3508/10516/2629
f 3509/10517/2630 3505/10518/2630 3508/10519/2630 3510/10520/2630
f 3511/10521/2631 3509/10522/2631 3510/10523/2631 3512/10524/2631
f 3506/10525/2632 3511/10526/2632 3512/10527/2632 3507/10528/2632
f 3512/10529/2633 3510/10530/2633 3508/10531/2633 3507/10532/2633
f 3506/10533/2634 3505/10534/2634 3509/10535/2634 3511/10536/2634
o cube
v -3.75 11.25 -0.09375
v -5.0625 11.25 -0.09375
v -5.0625 11.8125 -0.09375
v -3.75 11.8125 -0.09375
v -3.75 11.25 0.09375
v -3.75 11.8125 0.09375
v -5.0625 11.25 0.09375
v -5.0625 11.8125 0.09375
vt 0.46793365478515636 0.04708099365234375
vt 0.5499649047851564 0.04708099365234375
vt 0.5499649047851564 0.08223724365234375
vt 0.46793365478515636 0.08223724365234375
vt 0.076171875 0.2333984375
vt 0.087890625 0.2333984375
vt 0.087890625 0.2685546875
vt 0.076171875 0.2685546875
vt 0.017578125 0.3623046875
vt 0.099609375 0.3623046875
vt 0.099609375 0.3974609375
vt 0.017578125 0.3974609375
vt 0.087890625 0.2333984375
vt 0.099609375 0.2333984375
vt 0.099609375 0.2685546875
vt 0.087890625 0.2685546875
vt 0.392578125 0.7607421875
vt 0.310546875 0.7607421875
vt 0.310546875 0.7490234375
vt 0.392578125 0.7490234375
vt 0.392578125 0.7373046875
vt 0.310546875 0.7373046875
vt 0.310546875 0.7490234375
vt 0.392578125 0.7490234375
vn 0 0 -1
vn 1 0 0
vn 0 0 1
vn -1 0 0
vn 0 1 0
vn 0 -1 0
usemtl m_7c4fd87a-d0f1-9ad7-7479-aa72dea38889
f 3513/10537/2635 3514/10538/2635 3515/10539/2635 3516/10540/2635
f 3517/10541/2636 3513/10542/2636 3516/10543/2636 3518/10544/2636
f 3519/10545/2637 3517/10546/2637 3518/10547/2637 3520/10548/2637
f 3514/10549/2638 3519/10550/2638 3520/10551/2638 3515/10552/2638
f 3520/10553/2639 3518/10554/2639 3516/10555/2639 3515/10556/2639
f 3514/10557/2640 3513/10558/2640 3517/10559/2640 3519/10560/2640
o cube
v -2.25 11.25 -0.09375
v -3.5625 11.25 -0.09375
v -3.5625 11.8125 -0.09375
v -2.25 11.8125 -0.09375
v -2.25 11.25 0.09375
v -2.25 11.8125 0.09375
v -3.5625 11.25 0.09375
v -3.5625 11.8125 0.09375
vt 0.46793365478515636 0.04708099365234375
vt 0.5499649047851564 0.04708099365234375
vt 0.5499649047851564 0.08223724365234375
vt 0.46793365478515636 0.08223724365234375
vt 0.099609375 0.2333984375
vt 0.111328125 0.2333984375
vt 0.111328125 0.2685546875
vt 0.099609375 0.2685546875
vt 0.181640625 0.3623046875
vt 0.263671875 0.3623046875
vt 0.263671875 0.3974609375
vt 0.181640625 0.3974609375
vt 0.111328125 0.2333984375
vt 0.123046875 0.2333984375
vt 0.123046875 0.2685546875
vt 0.111328125 0.2685546875
vt 0.392578125 0.7373046875
vt 0.310546875 0.7373046875
vt 0.310546875 0.7255859375
vt 0.392578125 0.7255859375
vt 0.392578125 0.7138671875
vt 0.310546875 0.7138671875
vt 0.310546875 0.7255859375
vt 0.392578125 0.7255859375
vn 0 0 -1
vn 1 0 0
vn 0 0 1
vn -1 0 0
vn 0 1 0
vn 0 -1 0
usemtl m_7c4fd87a-d0f1-9ad7-7479-aa72dea38889
f 3521/10561/2641 3522/10562/2641 3523/10563/2641 3524/10564/2641
f 3525/10565/2642 3521/10566/2642 3524/10567/2642 3526/10568/2642
f 3527/10569/2643 3525/10570/2643 3526/10571/2643 3528/10572/2643
f 3522/10573/2644 3527/10574/2644 3528/10575/2644 3523/10576/2644
f 3528/10577/2645 3526/10578/2645 3524/10579/2645 3523/10580/2645
f 3522/10581/2646 3521/10582/2646 3525/10583/2646 3527/10584/2646
o cube
v -0.75 11.25 -0.09375
v -2.0625 11.25 -0.09375
v -2.0625 11.8125 -0.09375
v -0.75 11.8125 -0.09375
v -0.75 11.25 0.09375
v -0.75 11.8125 0.09375
v -2.0625 11.25 0.09375
v -2.0625 11.8125 0.09375
vt 0.46793365478515636 0.9403152465820312
vt 0.5499649047851564 0.9403152465820312
vt 0.5499649047851564 0.9754714965820312
vt 0.46793365478515636 0.9754714965820312
vt 0.123046875 0.2333984375
vt 0.134765625 0.2333984375
vt 0.134765625 0.2685546875
vt 0.123046875 0.2685546875
vt 0.263671875 0.9248046875
vt 0.345703125 0.9248046875
vt 0.345703125 0.9599609375
vt 0.263671875 0.9599609375
vt 0.134765625 0.2333984375
vt 0.146484375 0.2333984375
vt 0.146484375 0.2685546875
vt 0.134765625 0.2685546875
vt 0.392578125 0.7138671875
vt 0.310546875 0.7138671875
vt 0.310546875 0.7021484375
vt 0.392578125 0.7021484375
vt 0.392578125 0.6904296875
vt 0.310546875 0.6904296875
vt 0.310546875 0.7021484375
vt 0.392578125 0.7021484375
vn 0 0 -1
vn 1 0 0
vn 0 0 1
vn -1 0 0
vn 0 1 0
vn 0 -1 0
usemtl m_7c4fd87a-d0f1-9ad7-7479-aa72dea38889
f 3529/10585/2647 3530/10586/2647 3531/10587/2647 3532/10588/2647
f 3533/10589/2648 3529/10590/2648 3532/10591/2648 3534/10592/2648
f 3535/10593/2649 3533/10594/2649 3534/10595/2649 3536/10596/2649
f 3530/10597/2650 3535/10598/2650 3536/10599/2650 3531/10600/2650
f 3536/10601/2651 3534/10602/2651 3532/10603/2651 3531/10604/2651
f 3530/10605/2652 3529/10606/2652 3533/10607/2652 3535/10608/2652
o cube
v 0 11.25 -0.09375
v -0.5625 11.25 -0.09375
v -0.5625 11.8125 -0.09375
v 0 11.8125 -0.09375
v 0 11.25 0.09375
v 0 11.8125 0.09375
v -0.5625 11.25 0.09375
v -0.5625 11.8125 0.09375
vt 0.5615921020507814 0.04708099365234375
vt 0.5967483520507814 0.04708099365234375
vt 0.5967483520507814 0.08223724365234375
vt 0.5615921020507814 0.08223724365234375
vt 0.251953125 0.2333984375
vt 0.263671875 0.2333984375
vt 0.263671875 0.2685546875
vt 0.251953125 0.2685546875
vt 0.263671875 0.3623046875
vt 0.298828125 0.3623046875
vt 0.298828125 0.3974609375
vt 0.263671875 0.3974609375
vt 0.263671875 0.2333984375
vt 0.275390625 0.2333984375
vt 0.275390625 0.2685546875
vt 0.263671875 0.2685546875
vt 0.416015625 0.9951171875
vt 0.380859375 0.9951171875
vt 0.380859375 0.9833984375
vt 0.416015625 0.9833984375
vt 0.416015625 0.9716796875
vt 0.380859375 0.9716796875
vt 0.380859375 0.9833984375
vt 0.416015625 0.9833984375
vn 0 0 -1
vn 1 0 0
vn 0 0 1
vn -1 0 0
vn 0 1 0
vn 0 -1 0
usemtl m_7c4fd87a-d0f1-9ad7-7479-aa72dea38889
f 3537/10609/2653 3538/10610/2653 3539/10611/2653 3540/10612/2653
f 3541/10613/2654 3537/10614/2654 3540/10615/2654 3542/10616/2654
f 3543/10617/2655 3541/10618/2655 3542/10619/2655 3544/10620/2655
f 3538/10621/2656 3543/10622/2656 3544/10623/2656 3539/10624/2656
f 3544/10625/2657 3542/10626/2657 3540/10627/2657 3539/10628/2657
f 3538/10629/2658 3537/10630/2658 3541/10631/2658 3543/10632/2658
o cube
v 0 6 0
v -6 6 0
v -6 12 0
v 0 12 0
v 0 6 0.15625
v 0 12 0.15625
v -6 6 0.15625
v -6 12 0.15625
vt 0 0.625
vt 0.375 0.625
vt 0.375 1
vt 0 1
vt 0.375 0.625
vt 0.384765625 0.625
vt 0.384765625 1
vt 0.375 1
vt 0 0.625
vt 0.375 0.625
vt 0.375 1
vt 0 1
vt 0.375 0.25
vt 0.384765625 0.25
vt 0.384765625 0.625
vt 0.375 0.625
vt 0.759765625 1
vt 0.384765625 1
vt 0.384765625 0.990234375
vt 0.759765625 0.990234375
vt 0.759765625 0.98046875
vt 0.384765625 0.98046875
vt 0.384765625 0.990234375
vt 0.759765625 0.990234375
vn 0 0 -1
vn 1 0 0
vn 0 0 1
vn -1 0 0
vn 0 1 0
vn 0 -1 0
usemtl m_7c4fd87a-d0f1-9ad7-7479-aa72dea38889
f 3545/10633/2659 3546/10634/2659 3547/10635/2659 3548/10636/2659
f 3549/10637/2660 3545/10638/2660 3548/10639/2660 3550/10640/2660
f 3551/10641/2661 3549/10642/2661 3550/10643/2661 3552/10644/2661
f 3546/10645/2662 3551/10646/2662 3552/10647/2662 3547/10648/2662
f 3552/10649/2663 3550/10650/2663 3548/10651/2663 3547/10652/2663
f 3546/10653/2664 3545/10654/2664 3549/10655/2664 3551/10656/2664